Wallet No,Merchant Name,MAO Name,Sub Pillar,ISD/OSD?,Wallet Type,Rate,Lead Type,District,Address,Registration Date,Sub-Category,Registration Month,Jan'26 PC,Jan'26 PA,Jan'26 CC,Avg. Ticket Size Jan,Feb'26 PC,Feb'26 PA,Feb'26 CC,Avg. Ticket Size Feb,Mar'26 PC,Mar'26 PA,Mar'26 CC,Avg. Ticket Size March,Apr'26 PC,Apr'26 PA,Apr'26 CC,Avg. Ticket Size April,May'26 PC,May'26 PA,May'26 CC,June'26 PC,June'26 PA,June'26 CC,Jul'26 PC,Jul'26 PA,Jul'26 CC,AugPC,AugPA,Aug CC,Aug Active,Avg. Ticket Size,July to Aug Growth,Dormant Months Count (Jan to Aug),Audit Flag
1325274462,Herblife Nutrition Limited,Md. Meraj Ali Akash,Online Payments,ISD,Lite A,1.15%,Merchant Referral,DHAKA,"Bolosota, Shakta, Keraniganj Model, Keraniganj Dhaka-1310",9/9/2025,Department Store,9,23,"22,490",21,978,0,0,0,N/A,1,1,1,1,0,0,0,N/A,0,0,0,0,0,0,0,0,0,3,"1,202",3,Active,400.6666667,New,1,Sudden Reactivation - Review
1511682692,Jagoron Centre fro Development,Md. Meraj Ali Akash,Education,ISD,M+,1.50%,Pitch/Own Source,DHAKA,"House-16, Road-03, Sector-07, Uttara, Dhaka-1230",1/4/2026,Coaching Center,1,3,"1,500",3,500,0,0,0,N/A,1,100,1,100,0,0,0,N/A,0,0,0,0,0,0,0,0,0,14,"21,087",10,Active,1506.214286,New,5,High Dormancy - Review
1334930481,Herblife nutrition Limited,Md. Meraj Ali Akash,KA,ISD,MMBO,1.15%,Pitch/Own Source,DHAKA,"House 13, Road 7, Shekher Tek, Adabor, Mohammoadpur, Dhaka 1207",1/5/2026,Superstore Chain,1,41,"21,855",35,533,44,"31,820",40,723,36,"20,611",32,573,50,"48,260",41,965,61,"40,748",40,46,"33,235",41,49,"29,575",38,58,"47,510",48,Active,819.137931,60.64%,5,High Dormancy - Review
1334930482,Herblife nutrition Limited,Md. Meraj Ali Akash,KA,ISD,MMBO,1.15%,Pitch/Own Source,DHAKA,"House No 16, Road 2, Sector 3, Uttara Dhaka 1230",1/5/2026,Superstore Chain,1,17,"13,066",11,769,11,"7,100",11,645,21,"16,860",17,803,20,"10,150",16,508,21,"10,315",18,27,"11,890",24,13,"10,080",13,14,"10,890",10,Active,777.8571429,8.04%,2,Monitor
1901025688,s s karim and brothers (Kamae),Md. Ashraful Islam,Online Payments,ISD,Lite A,1.29%,CIMT,DHAKA,"H-79, Do-7, Bir Uttam Ziaur Rahman Sharak, Banani, Dhaka-1213",1/6/2026,E-Commerce,1,118,"436,360",101,"3,698",268,"874,477",227,"3,263",214,"740,932",194,"3,462",442,"1,368,693",349,"3,097",399,"1,283,124",339,358,"1,328,319",307,416,"1,393,964",334,509,"1,637,927",379,Active,3217.931238,17.50%,0,Healthy/Active
1721212467,Travella,Md. Ashraful Islam,Travel & Tourism,ISD,Lite A,1.29%,Pitch/Own Source,DHAKA,"98 RAJABAZAR SHER E BANGLA NAGAR, DHANMONDI, SHER E BANGLA NAGAR, DHAKA",1/6/2026,Online,1,3,"1,050",3,350,0,0,0,N/A,4,"161,000",3,"40,250",6,"190,002",3,"31,667",6,"105,002",3,6,"296,001",3,7,"230,032",3,7,"350,002",3,Active,50000.28571,52.15%,1,Monitor
1958385951,Welburg,Md. Meraj Ali Akash,KA,ISD,MMBO,1.15%,Merchant Referral,DHAKA,"Meena Bazar, Chandrima Model Town, Mohammadpur, Dhaka-1207",1/6/2026,Home Accessories,1,81,"117,699",75,"1,453",77,"94,982",71,"1,234",98,"71,340",92,728,88,"101,692",83,"1,156",89,"96,969",81,80,"55,966",75,127,"138,903",116,79,"74,137",71,Active,938.443038,-46.63%,0,Healthy/Active
1973100392,Smart Collection,Shahriar Shamim,KA,ISD,M+,1.15%,Pitch/Own Source,DHAKA,"3 No Poschim Tejturi Bazar, Level-6, Block-C, Dokan No-41, Bashundhara City Shopping Mall, Panthopath, Tejgaon, Dhaka-1215",1/6/2026,Footwear,1,19,"44,938",19,"2,365",21,"67,309",19,"3,205",58,"135,472",54,"2,336",0,0,0,N/A,9,"57,614",7,13,"24,153",12,18,"33,090",17,21,"45,169",18,Active,2150.904762,36.50%,0,Healthy/Active
1958385961,Welburg,Md. Meraj Ali Akash,KA,ISD,MMBO,1.15%,Pitch/Own Source,DHAKA,"31/11, Tajmohol Raod, Mohammadpur, Dhaka-1207",1/6/2026,Home Accessories,1,260,"359,050",241,"1,381",0,0,0,N/A,0,0,0,N/A,0,0,0,N/A,0,0,0,0,0,0,3,"4,752",3,22,"12,422",21,Active,564.6363636,161.41%,5,High Dormancy - Review
1828832507,App Store,Md. Meraj Ali Akash,KA,OSD,M+,1.15%,Pitch/Own Source,NOAKHALI,"Holding No- 48/1, Dokan No 58, 5Th Floor, Noakhali Supar Market, Maizdi Sadar, Noakhali Sadar, Noakhali-3800",1/6/2026,Mobile & Gadget,1,0,0,0,N/A,0,0,0,N/A,0,0,0,N/A,1,250,1,250,1,1,1,0,0,0,0,0,0,0,0,0,Zero Transacting,N/A,New,3,Monitor
1827778245,Velamore,Shahriar Shamim,Online Payments,ISD,Lite A,1.29%,CIMT,DHAKA,"HOLDING-01/A/2, RING ROAD, SHAMOLY ADABOR, DHAKA",1/6/2026,E-Commerce,1,6,"9,900",5,"1,650",0,0,0,N/A,3,"1,100",3,367,3,"5,002",3,"1,667",3,"7,001",2,1,"1,000",1,1,"9,000",1,0,0,0,Zero Transacting,N/A,-100.00%,7,High Dormancy - Review
1635347390,HK LIFESTYLE,Shahriar Shamim,KA,ISD,M+,1.15%,Pitch/Own Source,DHAKA,"Jamuna Future Park, Level-3, Center Court Zone-A, Shop Number-026A, Vatara, Dhaka-1229",1/8/2026,Footwear,1,15,"72,103",15,"4,807",24,"110,902",22,"4,621",73,"270,471",69,"3,705",19,"77,048",17,"4,055",43,"168,237",35,40,"220,420",38,68,"271,328",60,60,"269,125",57,Active,4485.416667,-0.81%,0,Healthy/Active
1307038528,Ambition Footabll and Futsal Academy Bangladesh Limited,Md. Ashraful Islam,Education,ISD,M+,1.50%,Pitch/Own Source,DHAKA,"CB-206/2, rahman bhaban, kachukhet puran bazar, DHAKA CANTT, DHAKA-1206",1/8/2026,Coaching Center,1,7,"35,010",7,"5,001",3,"6,005",3,"2,002",0,0,0,N/A,3,"15,000",3,"5,000",5,"25,000",5,7,"38,000",7,13,"67,061",11,14,"88,000",14,Active,6285.714286,31.22%,0,Healthy/Active
1799949600,Trendy Buzz,Md. Sazzad Hossain Sojan,Online Payments,ISD,Lite A,1.29%,CIMT,DHAKA,"134, Dr Kudrot E Khuda Road, New Market, Dhaka-1205",1/8/2026,E-Commerce,1,44,"37,560",42,854,30,"30,950",29,"1,032",25,"28,180",25,"1,127",42,"35,870",38,854,35,"31,830",33,32,"26,836",31,41,"51,550",40,47,"47,568",46,Active,1012.085106,-7.72%,0,Healthy/Active
1410793969,Flamme,Md. Sazzad Hossain Sojan,KA,ISD,M+,1.15%,Pitch/Own Source,DHAKA,"C-52, Road-04, Mohanagar Project, Hatirjhil, Rampura, Dhaka-1219",1/8/2026,Restaurant & Cafe,1,13,"9,036",11,695,3,"1,887",2,629,14,"6,554",11,468,17,"8,617",15,507,21,"7,029",17,33,"20,216",23,43,"20,144",31,31,"14,148",28,Active,456.3870968,-29.77%,1,Monitor
1716283347,Rising sun model school,Talha Yusuf,Education,OSD,M+,1.30%,Pitch/Own Source,LALMONIRHAT,"Gorol, Kaliganj, Lalmonirhat-5520",1/8/2026,National Curriculum-Private,1,0,0,0,N/A,0,0,0,N/A,0,0,0,N/A,3,"35,301",3,"11,767",0,0,0,0,0,0,0,0,0,1,1,1,Amber,1,New,6,High Dormancy - Review
1629108672,ASF Pharma,Md. Sazzad Hossain Sojan,KA,ISD,M+,1.15%,Pitch/Own Source,DHAKA,"124/5, Bosila, West Dhanmondi Housing, Mohammadpur, Dhaka-1207",1/8/2026,Pharmacy,1,3,"1,000",3,333,1,150,1,150,4,773,4,193,9,"2,258",8,251,0,0,0,0,0,0,0,0,0,0,0,0,Zero Transacting,N/A,New,2,Monitor
1717511760,Islami Dawah institute,Md. Sazzad Hossain Sojan,Education,ISD,Pay Bill,1.50%,Pitch/Own Source,LALMONIRHAT,"Tushvandar, Kaliganj, Lalmonirhat-5500",1/8/2026,National Curriculum-Private,1,0,0,0,N/A,0,0,0,N/A,0,0,0,N/A,0,0,0,N/A,0,0,0,0,0,0,0,0,0,0,0,0,Zero Transacting,N/A,New,5,High Dormancy - Review
1712133889,Comforthat Enterprise,Shahriar Shamim,Online Payments,ISD,Lite A,1.29%,CIMT,DHAKA,SECTION 11 BLOCK A MAIN ROAD PLOT 10 PALLABI MIRPUR DHAKA 1216,1/11/2026,E-Commerce,1,67,"76,160",67,"1,137",109,"183,370",106,"1,682",113,"163,420",108,"1,446",105,"198,760",98,"1,893",105,"225,701",99,111,"190,990",105,102,"241,270",88,93,"268,070",83,Active,2882.473118,11.11%,0,Healthy/Active
1934472047,Bloomsberry,Md. Meraj Ali Akash,KA,ISD,M+,1.15%,Pitch/Own Source,DHAKA,"75, Satmosjid Road, Concord Sohel Square, Dhanmondi, Dhaka-1209",1/11/2026,Restaurant & Cafe,1,112,"96,188",105,859,133,"125,482",110,943,381,"368,485",344,967,68,"45,311",58,666,77,"44,596",61,126,"79,387",87,149,"86,090",105,148,"82,122",107,Active,554.8783784,-4.61%,0,Healthy/Active
1811852485,Big S by sharmin,Md. Sazzad Hossain Sojan,KA,ISD,M+,1.15%,Pitch/Own Source,DHAKA,"Shop No-21-22, Level-5, Block-C, Bashundhara City Complex, Panthapath, Tejgaon, Dhaka-1215",1/11/2026,Apparel Standalone,1,43,"57,330",41,"1,333",25,"50,550",23,"2,022",36,"141,750",35,"3,938",11,"30,210",11,"2,746",11,"24,510",11,21,"36,731",20,26,"54,670",26,29,"61,200",28,Active,2110.344828,11.94%,5,High Dormancy - Review
1600330130,Clove Chocolate,Md. Meraj Ali Akash,Online Payments,ISD,Lite A,1.29%,Pitch/Own Source,DHAKA,"2/A, Ba Plot-82, 83, Zoo Road, Mirpur, Dhaka-1216",1/11/2026,E-Commerce,1,22,"15,785",21,718,86,"104,194",77,"1,212",44,"121,424",40,"2,760",29,"20,039",25,691,22,"12,270",21,0,0,0,55,"36,735",51,57,"47,875",51,Active,839.9122807,30.33%,6,High Dormancy - Review
1898753672,Dhanmondi Beauty hub,Md. Meraj Ali Akash,KA,ISD,M+,1.15%,Pitch/Own Source,DHAKA,"House-321, Road-8A, Dhanmondi-15, Dhaka-1209",1/11/2026,Personal Care,1,0,0,0,N/A,0,0,0,N/A,0,0,0,N/A,1,350,1,350,0,0,0,0,0,0,0,0,0,0,0,0,Zero Transacting,N/A,New,2,Monitor
1335374437,Dreamfly Consultancy,Md. Meraj Ali Akash,Travel & Tourism,ISD,Lite A,1.29%,CIMT,DHAKA,"House 94, 8Th Floor, Road-10, Block-D, Niketon, Gulshan, Dhaka-1212",1/11/2026,Offline,1,3,"24,800",3,"8,267",1,"1,000",1,"1,000",3,"5,002",3,"1,667",0,0,0,N/A,3,"10,201",3,1,"5,000",1,3,"15,002",3,0,0,0,Zero Transacting,N/A,-100.00%,2,Monitor
1601479004,Nice Plus,Md. Meraj Ali Akash,KA,ISD,M+,1.15%,Pitch/Own Source,DHAKA,"Dokan-416, 417, 4Th Floor, F S Squier, Mirpur-10, Dhaka-1216",1/11/2026,Apparel Standalone,1,11,"25,120",10,"2,284",4,"9,360",3,"2,340",0,0,0,N/A,0,0,0,N/A,0,0,0,0,0,0,0,0,0,0,0,0,Zero Transacting,N/A,New,0,Healthy/Active
1805033160,Embark Visa Express,Md. Meraj Ali Akash,Travel & Tourism,ISD,Lite A,1.29%,CIMT,DHAKA,"Bari No 10/Gha, Road No 02, Shamoly, Adabor, Dhaka 1207",1/12/2026,Offline,1,9,"53,960",8,"5,996",20,"179,965",17,"8,998",6,"78,301",5,"13,050",9,"51,490",8,"5,721",8,"43,510",8,12,"70,760",12,17,"255,880",12,9,"93,865",8,Active,10429.44444,-63.32%,0,Healthy/Active
1711751541,Kahf Bangladesh ltd,Md. Meraj Ali Akash,Online Payments,ISD,M+,2%,Merchant Referral,DHAKA,"House No-1110, Level-3, Road-9A, Avenue 8 Mirpur Dohs Pallabi Dhaka-1216",1/12/2026,Content,1,46,"8,980",46,195,9,"4,045",9,449,51,"7,661",35,150,8,"4,298",8,537,69,"33,565",62,63,"15,515",57,77,"20,706",67,154,"38,829",108,Active,252.1363636,87.53%,2,Monitor
1580801444,Dhaka Telecom,Md. Meraj Ali Akash,KA,ISD,M+,1.15%,Pitch/Own Source,DHAKA,"Shop-100 1St Floor Bikrampur Plaza, Jurain Dhaka-1204",1/12/2026,Mobile & Gadget,1,1,100,1,100,1,22,1,22,0,0,0,N/A,0,0,0,N/A,0,0,0,0,0,0,3,"50,627",3,0,0,0,Zero Transacting,N/A,-100.00%,0,Healthy/Active
1303112211,Trend Furniture,Md. Ashraful Islam,KA,ISD,M+,1.15%,Pitch/Own Source,DHAKA,"Dag-1289, Koborsthan Road, Satarkul, Badda, Dhaka-1212",1/12/2026,Home Accessories,1,0,0,0,N/A,3,"3,002",3,"1,001",0,0,0,N/A,0,0,0,N/A,0,0,0,0,0,0,0,0,0,0,0,0,Zero Transacting,N/A,New,4,Monitor
1617201808,Antidote,Md. Ashraful Islam,Education,ISD,M+,1.29%,Pitch/Own Source,DHAKA,"328/1, East Kazipara, Kafrul, Dhaka-1216",1/13/2026,Coaching Center,1,0,0,0,N/A,0,0,0,N/A,1,1,1,1,325,"175,123",281,539,276,"159,383",247,411,"240,359",377,694,"412,100",618,596,"349,180",499,Active,585.8724832,-15.27%,6,High Dormancy - Review
1810192985,Olympia Bakery & Confectionery Ltd.,Md. Sazzad Hossain Sojan,KA,ISD,MMBO,1.15%,Pitch/Own Source,DHAKA,78 Motijheel C/A Dhaka-100,1/13/2026,Bakery & Sweets,1,0,0,0,N/A,0,0,0,N/A,20,"14,601",18,730,16,"7,110",15,444,1,1,1,39,"20,890",37,200,"99,123",175,286,"123,480",245,Active,431.7482517,24.57%,0,Healthy/Active
1810192990,Olympia Bakery & Confectionery Ltd.,Md. Sazzad Hossain Sojan,KA,ISD,MMBO,1.15%,Pitch/Own Source,DHAKA,56 Kemal Ataturk Ave Dhaka Gulshan-1212,1/13/2026,Bakery & Sweets,1,66,"32,693",56,495,64,"37,885",56,592,78,"70,637",70,906,120,"66,606",100,555,143,"82,588",118,135,"74,010",112,192,"126,726",138,154,"89,767",123,Active,582.9025974,-29.16%,1,Monitor
1810192982,Olympia Bakery & Confectionery Ltd.,Md. Sazzad Hossain Sojan,KA,ISD,MMBO,1.15%,Pitch/Own Source,DHAKA,"House No-02, Road Number 13, Sobahanbag Dhanmondi Dhaka-1209",1/13/2026,Bakery & Sweets,1,59,"28,355",49,481,95,"44,340",77,467,96,"57,281",81,597,161,"64,365",121,400,218,"77,431",160,150,"68,476",113,170,"77,820",136,152,"69,142",119,Active,454.8815789,-11.15%,4,Monitor
1810192984,Olympia Bakery & Confectionery Ltd.,Md. Sazzad Hossain Sojan,KA,ISD,MMBO,1.15%,Pitch/Own Source,DHAKA,17 No Mohammadia Housing Mohammadpur Dhaka-1207,1/13/2026,Bakery & Sweets,1,1,220,1,220,23,"15,923",20,692,11,"7,226",10,657,0,0,0,N/A,0,0,0,6,"1,335",6,28,"13,450",27,47,"16,025",44,Active,340.9574468,19.14%,4,Monitor
1707929390,Robin Mobile servicing center,Md. Sazzad Hossain Sojan,KA,OSD,M+,1.15%,Pitch/Own Source,CHITTAGONG,"Village-Km Plaza, Road-Dt Road, Holding No-239, Ward No-07, Hathazari, Chittagong-4330",1/13/2026,Mobile & Gadget,1,8,"11,400",8,"1,425",5,"14,460",5,"2,892",8,"22,540",8,"2,818",9,"12,250",9,"1,361",9,"11,640",9,8,"9,210",8,13,"12,160",13,5,"7,057",5,Active,1411.4,-41.97%,0,Healthy/Active
1928077483,Muscat Holiday Resort Ltd.,Shahriar Shamim,Travel & Tourism,ISD,Lite A,1.29%,Pitch/Own Source,COXS BAZAR,"Soikot Abasik Elaka, Kolatoli, Coxsbazar Sadar, Coxsbazar 4700",1/13/2026,Offline,1,0,0,0,N/A,0,0,0,N/A,3,"1,200",3,400,3,"1,020",3,340,4,"1,010",3,0,0,0,0,0,0,0,0,0,Zero Transacting,N/A,New,0,Healthy/Active
1810192996,Olympia Bakery & Confectionery Ltd.,Md. Sazzad Hossain Sojan,KA,ISD,MMBO,1.15%,Pitch/Own Source,DHAKA,204 New Market 2 No Gate Dhaka-1205,1/13/2026,Bakery & Sweets,1,3,"3,060",3,"1,020",0,0,0,N/A,0,0,0,N/A,0,0,0,N/A,0,0,0,0,0,0,0,0,0,0,0,0,Zero Transacting,N/A,New,0,Healthy/Active
1805990902,Jheel maestria,Md. Meraj Ali Akash,KA,ISD,M+,1.15%,Pitch/Own Source,DHAKA,"208/1, Tejgaon I/A, Dhaka-1208",1/14/2026,Restaurant & Cafe,1,4,"4,598",4,"1,150",30,"53,948",28,"1,798",86,"186,430",83,"2,168",59,"143,537",55,"2,433",64,"150,525",63,54,"141,991",53,54,"110,245",51,57,"172,984",52,Active,3034.807018,56.91%,0,Healthy/Active
1842161116,alhamdulillah Telecom,Md. Sazzad Hossain Sojan,KA,OSD,M+,1.15%,Merchant Referral,MUNSHIGANJ,"Hatimara Mokka Modina Super Market, Word No-09, Rampal, Munshiganj Sadar, Munshiganj-1500",1/14/2026,Mobile & Gadget,1,5,"5,750",4,"1,150",3,"3,391",3,"1,130",0,0,0,N/A,3,"2,802",3,934,1,"28,336",1,3,"20,252",3,0,0,0,3,"7,262",3,Active,2420.666667,New,0,Sudden Reactivation - Review
1319350390,Meetpure Bangladesh,Md. Meraj Ali Akash,Travel & Tourism,ISD,Lite A,1.29%,Pitch/Own Source,DHAKA,"Bari No-15/1-2 Bashantek Tower, Dewanpara Road, Bhasantek Dhaka Cantonment Dhaka-1206",1/14/2026,Online,1,3,"3,500",3,"1,167",3,"2,645",1,882,3,"1,757",3,586,0,0,0,N/A,0,0,0,0,0,0,0,0,0,0,0,0,Zero Transacting,N/A,New,0,Healthy/Active
1736534910,New Fitness Fast Zim and Health (Fitness First Gym),Md. Ashraful Islam,KA,ISD,Lite A,1.29%,Pitch/Own Source,DHAKA,5/B Sekhertek Mohammadpur Dhaka-1207,1/14/2026,Clubs & Associations,1,1,500,1,500,3,"2,005",3,668,1,1,1,1,0,0,0,N/A,0,0,0,0,0,0,0,0,0,0,0,0,Zero Transacting,N/A,New,7,High Dormancy - Review
1611751554,Zara Footwear ( ELEVATE SHOES),Shahriar Shamim,KA,ISD,Lite B,1.29%,Pitch/Own Source,DHAKA,"Level-6, Block C, Shop 39, Bashundhara City Shopping Complex, Tejgaon, Dhaka-1215",1/15/2026,Footwear,1,60,"103,071",42,"1,718",76,"542,614",41,"7,140",52,"116,645",31,"2,243",152,"433,907",109,"2,855",234,"514,198",138,181,"387,158",118,206,"418,928",135,195,"444,005",125,Active,2276.948718,5.99%,0,Healthy/Active
1324557799,The Taste Lab,Shahriar Shamim,KA,ISD,Lite B,1.29%,Pitch/Own Source,DHAKA,"House 11, 1/B Road, Sector 9, Uttara, Dhaka-1230",1/15/2026,Restaurant & Cafe,1,83,"47,319",78,570,76,"46,919",65,617,99,"69,490",87,702,105,"56,768",90,541,121,"58,192",104,197,"98,102",162,185,"95,321",145,151,"107,749",125,Active,713.5695364,13.04%,1,Monitor
1719486559,Previous resort and restaurant,Talha Yusuf,KA,ISD,M+,1.15%,Pitch/Own Source,NARAYANGANJ,"Plot-10, Road-203/B, Nila Market Rupganj Narayanganj-1464",1/18/2026,Restaurant & Cafe,1,10,"19,835",9,"1,984",11,"34,129",10,"3,103",19,"41,517",18,"2,185",23,"49,536",19,"2,154",51,"95,359",44,59,"153,122",51,102,"237,913",83,102,"303,693",81,Active,2977.382353,27.65%,0,Healthy/Active
1709995513,Baby Care Bangladesh,Md. Sazzad Hossain Sojan,Online Payments,ISD,Lite A,1.29%,Merchant Referral,DHAKA,"127, Hajaribagh Tenari Alaka, Hajaribagh Dhaka-1209",1/18/2026,E-Commerce,1,28,"13,246",27,473,40,"50,598",37,"1,265",43,"40,945",40,952,98,"119,765",95,"1,222",127,"198,000",116,85,"130,555",78,95,"140,575",88,86,"178,450",79,Active,2075,26.94%,2,Monitor
1339877602,Cha Bilash Uttoma,Md. Meraj Ali Akash,KA,ISD,M+,1.15%,Merchant Referral,DHAKA,"House-13, Road-13, Sector-1, Uttara 1230, Dhaka, Bangladesh",1/18/2026,Restaurant & Cafe,1,36,"21,598",23,600,42,"19,582",34,466,42,"13,839",32,330,40,"14,165",30,354,58,"24,364",33,52,"15,767",37,75,"25,664",45,102,"35,340",69,Active,346.4705882,37.70%,7,High Dormancy - Review
1711659784,Global education consultancy,Fahim Kazi,Travel & Tourism,ISD,Lite A,1.29%,Social Media Lead,DHAKA,"House No 12, Road No 06, Sector 09, Kachabazar Uttara Dhaka-1230",1/18/2026,Offline,1,7,"8,554",1,"1,222",1,"2,030",1,"2,030",5,"73,502",3,"14,700",2,"1,017",2,509,2,"24,751",2,2,519,1,0,0,0,1,"1,504",1,Amber,1504,New,1,Sudden Reactivation - Review
1322336644,oikotan sangskritik goshthi,Talha Yusuf,Education,OSD,M+,1.50%,Pitch/Own Source,CHITTAGONG,"Dataram Chowdhury Sarak, Fateyabad 4335 Hathajari, Chattogram-4334",1/18/2026,Training Institute,1,0,0,0,N/A,0,0,0,N/A,0,0,0,N/A,0,0,0,N/A,0,0,0,0,0,0,0,0,0,0,0,0,Zero Transacting,N/A,New,0,Healthy/Active
1896065945,Kahf Bangladesh ltd,Md. Meraj Ali Akash,Online Payments,ISD,M+,10%,Merchant Referral,DHAKA,"House No-1110, Level-03 Road 9A, Avenue 8, Mirpur Dohs Pallabi Dhaka-1216",1/19/2026,Content,1,201,"22,113",195,110,413,"38,669",400,94,"2,171","265,186","1,425",122,218,"27,926",178,128,321,"42,231",254,"1,008","197,187",861,"4,316","271,213","1,797","10,928","454,931","2,541",Active,41.62984993,67.74%,0,Healthy/Active
1795455197,Tarek Telecom ( Oraimo Mirpur-1 Brand Shop),Md. Ashraful Islam,KA,ISD,M+,1.15%,Pitch/Own Source,DHAKA,"1/A/B, Darus Salam Road, Shop-1/9, Capital Tower, Mirpur, Dhaka-1216",1/19/2026,Mobile & Gadget,1,0,0,0,N/A,119,"162,372",98,"1,364",171,"260,881",140,"1,526",108,"148,690",94,"1,377",111,"205,904",108,192,"312,651",168,179,"317,350",162,61,"93,120",59,Active,1526.557377,-70.66%,0,Healthy/Active
1786246510,Mart Shop BD,Md. Meraj Ali Akash,KA,ISD,M+,1.15%,Pitch/Own Source,DHAKA,"218/6, Dokkhin Pirerbagh, Amtola 60 Feet Raod, Mirpur, Dhaka-1216",1/19/2026,Mobile & Gadget,1,16,"34,690",15,"2,168",5,"5,570",5,"1,114",14,"81,120",12,"5,794",18,"15,210",17,845,31,"75,350",27,29,"28,991",27,32,"30,713",32,41,"39,570",38,Active,965.1219512,28.84%,3,Monitor
1689150166,Blackin,Talha Yusuf,KA,ISD,M+,1.15%,Pitch/Own Source,DHAKA,"6-A/B Darus Salam Mirpur 1, Dhaka-1216",1/19/2026,Apparel Standalone,1,0,0,0,N/A,5,"12,100",5,"2,420",46,"93,950",42,"2,042",0,0,0,N/A,1,"1,800",1,3,"180,000",1,1,950,1,3,"1,000",3,Active,333.3333333,5.26%,2,Monitor
1752707958,Banga Khan High School,Talha Yusuf,Education,OSD,M+,1.30%,Pitch/Own Source,LAKSHMIPUR,"Laxmipur Sadar, Laxmipur-3711",1/19/2026,National Curriculum-Private,1,0,0,0,N/A,0,0,0,N/A,0,0,0,N/A,0,0,0,N/A,0,0,0,0,0,0,0,0,0,0,0,0,Zero Transacting,N/A,New,1,Monitor
1722381992,Eduvance,Shahriar Shamim,Travel & Tourism,ISD,Lite A,1.29%,CIMT,DHAKA,"Bari-39/11/A, Baishteki, Kafrul, Mirpur-13, Dhaka-1216",1/19/2026,Offline,1,2,"22,367",2,"11,184",6,"87,160",6,"14,527",3,"1,500",3,500,3,"22,921",3,"7,640",4,"33,000",4,2,"2,290",2,0,0,0,0,0,0,Zero Transacting,N/A,New,6,High Dormancy - Review
1648430330,Kid's Toy Bazar,Shahriar Shamim,Online Payments,ISD,Lite A,1.29%,CIMT,DHAKA,"73 Mitford Road, Chak Bazar, Dhaka-1211",1/20/2026,E-Commerce,1,60,"15,210",59,254,157,"50,050",155,319,93,"35,180",92,378,115,"58,993",114,513,70,"16,840",69,83,"22,560",81,84,"30,755",81,61,"55,975",58,Active,917.6229508,82.00%,7,High Dormancy - Review
1743166842,JRS Angina,Shahriar Shamim,KA,ISD,M+,1.15%,Pitch/Own Source,DHAKA,"Shop No-09, 4Th Floor Sks Mohakhali, Vip Road, Gulshan, Dhaka-1212",1/20/2026,Restaurant & Cafe,1,6,"1,481",6,247,38,"9,545",30,251,1,1,1,1,50,"17,375",43,348,18,"4,420",16,3,231,3,24,"1,835",22,153,"11,676",87,Active,76.31372549,536.29%,0,Healthy/Active
1827865765,Organico Consumer Goods,Shahriar Shamim,Online Payments,ISD,Lite A,1.29%,CIMT,DHAKA,"Holding-134/8 Furfura Sharif Darus Salam, Mirpur, Dhaka-1216",1/20/2026,E-Commerce,1,3,912,2,304,7,"2,815",4,402,3,"3,300",3,"1,100",3,"1,402",3,467,1,200,1,2,"1,200",2,2,102,2,4,"7,701",3,Active,1925.25,7450.00%,0,Healthy/Active
1838202907,Astronomy Pathshala,Md. Sazzad Hossain Sojan,Online Payments,ISD,M+,2%,Whatsapp Group,DHAKA,"1/1, Azimpur Adhunik Nagar Market, Lalbagh, Dhaka 1211",1/20/2026,Content,1,12,"2,800",12,233,16,"3,200",16,200,1,200,1,200,0,0,0,N/A,0,0,0,0,0,0,0,0,0,22,"8,800",20,Active,400,New,0,Sudden Reactivation - Review
1339760468,AgamiBD Limited (Japan Shoes),Md. Ashraful Islam,Online Payments,ISD,Lite A,1.29%,CIMT,DHAKA,"114, New Elephant Road, New Market, Dhaka 1205, Bangladesh",1/20/2026,E-Commerce,1,4,"1,501",4,375,0,0,0,N/A,662,"1,257,030",655,"1,899","1,365","2,677,047","1,335","1,961","1,531","2,822,548","1,488",309,"616,104",303,0,0,0,0,0,0,Zero Transacting,N/A,New,0,Healthy/Active
1880648666,chicstyle by SL,Md. Sazzad Hossain Sojan,KA,ISD,M+,1.15%,Pitch/Own Source,DHAKA,"Shop 3106, Shimanto Shambhar Shopping Complex, Dhanmondi, Dhaka-1209",1/20/2026,Apparel Standalone,1,4,"3,450",4,863,15,"68,155",14,"4,544",10,"30,851",10,"3,085",3,"3,552",3,"1,184",2,"6,600",2,3,"5,222",3,0,0,0,0,0,0,Zero Transacting,N/A,New,2,Monitor
1316008004,Monoshilon,Md. Ashraful Islam,Online Payments,OSD,Lite A,1.29%,Merchant Referral,DHAKA,Choto Ramnathpur W- 01 Haruchandi 1330 Dohar Dhaka,1/20/2026,E-Commerce,1,0,0,0,N/A,0,0,0,N/A,5,"11,210",4,"2,242",0,0,0,N/A,0,0,0,0,0,0,0,0,0,0,0,0,Zero Transacting,N/A,New,7,High Dormancy - Review
1717698893,Rising sun model school,Md. Ashraful Islam,Education,OSD,Pay Bill,1.30%,Merchant Referral,LALMONIRHAT,Gorol Kaliganj Lalmonirhat-5520,1/20/2026,National Curriculum-Private,1,0,0,0,N/A,0,0,0,N/A,0,0,0,N/A,0,0,0,N/A,0,0,0,0,0,0,0,0,0,0,0,0,Zero Transacting,N/A,New,5,High Dormancy - Review
1326882800,Tanzilul Quran Madrasha Bangladesh,Shahriar Shamim,Education,ISD,M+,1.30%,Pitch/Own Source,DHAKA,Dokkin Banasree Khilgaon Dhaka-1219,1/21/2026,National Curriculum-Private,1,3,"1,200",3,400,10,"23,840",8,"2,384",8,"13,511",6,"1,689",12,"24,050",10,"2,004",15,"33,750",12,10,"21,142",9,20,"47,630",17,19,"52,147",18,Active,2744.578947,9.48%,1,Monitor
1334930483,Herblife nutrition Limited,Md. Meraj Ali Akash,KA,ISD,MMBO,1.15%,Pitch/Own Source,DHAKA,"192-193 Green Road, Dhanmondi Dhaka-125",1/21/2026,Superstore Chain,1,16,"13,585",14,849,40,"19,185",34,480,28,"15,801",19,564,59,"43,990",46,746,42,"24,497",34,29,"14,955",26,51,"36,030",48,66,"51,335",56,Active,777.8030303,42.48%,2,Monitor
1334930485,Herblife nutrition Limited,Md. Meraj Ali Akash,KA,ISD,MMBO,1.15%,Pitch/Own Source,DHAKA,19/55 Ward-07 Opposite Apex Showroom Rupnagar Mirpur-2 Dhaka-1216,1/21/2026,Superstore Chain,1,4,"2,870",4,718,25,"14,970",23,599,20,"12,021",19,601,31,"24,050",29,776,20,"10,111",18,30,"19,441",29,32,"19,875",27,50,"32,890",47,Active,657.8,65.48%,1,Monitor
1334930484,Herblife nutrition Limited,Md. Meraj Ali Akash,KA,ISD,MMBO,1.15%,Pitch/Own Source,DHAKA,"Lalmatia Mohammadpur House No-B/27, Street No-Zakir Hossain Road, Block-E, Mohammadpur Dhaka-1207",1/21/2026,Superstore Chain,1,7,"10,900",5,"1,557",22,"10,180",18,463,19,"9,181",16,483,29,"23,600",27,814,20,"11,695",20,28,"9,800",20,31,"19,010",27,21,"8,310",20,Active,395.7142857,-56.29%,2,Monitor
1339760462,AgamiBD Limited (Times Flow),Md. Ashraful Islam,Online Payments,ISD,Lite A,1.29%,CIMT,DHAKA,"114 New Elephant Road, New Market Dhaka-1205 Bangladesh",1/21/2026,E-Commerce,1,3,"1,500",3,500,0,0,0,N/A,567,"1,157,136",556,"2,041","1,291","2,662,344","1,247","2,062","1,565","2,532,523","1,510",272,"417,497",270,0,0,0,0,0,0,Zero Transacting,N/A,New,1,Monitor
1728674984,Loka Textile,Shahriar Shamim,Online Payments,ISD,Lite A,1.29%,CIMT,DHAKA,"Plot-132, Shohidullah Chairman Bari, Uttarkhan, Dhaka-1230",1/27/2026,E-Commerce,1,0,0,0,N/A,0,0,0,N/A,0,0,0,N/A,0,0,0,N/A,0,0,0,0,0,0,0,0,0,0,0,0,Zero Transacting,N/A,New,2,Monitor
1614000688,Syntax Mart,Md. Ashraful Islam,Online Payments,ISD,Lite A,1.29%,CIMT,DHAKA,"House-508, Road-09, Baridhara Dohs, Khilkhet Dhaka-1229",1/27/2026,E-Commerce,1,0,0,0,N/A,3,"2,002",2,667,1,510,1,510,0,0,0,N/A,0,0,0,0,0,0,1,500,1,0,0,0,Zero Transacting,N/A,-100.00%,1,Monitor
1958049489,MIE ENGLISH,Md. Sazzad Hossain Sojan,Education,ISD,MMBO,1.50%,Pitch/Own Source,DHAKA,"Nahar Green Summit, Level 02, Dhanmodi 27, Dhaka 1209",1/28/2026,Coaching Center,1,0,0,0,N/A,3,"13,800",3,"4,600",7,"18,700",7,"2,671",30,"196,319",24,"6,544",39,"192,900",33,32,"250,940",27,31,"231,010",27,47,"320,160",37,Active,6811.914894,38.59%,3,Monitor
1958094500,MIE ENGLISH,Fahim Kazi,Education,ISD,MMBO,1.50%,Pitch/Own Source,SYLHET,"Hs Tower 1St Floor, Dargah Gate, Road, Sylhet 3100, Dakkhin Surma",1/28/2026,Coaching Center,1,0,0,0,N/A,0,0,0,N/A,7,"9,902",3,"1,415",15,"67,500",3,"4,500",30,"202,600",4,40,"243,901",8,32,"189,600",6,29,"238,100",6,Active,8210.344828,25.58%,5,High Dormancy - Review
1950334492,Hotel Blue Sky (Residential),Md. Meraj Ali Akash,Travel & Tourism,ISD,M+,1.15%,Pitch/Own Source,DHAKA,"1/A/B, Darous Salam Road, Capital Tower, 5Th And 6Th Floor, Mirpur-1, Mirpur, Dhaka-1216",1/28/2026,Offline,1,0,0,0,N/A,42,"123,380",24,"2,938",47,"145,100",31,"3,087",76,"213,863",64,"2,814",65,"160,709",50,63,"171,460",50,53,"155,891",37,66,"213,990",53,Active,3242.272727,37.27%,3,Monitor
1958049488,MIE ENGLISH,Fahim Kazi,Education,ISD,MMBO,1.50%,Pitch/Own Source,DHAKA,"Basa 464/H, 6Th Floor, Islam Tower, D I T, Rampura, Badda, Dhaka 1212",1/28/2026,Coaching Center,1,0,0,0,N/A,0,0,0,N/A,26,"233,300",19,"8,973",47,"352,780",33,"7,506",39,"218,860",28,44,"507,632",23,28,"200,020",12,22,"212,600",6,Active,9663.636364,6.29%,1,Monitor
1958049490,MIE ENGLISH,Md. Sazzad Hossain Sojan,Education,ISD,MMBO,1.50%,Pitch/Own Source,DHAKA,"House 40, Lake Drive Road, Sector 7, Uttara, Dhaka 1230",1/28/2026,Coaching Center,1,0,0,0,N/A,3,"18,250",3,"6,083",7,"22,000",5,"3,143",13,"66,600",8,"5,123",14,"43,505",9,15,"91,024",9,15,"94,076",11,17,"117,100",11,Active,6888.235294,24.47%,1,Monitor
1958049496,MIE ENGLISH,Fahim Kazi,Education,ISD,MMBO,1.50%,Pitch/Own Source,RAJSHAHI,"Ah Tower Level 2, Alokor More, New Market, Road, Boalia, Rajshahi 6100",1/28/2026,Coaching Center,1,0,0,0,N/A,0,0,0,N/A,3,"48,502",3,"16,167",8,"95,973",2,"11,997",14,"129,700",1,6,"36,800",1,9,"44,500",3,22,"97,610",12,Active,4436.818182,119.35%,1,Monitor
1958611023,Times Square Lounge,Shahriar Shamim,KA,OSD,M+,1.15%,CIMT,DHAKA,"Times Square Lounge, 427, Ashrafbad, Kamrangichar, Dhaka-1211",1/28/2026,Restaurant & Cafe,1,0,0,0,N/A,8,"8,160",8,"1,020",40,"54,772",40,"1,369",73,"102,869",65,"1,409",55,"63,507",51,72,"79,634",61,66,"87,974",58,71,"93,315",61,Active,1314.295775,6.07%,1,Monitor
1958094529,MIE PATHWAYS,Fahim Kazi,Education,ISD,MMBO,1.50%,Pitch/Own Source,DHAKA,"Concord Mumtaz Karim Heritage, Level 3, 76 Satmasjid Road, Dhanmondi, Dhaka 1205",1/28/2026,Coaching Center,1,0,0,0,N/A,0,0,0,N/A,0,0,0,N/A,1,"3,000",1,"3,000",3,"20,800",2,1,"10,000",1,0,0,0,1,"50,000",1,Amber,50000,New,5,High Dormancy - Review
1322909683,Motion view,Fahim Kazi,KA,ISD,M+,1.15%,Pitch/Own Source,DHAKA,"10/25, Eastern Plaza Hatirpool Kalabagan, Dhaka-1205",1/28/2026,Mobile & Gadget,1,0,0,0,N/A,0,0,0,N/A,0,0,0,N/A,0,0,0,N/A,0,0,0,4,"8,200",4,7,"15,000",7,12,"32,465",6,Active,2705.416667,116.43%,7,High Dormancy - Review
1898777395,Gen Z Travels,Shahriar Shamim,Travel & Tourism,ISD,Lite A,1.29%,CIMT,DHAKA,"E-10/1-2, 9Th Floor East Side, Paltan China Town, 67/1, 68, Naya Paltan, Paltan, Dhaka-1000",1/28/2026,Offline,1,0,0,0,N/A,0,0,0,N/A,4,"1,500",4,375,3,"1,500",3,500,1,1,1,0,0,0,0,0,0,1,"28,780",1,Amber,28780,New,5,High Dormancy - Review
1805081777,"Majeda Specialized Hospital For Diabetes, Meternity And Child Care",Md. Meraj Ali Akash,KA,OSD,M+,1.15%,Social Media Lead,SHARIATPUR,"Naria Shadhinata Bhaban Sharak, Naria, Shariatpur-8020",1/28/2026,Hospital,1,0,0,0,N/A,8,"9,090",7,"1,136",10,"17,570",10,"1,757",10,"11,650",8,"1,165",16,"15,400",13,18,"28,290",14,11,"18,810",9,17,"23,455",13,Active,1379.705882,24.69%,6,High Dormancy - Review
1805047273,Heritage Bond,Shahriar Shamim,KA,ISD,M+,1.15%,Whatsapp Group,DHAKA,"Plot-2, Road-144, Police Plaza Concord-3Rd Floor, Shop-424, Gulshan-01, Dhaka-1212",1/28/2026,Apparel Standalone,1,0,0,0,N/A,5,"21,756",5,"4,351",26,"201,230",26,"7,740",4,"8,502",4,"2,126",11,"22,701",11,7,"10,443",6,3,480,3,5,"13,900",5,Active,2780,2795.83%,7,High Dormancy - Review
1877193296,Little Princess,Md. Meraj Ali Akash,KA,ISD,M+,1.15%,Pitch/Own Source,DHAKA,24/A Japan Garden City Level 5 Shop No 534 Tokiyo Square Mohammadpur Dhaka 1207,1/28/2026,Apparel Standalone,1,0,0,0,N/A,32,"68,050",31,"2,127",60,"155,800",58,"2,597",3,"6,001",3,"2,000",20,"45,350",20,6,"12,601",6,9,"12,500",9,5,"12,000",5,Active,2400,-4.00%,7,High Dormancy - Review
1332540975,Motion view,Md. Sazzad Hossain Sojan,KA,ISD,M+,1.15%,Pitch/Own Source,DHAKA,"10/25 Eastern Plaza, Hatirpool Dhaka Kalabagan-1205",1/28/2026,Mobile & Gadget,1,0,0,0,N/A,6,"21,900",6,"3,650",10,"45,150",6,"4,515",3,"9,900",3,"3,300",10,"16,600",9,12,"31,526",12,11,"35,800",11,4,"7,400",4,Active,1850,-79.33%,7,High Dormancy - Review
1805464280,Aeroline Global,Shahriar Shamim,Travel & Tourism,ISD,Lite A,1.29%,CIMT,DHAKA,"House-15/1,15/2,15/3,15/4, Lift-12, Tropical Molla Tower, Bir Uttam Rafiqul Islam Aveneu, Middle Badda, Badda, Dhaka-1212",1/28/2026,Offline,1,0,0,0,N/A,1,40,1,40,0,0,0,N/A,0,0,0,N/A,1,5,1,0,0,0,0,0,0,0,0,0,Zero Transacting,N/A,New,4,Monitor
1321226969,Andromeda,Shahriar Shamim,KA,ISD,M+,1.15%,Pitch/Own Source,DHAKA,"Ga-74/1, Mohakhali, Banani, Dhaka-1213",1/28/2026,Footwear,1,0,0,0,N/A,0,0,0,N/A,0,0,0,N/A,0,0,0,N/A,0,0,0,0,0,0,0,0,0,0,0,0,Zero Transacting,N/A,New,1,Monitor
1958049499,MIE ENGLISH,Fahim Kazi,Education,ISD,MMBO,1.50%,Pitch/Own Source,CHITTAGONG,"3Rd Floor Ak Center 1385 Cda Ave, Chattorgram 3900 Chandgaon, Chittagong-4212",1/28/2026,Coaching Center,1,0,0,0,N/A,0,0,0,N/A,7,"10,479",3,"1,497",2,"5,000",2,"2,500",0,0,0,0,0,0,1,"14,000",1,0,0,0,Zero Transacting,N/A,-100.00%,1,Monitor
1958049476,MIE PATHWAYS,Fahim Kazi,Education,ISD,MMBO,1.50%,Pitch/Own Source,CHITTAGONG,"Cgs 449 Chatteshwari Rd, Chattogram 4203, Kotwali",1/28/2026,Coaching Center,1,0,0,0,N/A,0,0,0,N/A,3,"90,001",3,"30,000",0,0,0,N/A,0,0,0,0,0,0,0,0,0,0,0,0,Zero Transacting,N/A,New,1,Monitor
1958049477,MIE PATHWAYS,Fahim Kazi,Education,ISD,MMBO,1.50%,Pitch/Own Source,DHAKA,"House 40, Lake Drive Road, Sector 7, Uttara, Dhaka 1230",1/28/2026,Coaching Center,1,0,0,0,N/A,0,0,0,N/A,0,0,0,N/A,0,0,0,N/A,0,0,0,0,0,0,0,0,0,0,0,0,Zero Transacting,N/A,New,4,Monitor
1339890852,Zavara,Md. Ashraful Islam,Online Payments,ISD,Lite A,1.29%,CIMT,DHAKA,H-80/1 Bir Uttam Jiaur Rahman Sarak Banani Dhaka 1213,1/28/2026,E-Commerce,1,0,0,0,N/A,0,0,0,N/A,0,0,0,N/A,0,0,0,N/A,0,0,0,0,0,0,0,0,0,0,0,0,Zero Transacting,N/A,New,5,High Dormancy - Review
1624538516,Zavara,Md. Ashraful Islam,KA,ISD,M+,1.15%,CIMT,DHAKA,H-80/1 Bir Uttam Jiaur Rahman Sarak Banani Dhaka 1213,1/28/2026,Personal Care,1,0,0,0,N/A,0,0,0,N/A,0,0,0,N/A,0,0,0,N/A,0,0,0,0,0,0,0,0,0,0,0,0,Zero Transacting,N/A,New,3,Monitor
1941996996,lolona,Md. Sazzad Hossain Sojan,Online Payments,ISD,Lite A,1.29%,CIMT,DHAKA,"Fair Plaza 6Th Floor, Suits-5, Plot-C/3, Block-D Mirpur Dhaka Bangladesh-1216",1/29/2026,E-Commerce,1,0,0,0,N/A,0,0,0,N/A,0,0,0,N/A,1,101,1,101,0,0,0,1,470,1,17,"11,338",15,112,"42,567",53,Active,380.0625,275.44%,1,Monitor
1901930980,Desire,Md. Ashraful Islam,KA,ISD,MMBO,1.15%,Pitch/Own Source,DHAKA,"Basundhara City Shopping Complex, Panthapath Dhaka Level-2, Block-D, Shop-109, Tejgaon, Dhaka-1215",1/29/2026,Apparel Chain,1,0,0,0,N/A,11,"28,890",11,"2,626",149,"397,972",140,"2,671",36,"78,515",36,"2,181",59,"137,595",55,24,"37,866",24,14,"28,013",14,15,"20,497",14,Active,1366.466667,-26.83%,1,Monitor
1901930984,Desire,Fahim Kazi,KA,ISD,MMBO,1.15%,Pitch/Own Source,DHAKA,"Plaza A R Dhanmondi-28, Dhaka Level-1, Shop-214, Dhaka-1209",1/29/2026,Apparel Chain,1,0,0,0,N/A,1,"7,670",1,"7,670",54,"122,574",51,"2,270",9,"21,503",9,"2,389",14,"31,083",14,18,"30,620",18,5,"4,065",5,7,"12,545",7,Active,1792.142857,208.61%,1,Monitor
1901930983,Desire,Md. Ashraful Islam,KA,ISD,MMBO,1.15%,Pitch/Own Source,DHAKA,"Zam Zam Tower, Uttara-11, Dhaka, Level-3, Shop-407, Dhaka-1230",1/29/2026,Apparel Chain,1,0,0,0,N/A,10,"26,615",9,"2,662",78,"185,820",67,"2,382",10,"19,422",10,"1,942",24,"40,124",22,20,"29,923",19,7,"12,998",7,8,"9,200",7,Active,1150,-29.22%,4,Monitor
1901930985,Desire,Md. Ashraful Islam,KA,ISD,MMBO,1.15%,Pitch/Own Source,DHAKA,"Plot-32/B/10/2, Road-15/1, Av-5, Block-C, Mirpur-11, Dhaka-1216",1/29/2026,Apparel Chain,1,0,0,0,N/A,9,"3,300",9,367,1,150,1,150,0,0,0,N/A,1,80,1,0,0,0,0,0,0,0,0,0,Zero Transacting,N/A,New,5,High Dormancy - Review
1901930982,Desire,Fahim Kazi,KA,ISD,MMBO,1.15%,Pitch/Own Source,DHAKA,"M M Complex 2/11, Pallabi Mirpur Dhaka, Level-3, 1216",1/29/2026,Apparel Chain,1,0,0,0,N/A,0,0,0,N/A,27,"54,060",25,"2,002",0,0,0,N/A,2,"2,915",2,0,0,0,0,0,0,0,0,0,Zero Transacting,N/A,New,1,Monitor
1827043584,Masty Tech Innovation,Md. Ashraful Islam,Online Payments,ISD,M+,10%,Merchant Referral,MYMENSINGH,Holding No-Shop No-M N School Sanlogno Laxkhikhola Muktagacha-2210,2/1/2026,Content,2,0,0,0,N/A,0,0,0,N/A,0,0,0,N/A,8,400,8,50,66,"3,750",44,79,"4,480",45,36,"2,000",24,"6,904","345,600","5,490",Active,50.05793743,17180.00%,1,Monitor
1785587284,La Belle,Md. Meraj Ali Akash,KA,ISD,M+,1.15%,Pitch/Own Source,DHAKA,"58, Shonargaon Janapath, 2 No Floor, Uttara, Dhaka-1230",2/2/2026,Apparel Standalone,2,0,0,0,N/A,15,"22,023",15,"1,468",46,"87,312",39,"1,898",10,"18,203",10,"1,820",21,"36,412",20,25,"69,691",23,16,"37,256",16,14,"20,931",13,Active,1495.071429,-43.82%,1,Monitor
1335142190,Nafa Global Accord Limited,Md. Sazzad Hossain Sojan,Travel & Tourism,ISD,Lite A,1.29%,CIMT,NARAYANGANJ,"Mizmiji Batan Para, Mizmiji Siddhirganj, Narayanganj Sadar, Narayanganj-1400",2/2/2026,Offline,2,0,0,0,N/A,7,"15,820",5,"2,260",3,"9,400",3,"3,133",3,"2,702",3,901,3,"5,665",2,3,"13,001",3,4,"9,901",4,3,"6,501",3,Active,2167,-34.34%,1,Monitor
1304555533,Word and Code,Md. Ashraful Islam,Education,ISD,M+,1.50%,CIMT,CHITTAGONG,"1/A, Road No-01, J Block, Halisahar Housing, Estate, Halisahar, Chattagram-4228",2/2/2026,Coaching Center,2,0,0,0,N/A,6,"1,214",6,202,13,"24,345",9,"1,873",28,"16,326",14,583,4,901,3,4,"1,611",4,0,0,0,1,505,1,Amber,505,New,4,Sudden Reactivation - Review
1757222371,River Travels,Md. Ashraful Islam,Travel & Tourism,ISD,Lite A,1.29%,CIMT,DHAKA,"199, Shahid Nazrul Islam Shoroni, 15/5, Bijoynagar, Akram Tower, 11Th Floor, Paltan, Dhaka-1000",2/2/2026,Offline,2,0,0,0,N/A,4,"1,505",3,376,1,"6,500",1,"6,500",0,0,0,N/A,1,1,1,0,0,0,0,0,0,0,0,0,Zero Transacting,N/A,New,1,Monitor
1306955548,Zen Outfitters,Md. Sazzad Hossain Sojan,KA,ISD,M+,1.15%,Pitch/Own Source,DHAKA,"Uttara Sectore-3, Latif Emporiam Shopping Complex, Level-2, Shop-48, Uttara, Dhaka-1230",2/2/2026,Apparel Standalone,2,0,0,0,N/A,1,100,1,100,6,"7,050",6,"1,175",0,0,0,N/A,0,0,0,0,0,0,0,0,0,0,0,0,Zero Transacting,N/A,New,1,Monitor
1617336312,Araf telecom ( Oraimo brand shop mirpur-10 ),Md. Ashraful Islam,KA,ISD,M+,1.15%,Pitch/Own Source,DHAKA,"Plot-1/A Do-45, 46, 3Rd Floor, Shah Ali Plaza, Mirpur-10, Mirpur, Dhaka-1216",2/3/2026,Mobile & Gadget,2,0,0,0,N/A,20,"33,292",20,"1,665",141,"287,950",140,"2,042",144,"269,330",141,"1,870",201,"369,337",196,169,"352,591",164,176,"358,188",168,172,"367,510",165,Active,2136.686047,2.60%,1,Monitor
1339364352,MAA Telecom ( Oraimo brand shop jamuna ),Md. Ashraful Islam,KA,ISD,M+,1.15%,Pitch/Own Source,DHAKA,"Ka-244 Kuril Jamuna Future Park, 5Th Floor, Block-C, Shop No-4C-20/A-3, Vatara Dhaka-1229",2/3/2026,Mobile & Gadget,2,0,0,0,N/A,34,"73,603",34,"2,165",130,"290,785",122,"2,237",73,"160,586",69,"2,200",194,"376,927",172,191,"342,188",184,166,"322,192",157,148,"288,135",136,Active,1946.858108,-10.57%,1,Monitor
1805048471,Gray Life Style,Md. Ashraful Islam,KA,ISD,MMBO,1.15%,Pitch/Own Source,NETRAKONA,"Netrokona Choto Bazar, Netrokona Sadar, Netrokona 2400",2/3/2026,Apparel Standalone,2,0,0,0,N/A,34,"43,902",30,"1,291",132,"206,784",119,"1,567",14,"17,474",13,"1,248",32,"39,116",30,2,"1,044",1,31,"25,963",23,38,"64,464",31,Active,1696.421053,148.29%,2,Monitor
1805048467,Gray Life Style,Md. Ashraful Islam,KA,ISD,MMBO,1.15%,Pitch/Own Source,BARISAL,"Barishal Opposite Hot Plate, Restaurant, Barishal District Sadar Road, Barishal 8205",2/3/2026,Apparel Standalone,2,0,0,0,N/A,11,"11,447",10,"1,041",300,"434,548",260,"1,448",9,"13,540",9,"1,504",63,"63,675",59,12,"5,651",10,16,"13,908",16,31,"61,906",30,Active,1996.967742,345.11%,2,Monitor
1844618859,Truck Lagbe Limited,Md. Ashraful Islam,Online Payments,ISD,M+,1.50%,Merchant Referral,DHAKA,107 Motijheel B/A Dhaka-1000,2/3/2026,E-Commerce,2,0,0,0,N/A,2,21,2,11,0,0,0,N/A,0,0,0,N/A,0,0,0,15,21,5,24,"10,503",18,87,"43,500",46,Active,500,314.17%,1,Monitor
1720580422,Next Gen Education,Md. Ashraful Islam,Education,OSD,M+,1.50%,Pitch/Own Source,DHAKA,"House No 470, Dilu Road, New Eskaton, Ramna, Dhaka 1217",2/3/2026,Coaching Center,2,0,0,0,N/A,6,"12,000",6,"2,000",7,"14,000",7,"2,000",13,"25,500",13,"1,962",9,"64,500",8,16,"33,180",15,8,"15,000",8,14,"26,000",13,Active,1857.142857,73.33%,2,Monitor
1805048470,Gray Life Style,Md. Ashraful Islam,KA,ISD,MMBO,1.15%,Pitch/Own Source,BARGUNA,"Barguna Ground Floor, Holding No 151 Sadar Road, Barguna 8700",2/3/2026,Apparel Standalone,2,0,0,0,N/A,48,"58,918",34,"1,227",70,"105,137",55,"1,502",5,"4,470",5,894,47,"63,988",34,1,"1,226",1,3,"3,519",3,18,"25,270",17,Active,1403.888889,618.10%,5,High Dormancy - Review
1805048469,Gray Life Style,Md. Ashraful Islam,KA,ISD,MMBO,1.15%,Pitch/Own Source,BHOLA,"Bhola Opposite Hotel Papillon, Ukil Para, Bhola Sadar Road, Bhola 8300",2/3/2026,Apparel Standalone,2,0,0,0,N/A,3,"1,002",3,334,46,"78,111",42,"1,698",6,"7,425",6,"1,238",36,"38,458",32,9,"5,761",9,13,"11,780",12,18,"24,392",14,Active,1355.111111,107.06%,3,Monitor
1335959285,AI FOOD,Md. Ashraful Islam,KA,ISD,M+,1.15%,Pitch/Own Source,DHAKA,"Section-12, Block-A, Road-7, Plot-45, Mirpur, Pallabi, Dhaka-1216",2/3/2026,Restaurant & Cafe,2,0,0,0,N/A,64,"16,800",58,263,58,"15,110",53,261,112,"26,585",101,237,112,"27,910",105,68,"18,821",64,68,"18,000",67,69,"18,210",66,Active,263.9130435,1.17%,6,High Dormancy - Review
1805048468,Gray Life Style,Md. Ashraful Islam,KA,ISD,MMBO,1.15%,Pitch/Own Source,COMILLA,"Cumilla Shop No 312, 3Rd Floor, Rupayan Shopping Complex, Kandirpar, Cumilla, Comilla Adarsha Sadar 3500",2/3/2026,Apparel Standalone,2,0,0,0,N/A,5,"4,282",5,856,42,"66,290",40,"1,578",0,0,0,N/A,4,"2,353",4,5,"7,097",3,5,"3,443",3,5,"14,470",5,Active,2894,320.27%,4,Monitor
1890450218,M/S. Suddhispot,Md. Ashraful Islam,KA,ISD,M+,1.15%,Pitch/Own Source,DHAKA,"Plot-03, Road-20, Bosoti Dream, Gulshan-2, Dhaka-1212",2/3/2026,Restaurant & Cafe,2,0,0,0,N/A,3,505,3,168,0,0,0,N/A,4,"3,042",4,761,2,151,2,6,"6,420",3,4,"1,412",4,6,"13,801",6,Active,2300.166667,877.41%,2,Monitor
1903222244,Zeit Limited,Md. Ashraful Islam,KA,ISD,M+,1.15%,Pitch/Own Source,DHAKA,"169 Santi Niketon Tejgaon Industrial Area, Dhaka-1208",2/3/2026,Gifts and Wearables,2,0,0,0,N/A,5,"2,012",5,402,2,"2,000",2,"1,000",3,"8,399",3,"2,800",3,"3,201",3,1,"5,000",1,6,"13,378",6,4,"7,961",4,Active,1990.25,-40.49%,1,Monitor
1410308102,CarryLux,Shahriar Shamim,Online Payments,ISD,Lite A,1.29%,CIMT,NARAYANGANJ,Rosulpur Kutubpur Fatulla Narayangonj Sadar-1400,2/3/2026,E-Commerce,2,0,0,0,N/A,648,"866,111",571,"1,337","1,303","2,159,597","1,105","1,657","1,246","2,709,353","1,038","2,174",766,"2,143,401",620,154,"517,912",144,0,0,0,0,0,0,Zero Transacting,N/A,New,1,Monitor
1309112403,Govt. Haji Ibrahim Alamchan Model School & College,Md. Meraj Ali Akash,Education,OSD,Pay Bill,1.30%,CIMT,NARAYANGANJ,Bandar Narayanganj Sadar-1414,2/3/2026,National Curriculum-Public,2,0,0,0,N/A,0,0,0,N/A,0,0,0,N/A,3,610,3,203,246,"175,200",32,0,0,0,0,0,0,0,0,0,Zero Transacting,N/A,New,1,Monitor
1805048464,Gray Life Style,Md. Ashraful Islam,KA,ISD,MMBO,1.15%,Pitch/Own Source,DHAKA,"Dhaka Holding 39, Road 20, House 12, Mirpur 10, Block A, Mirpur, Dhaka 1216",2/3/2026,Apparel Standalone,2,0,0,0,N/A,6,"6,004",6,"1,001",1,"1,595",1,"1,595",0,0,0,N/A,16,"19,542",15,4,"2,334",4,0,0,0,0,0,0,Zero Transacting,N/A,New,1,Monitor
1805048465,RAAI APPARELS,Md. Ashraful Islam,KA,ISD,M+,1.15%,Pitch/Own Source,DHAKA,"103/1, Polashnagar, Mirpur, Pallabi, Dhaka-1216",2/3/2026,Apparel Standalone,2,0,0,0,N/A,3,"1,002",3,334,0,0,0,N/A,0,0,0,N/A,0,0,0,0,0,0,0,0,0,0,0,0,Zero Transacting,N/A,New,1,Monitor
1839417049,Sharifpur Islami Academy,Shahriar Shamim,Education,OSD,M+,1.30%,CIMT,COMILLA,"Sharifpur, Ward No-5, Jiapur, Burichang, Comilla-3500",2/3/2026,National Curriculum-Private,2,0,0,0,N/A,3,"3,042",3,"1,014",3,155,1,52,0,0,0,N/A,1,"2,570",1,0,0,0,0,0,0,0,0,0,Zero Transacting,N/A,New,1,Monitor
1332561385,Ghorer Bazar,Md. Sazzad Hossain Sojan,KA,ISD,M+,1.15%,Pitch/Own Source,DHAKA,"Uttara Noth Station Gate B South East Side Uttara, Dhaka-1230",2/5/2026,Superstore Chain,2,0,0,0,N/A,0,0,0,N/A,51,"69,904",45,"1,371",126,"135,111",114,"1,072",198,"202,014",180,224,"191,320",207,357,"357,687",325,469,"542,056",426,Active,1155.769723,51.54%,2,Monitor
1332561381,Ghorer Bazar,Md. Sazzad Hossain Sojan,KA,ISD,M+,1.15%,Pitch/Own Source,DHAKA,"Bangladesh Secretariat Station, Gate C South West Side, Paltan, Dhaka-1000",2/5/2026,Superstore Chain,2,0,0,0,N/A,104,"114,823",99,"1,104",201,"222,796",188,"1,108",225,"219,550",212,976,402,"292,042",361,365,"256,043",331,483,"367,539",435,508,"413,958",461,Active,814.8779528,12.63%,2,Monitor
1332561382,Ghorer Bazar,Md. Sazzad Hossain Sojan,KA,ISD,M+,1.15%,Pitch/Own Source,DHAKA,"Dhaka University Station, Gate A North East Side, Shahbagh, Dhaka-1000",2/5/2026,Superstore Chain,2,0,0,0,N/A,104,"112,192",101,"1,079",249,"237,649",223,954,312,"289,341",302,927,494,"369,484",451,494,"274,593",445,633,"304,848",569,661,"393,225",608,Active,594.8940998,28.99%,3,Monitor
1332561383,Ghorer Bazar,Md. Sazzad Hossain Sojan,KA,ISD,M+,1.15%,Pitch/Own Source,DHAKA,"Shahbagh Station Gate C South West Side, Shahbagh, Dhaka-1000",2/5/2026,Superstore Chain,2,0,0,0,N/A,121,"140,690",119,"1,163",171,"165,149",158,966,171,"167,378",160,979,328,"220,011",299,278,"222,375",254,385,"258,479",341,510,"357,485",469,Active,700.9509804,38.30%,6,High Dormancy - Review
1820040025,Shahzadi mart,Md. Sazzad Hossain Sojan,KA,OSD,M+,1.15%,Pitch/Own Source,COMILLA,"Shop No-322, Rupayan Delwar Tower, 2Nd Floor, Kandirpar, Cumilla Sadar, Cumilla-3500",2/5/2026,Apparel Standalone,2,0,0,0,N/A,15,"10,923",12,728,11,"16,959",9,"1,542",7,"22,250",5,"3,179",68,"243,307",59,121,"603,393",102,31,"148,692",27,53,"241,742",37,Active,4561.169811,62.58%,1,Monitor
1332561384,Ghorer Bazar,Md. Sazzad Hossain Sojan,KA,ISD,M+,1.15%,Pitch/Own Source,DHAKA,"Shewrapara Station Gate B South East Side, Mirpur, Dhaka-1216",2/5/2026,Superstore Chain,2,0,0,0,N/A,49,"63,776",48,"1,302",72,"84,168",62,"1,169",75,"79,248",69,"1,057",131,"128,204",123,105,"98,221",98,153,"154,941",147,193,"195,934",177,Active,1015.202073,26.46%,1,Monitor
1953336882,Horizon International Education,Md. Meraj Ali Akash,Education,ISD,M+,1.50%,Pitch/Own Source,DHAKA,"Sector-6, Road-1, Basa-48, Uttara Sector-6, Uttara, Dhaka-1230",2/5/2026,National Curriculum-Private,2,0,0,0,N/A,6,"22,551",5,"3,759",4,"14,100",4,"3,525",3,"14,500",3,"4,833",4,"18,500",4,7,"54,300",7,10,"54,150",9,18,"48,100",17,Active,2672.222222,-11.17%,5,High Dormancy - Review
1896193909,Midtown Physiotherapy and Rehabilitation Center,Md. Ashraful Islam,KA,ISD,MMBO,1.15%,Pitch/Own Source,BRAHMANBARIA,"Noyonpurbazar, Kasba, Brahmanbaria 3500",2/5/2026,Diagnostics,2,0,0,0,N/A,6,"5,002",3,834,0,0,0,N/A,1,1,1,1,1,1,1,10,25,2,1,1,1,2,6,1,Amber,3.1,520.00%,5,High Dormancy - Review
1580523840,Midtown Physiotherapy and Rehabilitation Center,Md. Ashraful Islam,KA,ISD,MMBO,1.15%,Pitch/Own Source,DHAKA,"863/1 Moddhomonipur, Mirpur 2, Dhaka 1216",2/5/2026,Diagnostics,2,0,0,0,N/A,6,"5,002",3,834,0,0,0,N/A,"1,475","2,486,965","1,020","1,686",3,"1,559",3,6,11,2,2,2,2,2,6,1,Amber,3,200.00%,6,High Dormancy - Review
1955945219,Noori,Md. Ashraful Islam,KA,ISD,M+,1.15%,Pitch/Own Source,DHAKA,"Bari-02, Road-144 Police Plaza, Concord Dokan No-330, 332 3Rd Floor, Gulshan 1 Dhaka-1212",2/5/2026,Apparel Standalone,2,0,0,0,N/A,8,"98,300",7,"12,288",42,"478,725",40,"11,398",1,"15,800",1,"15,800",1,"8,500",1,0,0,0,0,0,0,0,0,0,Zero Transacting,N/A,New,2,Monitor
1552544193,Osmani Medicine Corner,Shahriar Shamim,KA,ISD,Lite B,1.15%,Merchant Referral,#N/A,#N/A,2/8/2026,#N/A,2,0,0,0,N/A,0,0,0,N/A,0,0,0,N/A,0,0,0,N/A,0,0,0,0,0,0,0,0,0,29,"40,788",5,Active,1406.482759,New,3,Sudden Reactivation - Review
1602054560,Desh Collection,Md. Sazzad Hossain Sojan,KA,ISD,M+,1.15%,Pitch/Own Source,DHAKA,"52, Jahir Market, Mirpur Road, 5Th Floor, New Market, Dhaka-1205",2/8/2026,Apparel Standalone,2,0,0,0,N/A,9,"7,210",9,801,24,"66,700",21,"2,779",24,"60,350",16,"2,515",12,"18,052",11,10,"16,991",7,9,"25,050",7,15,"35,669",9,Active,2377.933333,42.39%,1,Monitor
1920400168,footloose,Md. Ashraful Islam,Online Payments,ISD,Lite A,1.29%,Pitch/Own Source,DHAKA,"H, K21, R27, Banani, Dhaka-1213",2/8/2026,E-Commerce,2,0,0,0,N/A,14,"29,505",12,"2,108",12,"14,540",10,"1,212",8,"19,622",5,"2,453",14,"28,494",13,8,"17,195",8,6,"18,389",4,9,"22,149",6,Active,2461,20.45%,1,Monitor
1968393191,Gloria Mart Ltd,Md. Ashraful Islam,KA,ISD,M+,1.15%,Pitch/Own Source,DHAKA,"Plot-125/A Block-A Bashundhara Abashik Elaka, Bhatara, Dhaka-1229",2/8/2026,Restaurant & Cafe,2,0,0,0,N/A,68,"52,803",58,777,53,"78,386",43,"1,479",0,0,0,N/A,0,0,0,0,0,0,0,0,0,0,0,0,Zero Transacting,N/A,New,6,High Dormancy - Review
1711927983,M.R Travels International,Shahriar Shamim,Travel & Tourism,ISD,Lite A,1.29%,CIMT,DHAKA,"102 Kazi Nazrul Islam Avenue, 10Th Floor, B S E C Bhaban, Tejgaon Dhaka-1215",2/8/2026,Offline,2,0,0,0,N/A,3,"1,500",3,500,0,0,0,N/A,3,"28,502",3,"9,501",0,0,0,0,0,0,0,0,0,0,0,0,Zero Transacting,N/A,New,2,Monitor
1612647477,ZAF World Inc,Md. Ashraful Islam,Online Payments,ISD,Lite A,1.29%,CIMT,DHAKA,"191 Mitali Hawkers Market Shop No-15, Mirur Dhaka-1216",2/8/2026,E-Commerce,2,0,0,0,N/A,2,111,2,56,0,0,0,N/A,0,0,0,N/A,0,0,0,0,0,0,0,0,0,0,0,0,Zero Transacting,N/A,New,1,Monitor
1335181108,Babuland Limited,Md. Meraj Ali Akash,Travel & Tourism,ISD,M+,1.15%,Merchant Referral,CHITTAGONG,"Meridian Kohinoor City Level 9 344, Mm Ali Road, Dampara Opposite Of Chttogram Dampara Police Head Quarter Beside Bawa School Near Chattogram Wasa Circle Chattogram 4000",2/9/2026,Offline,2,0,0,0,N/A,0,0,0,N/A,193,"143,743",140,745,242,"171,605",168,709,434,"313,621",303,349,"242,391",223,399,"329,868",279,364,"309,867",255,Active,851.282967,-6.06%,1,Monitor
1335181109,Babuland Limited,Md. Meraj Ali Akash,Travel & Tourism,ISD,M+,1.15%,Merchant Referral,DHAKA,House 76/A Level 4 Banani 11 No Road Beside Aarong Building Dhaka 1213,2/9/2026,Offline,2,0,0,0,N/A,0,0,0,N/A,0,0,0,N/A,134,"112,650",81,841,188,"134,353",121,153,"133,706",98,170,"124,427",111,174,"89,384",115,Active,513.7011494,-28.16%,1,Monitor
1805464919,MOOGGIMAMA GLOBAL LTD,Md. Sazzad Hossain Sojan,KA,ISD,MMBO,1.15%,Pitch/Own Source,DHAKA,81/A Ground Floor Shuvash Ghosh Avenue Lakkhibazar Suttrapur Dhaka 1100,2/9/2026,Restaurant & Cafe,2,0,0,0,N/A,78,"35,062",73,450,135,"60,991",118,452,171,"72,710",143,425,122,"53,087",102,102,"42,672",83,171,"79,554",145,166,"76,443",135,Active,460.5,-3.91%,1,Monitor
1805464918,MOOGGIMAMA GLOBAL LTD,Md. Sazzad Hossain Sojan,KA,ISD,MMBO,1.15%,Pitch/Own Source,DHAKA,"Plot S W H 05, Road 2 Level 2 Gulshan 01 Dhaka 1212",2/9/2026,Restaurant & Cafe,2,0,0,0,N/A,37,"20,348",31,550,63,"24,176",47,384,102,"44,871",86,440,81,"39,411",66,77,"26,117",65,115,"45,928",93,97,"44,748",88,Active,461.3195876,-2.57%,3,Monitor
1805464917,MOOGGIMAMA GLOBAL LTD,Md. Sazzad Hossain Sojan,KA,ISD,MMBO,1.15%,Pitch/Own Source,DHAKA,"Plot 559/A H-930C Ground Floor, Khilgaon Dhaka South City Corporation Dhaka 1219",2/9/2026,Restaurant & Cafe,2,0,0,0,N/A,0,0,0,N/A,0,0,0,N/A,0,0,0,N/A,0,0,0,0,0,0,0,0,0,1,139,1,Amber,139,New,6,High Dormancy - Review
1805995180,Shahzadi mart,Md. Sazzad Hossain Sojan,Online Payments,OSD,Lite A,1.29%,Pitch/Own Source,COMILLA,"Shop No 322, Rupayan Delwar Tower 2Nd Floor Kandirpar Cumilla Adarsha Sadar Comilla 3500",2/9/2026,E-Commerce,2,0,0,0,N/A,4,"3,001",4,750,403,"672,040",394,"1,668",566,"1,194,266",553,"2,110",359,"1,108,432",298,76,"140,835",70,0,0,0,0,0,0,Zero Transacting,N/A,New,7,High Dormancy - Review
1791350268,Desh Universal (Pvt )LTD,Md. Sazzad Hossain Sojan,Online Payments,ISD,M+,1.50%,Merchant Referral,DHAKA,"House 82-83, Assalam Tower, Zoo Road, Mirpur, Section 2, Mirpur, Dhaka 1216",2/10/2026,E-Commerce,2,0,0,0,N/A,4,"1,213",4,303,10,"30,213",8,"3,021",11,"22,420",9,"2,038",17,"18,574",11,16,"26,032",14,11,"66,964",10,20,"23,002",12,Active,1150.1,-65.65%,4,Monitor
1917199980,Tonnis Kitchen,Md. Sazzad Hossain Sojan,KA,ISD,M+,1.15%,Pitch/Own Source,DHAKA,"22 Boro Mogbazar Mew Iskaton, Ramna, Dhaka 1217",2/11/2026,Restaurant & Cafe,2,0,0,0,N/A,200,"800,070",186,"4,000",590,"2,317,076",522,"3,927",195,"650,248",179,"3,335",102,"235,602",88,330,"794,860",291,671,"1,819,140",595,832,"2,531,534",732,Active,3042.709135,39.16%,2,Monitor
1818372805,Engineering university school and college,Md. Ashraful Islam,Education,ISD,Pay Bill,1.50%,Pitch/Own Source,DHAKA,"Ramna, Dhaka Mahanagari, Ramna, Dhaka 1217",2/11/2026,National Curriculum-Private,2,0,0,0,N/A,8,"30,655",6,"3,832",11,"84,640",11,"7,695",80,"376,950",73,"4,712",99,"304,772",88,138,"464,112",126,95,"288,350",83,118,"632,820",105,Active,5362.881356,119.46%,3,Monitor
1844178939,Ferdous tailors & fabrics,Md. Ashraful Islam,KA,ISD,MMBO,1.15%,Pitch/Own Source,DHAKA,"Gulshan-2, Shop No-22, Alom Arcade, 43 Felani Ave, Gulshan, Dhaka-1212",2/11/2026,Apparel Chain,2,0,0,0,N/A,9,"102,585",8,"11,398",25,"239,596",23,"9,584",26,"301,333",21,"11,590",30,"211,409",25,28,"214,071",27,34,"312,350",29,29,"249,792",26,Active,8613.517241,-20.03%,3,Monitor
1799440077,Banaat,Shahriar Shamim,KA,ISD,MMBO,1.15%,Pitch/Own Source,DHAKA,"Bashundhara City Shopping, Mall Level-3, Block C, Shop-21, Tejgaon, Dhaka-1215",2/11/2026,Apparel Chain,2,0,0,0,N/A,14,"20,800",14,"1,486",0,0,0,N/A,3,"1,502",3,501,0,0,0,31,"55,470",30,106,"126,760",105,86,"101,530",76,Active,1180.581395,-19.90%,3,Monitor
1714208410,Banaat,Shahriar Shamim,KA,ISD,MMBO,1.15%,Pitch/Own Source,DHAKA,"Shop-1, Da-12, Block-D, Level-1, Jamuna Future Park, Vatara, Dhaka-1229",2/11/2026,Apparel Chain,2,0,0,0,N/A,2,"1,005",2,503,0,0,0,N/A,0,0,0,N/A,0,0,0,0,0,0,0,0,0,0,0,0,Zero Transacting,N/A,New,4,Monitor
1767992878,Madrasha Darus Sunnah,Md. Ashraful Islam,Education,ISD,M+,1.30%,CIMT,DHAKA,Sang 628/A Block Dha Mirpur Pallabi Dhaka 1216,2/11/2026,National Curriculum-Private,2,0,0,0,N/A,0,0,0,N/A,0,0,0,N/A,0,0,0,N/A,0,0,0,0,0,0,0,0,0,0,0,0,Zero Transacting,N/A,New,1,Monitor
1998006544,united college of aviation science and technology,Md. Ashraful Islam,Education,ISD,M+,1.30%,Merchant Referral,DHAKA,"Sector-03, Road-04, House-16, Uttara, Dhaka-1230 Bangladesh",2/12/2026,College-Private,2,0,0,0,N/A,5,"1,202",5,240,0,0,0,N/A,0,0,0,N/A,0,0,0,22,"65,450",22,3,"5,590",3,31,"73,920",27,Active,2384.516129,1222.36%,1,Monitor
1805990636,Amar Pathshala,Shahriar Shamim,KA,ISD,MMBO,1.15%,Pitch/Own Source,BHOLA,"Jamiralota Madrasha Opposite, House 2, Bhola Sadar, Bhola 8300",2/12/2026,Books & Sports,2,0,0,0,N/A,96,"152,595",96,"1,590",245,"414,896",242,"1,693",51,"92,787",51,"1,819",0,0,0,24,"15,691",24,0,0,0,3,"1,202",3,Active,400.6666667,New,1,Sudden Reactivation - Review
1713221984,Abu Zor (R:) Madrasha,Shahriar Shamim,KA,ISD,M+,1.30%,Pitch/Own Source,MYMENSINGH,"Morium Nagar Rangunia 4360, Chattagram-4360",2/12/2026,National Curriculum-Private,2,0,0,0,N/A,5,"1,003",3,201,32,"18,406",4,575,110,"59,000",4,536,1,600,1,0,0,0,0,0,0,0,0,0,Zero Transacting,N/A,New,3,Monitor
1805990635,Amar Pathshala,Shahriar Shamim,KA,ISD,MMBO,1.15%,Pitch/Own Source,DHAKA,"130/A Baganbari, Madartek, Bashabo, Sabujbag, Dhaka 1214",2/12/2026,Books & Sports,2,0,0,0,N/A,224,"412,082",224,"1,840",320,"554,209",318,"1,732",65,"89,960",65,"1,384",0,0,0,13,"18,160",13,0,0,0,0,0,0,Zero Transacting,N/A,New,1,Monitor
1805990637,Amar Pathshala,Shahriar Shamim,KA,ISD,MMBO,1.15%,Pitch/Own Source,BHOLA,"Ali Nagar 2 No Word Hazi Manjil 4Th Floor, Bhola Sadar, Bhola 8300",2/12/2026,Books & Sports,2,0,0,0,N/A,124,"247,651",124,"1,997",292,"457,359",290,"1,566",50,"51,481",50,"1,030",0,0,0,10,"16,821",10,0,0,0,0,0,0,Zero Transacting,N/A,New,1,Monitor
1678037071,Irises Designer Studio,Shahriar Shamim,Online Payments,ISD,Lite A,1.29%,CIMT,DHAKA,"Ka 96/1/D, Kuril Progoti Sarani, Bhatara, Dhaka 1229",2/12/2026,E-Commerce,2,0,0,0,N/A,3,"1,200",3,400,0,0,0,N/A,5,"9,202",5,"1,840",8,"34,752",8,0,0,0,0,0,0,0,0,0,Zero Transacting,N/A,New,1,Monitor
1804671137,Eliana,Md. Meraj Ali Akash,Online Payments,ISD,Lite A,1.29%,CIMT,DHAKA,"House-9, Road-34, Block-D, Mirpur-10, Mirpur, Dhaka-1216",2/14/2026,E-Commerce,2,0,0,0,N/A,42,"26,761",33,637,342,"114,655",325,335,243,"73,860",240,304,213,"63,077",209,124,"36,954",123,185,"79,395",180,206,"89,123",201,Active,432.6359223,12.25%,1,Monitor
1760686660,G te goyna,Md. Ashraful Islam,Online Payments,ISD,Lite A,1.29%,CIMT,DHAKA,"House-115, Road-08, Shekhertek, Mohammadpur, Dhaka-1207",2/15/2026,E-Commerce,2,0,0,0,N/A,21,"28,200",13,"1,343",32,"86,157",29,"2,692",22,"47,375",20,"2,153",17,"40,350",15,11,"19,014",11,9,"17,640",9,7,"10,000",7,Active,1428.571429,-43.31%,3,Monitor
1875666772,Darus Sunnah Hifz Madrasha,Shahriar Shamim,Education,OSD,M+,1.30%,CIMT,CHITTAGONG,"Morium Nagar, Rangunia, Chattogram-4360",2/16/2026,National Curriculum-Private,2,0,0,0,N/A,3,"1,000",1,333,3,"1,000",1,333,1,500,1,500,2,213,1,18,769,1,9,"7,994",2,3,"12,551",3,Active,4183.666667,57.01%,5,High Dormancy - Review
1973861018,Jhoori Dot Com,Md. Meraj Ali Akash,KA,OSD,M+,1.15%,Merchant Referral,CHITTAGONG,"System Imperial Complex 3Rd Floor, Kapasgola Road, Chak Bazar Baklia Chittagong-4203",2/16/2026,Personal Care,2,0,0,0,N/A,4,"6,900",2,"1,725",0,0,0,N/A,0,0,0,N/A,1,800,1,21,"42,215",20,14,"39,260",11,4,"12,380",4,Active,3095,-68.47%,2,Monitor
1886344406,Emish,Md. Ashraful Islam,Online Payments,ISD,Lite A,1.29%,CIMT,DHAKA,"303/C 2Nd Floor, Sat Masjid Super Market Mohammadpur Dhaka-1207",2/16/2026,E-Commerce,2,0,0,0,N/A,4,"3,001",3,750,7,"24,575",6,"3,511",1,"1,409",1,"1,409",6,"8,530",4,9,"5,078",7,30,"34,346",27,4,"6,441",3,Active,1610.25,-81.25%,6,High Dormancy - Review
1332148237,M/S Bright Learning Academy,Md. Ashraful Islam,Education,ISD,M+,1.50%,CIMT,DHAKA,"Plot-34 Awal Center 7Th Floor, Kamal Ataturk Avenue, Banani Dhaka-1213",2/16/2026,Coaching Center,2,0,0,0,N/A,6,"6,002",6,"1,000",5,"7,401",4,"1,480",1,"6,000",1,"6,000",6,"27,000",5,1,700,1,0,0,0,5,"1,500",5,Active,300,New,3,Sudden Reactivation - Review
1881662826,Laura Ashley Bangladesh,Md. Meraj Ali Akash,KA,ISD,M+,1.15%,Pitch/Own Source,DHAKA,"110/3, Purbo Rayer Bazar Road No-8/A, Notun, Poschim Dhanmondi, Dhanmondi, Dhaka-1209",2/18/2026,Gifts and Wearables,2,0,0,0,N/A,13,"13,490",12,"1,038",33,"18,175",30,551,14,"8,895",14,635,32,"24,646",30,22,"13,805",16,36,"52,745",35,43,"59,900",33,Active,1393.023256,13.57%,1,Monitor
1828464160,Happy Mommy,Md. Ashraful Islam,Online Payments,ISD,Lite A,1.29%,Whatsapp Group,DHAKA,"165 Moddho Basabo, Sabujbag, Dhaka 1214",2/18/2026,E-Commerce,2,0,0,0,N/A,9,"4,137",7,460,9,"1,360",9,151,8,"7,950",8,994,4,"3,430",4,4,"7,730",4,7,"7,450",5,4,"9,480",4,Active,2370,27.25%,4,Monitor
1800095555,Alisha Arish Corporation,Shahriar Shamim,Online Payments,ISD,Lite A,1.29%,CIMT,DHAKA,"Holding-295, Dhaka Garden, Syednagar, Bhatara, Dhaka-1212",2/18/2026,E-Commerce,2,0,0,0,N/A,5,"6,150",5,"1,230",3,"2,702",3,901,0,0,0,N/A,0,0,0,3,"16,500",3,3,"39,300",3,3,"7,001",3,Active,2333.666667,-82.19%,2,Monitor
1601414175,Afra International Trading,Shahriar Shamim,KA,ISD,M+,1.15%,Pitch/Own Source,DHAKA,"Plot-4, Room-130 7Th Floor Muktobangla Shopping Complex, Mirpur-1 Dhaka-1216",2/18/2026,Footwear,2,0,0,0,N/A,0,0,0,N/A,3,"1,000",3,333,3,"1,000",3,333,0,0,0,0,0,0,0,0,0,0,0,0,Zero Transacting,N/A,New,5,High Dormancy - Review
1846885868,Go gadget,Md. Ashraful Islam,KA,ISD,M+,1.15%,Pitch/Own Source,DHAKA,"Dokan-624, Level-6, Lift-5, Mirpur Shopping Center, Mirpur-2, Mirpur, Dhaka-1216",2/18/2026,Mobile & Gadget,2,0,0,0,N/A,144,"221,131",143,"1,536","1,281","2,076,074","1,246","1,621","1,135","2,078,847","1,112","1,832",5,"2,200",5,4,"3,301",3,0,0,0,0,0,0,Zero Transacting,N/A,New,5,High Dormancy - Review
1819553344,Saba Sanabil Islamic School,Md. Meraj Ali Akash,Education,ISD,M+,1.30%,Pitch/Own Source,SYLHET,"West Kesri, Zakiganj, Sylhet-3100",2/18/2026,National Curriculum-Private,2,0,0,0,N/A,3,"1,220",3,407,0,0,0,N/A,0,0,0,N/A,0,0,0,0,0,0,0,0,0,0,0,0,Zero Transacting,N/A,New,2,Monitor
1792247789,ZAF World inc,Md. Ashraful Islam,Online Payments,ISD,Lite A,1.29%,CIMT,DHAKA,"191, Dokkhin Bishil, Mitali Hakars Market, Dokan No-15, Mirpur-1, Mirpur, Dhaka-1216",2/18/2026,E-Commerce,2,0,0,0,N/A,3,"2,500",3,833,1,"2,500",1,"2,500",2,"1,510",2,755,4,"2,351",4,0,0,0,3,"1,002",3,0,0,0,Zero Transacting,N/A,-100.00%,7,High Dormancy - Review
1778921865,Baking House,Md. Ashraful Islam,Online Payments,ISD,Lite A,1.29%,CIMT,DHAKA,12 Arambag Motijheel Dhaka-1000,2/19/2026,E-Commerce,2,0,0,0,N/A,4,"1,152",3,288,4,"3,325",4,831,82,"25,010",80,305,99,"27,460",97,152,"59,880",149,166,"52,903",163,169,"66,040",162,Active,390.7692308,24.83%,2,Monitor
1335184463,banglaco limited,Md. Ashraful Islam,Travel & Tourism,ISD,Lite A,1.29%,CIMT,DHAKA,"113 Concord Tower, Kazi Nazrul Islam Avenue Dhaka Gulshan-1212",2/19/2026,Offline,2,0,0,0,N/A,5,"14,702",5,"2,940",0,0,0,N/A,4,"18,028",3,"4,507",0,0,0,0,0,0,3,"26,501",3,5,"23,560",4,Active,4712,-11.10%,1,Monitor
1332557647,Edison International Ltd.,Md. Meraj Ali Akash,Online Payments,ISD,Lite A,1.29%,Merchant Referral,DHAKA,"Rangs Babiloniyo 246 Bir Uttom Mir Soukot Sarak, Level-9, Tejgaon Dhaka-1215",2/19/2026,E-Commerce,2,0,0,0,N/A,5,"3,080",4,616,8,"28,640",8,"3,580",16,"65,870",15,"4,117",4,"11,225",3,0,0,0,8,"30,020",8,4,"9,620",4,Active,2405,-67.95%,2,Monitor
1948757857,The River's Edge,Md. Meraj Ali Akash,KA,ISD,Lite A,1.29%,Pitch/Own Source,DHAKA,Beside Birulia Bridge Birulia Savar Dhaka-1340,2/19/2026,Restaurant & Cafe,2,0,0,0,N/A,0,0,0,N/A,0,0,0,N/A,0,0,0,N/A,1,1,1,0,0,0,0,0,0,251,"10,060",149,Active,40.07968127,New,1,Sudden Reactivation - Review
1345579642,Borno AI,Md. Sazzad Hossain Sojan,Online Payments,ISD,M+,10%,CIMT,DHAKA,"53/1 Box Nagar Grameen Telicom Bhobon 9Th Floor, Chiria Khana Road, Mirpur-1 Dhaka-1216",2/19/2026,Content,2,0,0,0,N/A,4,"4,000",3,"1,000",0,0,0,N/A,1,2,1,2,0,0,0,0,0,0,0,0,0,0,0,0,Zero Transacting,N/A,New,1,Monitor
1811944684,Lenscart,Md. Meraj Ali Akash,KA,ISD,M+,1.15%,Merchant Referral,DHAKA,"Shop-4, Level-3, Aqr Shopping Mall Baily Road, Ramna, Dhaka-1000",2/19/2026,Gifts and Wearables,2,0,0,0,N/A,5,"1,897",5,379,33,"43,890",30,"1,330",7,"6,620",7,946,5,"3,851",5,3,"3,600",3,4,"2,901",4,0,0,0,Zero Transacting,N/A,-100.00%,5,High Dormancy - Review
1948726878,The River's Edge,Md. Meraj Ali Akash,Online Payments,ISD,Lite A,1.29%,Pitch/Own Source,DHAKA,"Birulia Bridge Birulia-1216 Savar Dhaka Ward-06, Dhaka-1340",2/19/2026,E-Commerce,2,0,0,0,N/A,0,0,0,N/A,0,0,0,N/A,0,0,0,N/A,0,0,0,0,0,0,0,0,0,0,0,0,Zero Transacting,N/A,New,1,Monitor
1410770252,The Smart Corporation,Md. Meraj Ali Akash,KA,ISD,M+,1.15%,Pitch/Own Source,DHAKA,"15 Shukrabad Shere E Bangla Nagar, Dhaka-1207",2/19/2026,Pharmacy,2,0,0,0,N/A,6,"2,135",5,356,6,"1,443",6,241,3,820,3,273,3,"2,576",3,3,230,3,0,0,0,0,0,0,Zero Transacting,N/A,New,1,Monitor
1335101883,Ambala Commerce,Md. Ashraful Islam,KA,ISD,M+,1.50%,CIMT,DHAKA,"House-67, Block-Ka, Pici Culture Housing Society, Shyamoli, Mohammadpur, Dhaka-1207",2/21/2026,Mobile & Gadget,2,0,0,0,N/A,6,"4,044",4,674,210,"1,536,776",181,"7,318","5,374","33,816,031","3,630","6,293","28,271","134,000,000","14,994","46,876","214,000,000","25,736","58,174","262,000,000","33,803","61,764","262,848,329","37,638",Active,4255.688249,0.32%,1,Monitor
1347164262,Kalo Coffee,Md. Meraj Ali Akash,KA,ISD,MMBO,1.15%,Merchant Referral,DHAKA,"Plot-12/D-12 E, Block-A, Main Avenue, Boshundhara, Vatara, Dhaka-1229",2/21/2026,Restaurant & Cafe,2,0,0,0,N/A,0,0,0,N/A,122,"72,088",106,591,193,"109,655",154,568,139,"91,187",113,236,"137,143",174,234,"164,261",179,226,"137,410",171,Active,608.0088496,-16.35%,2,Monitor
1805738570,Classy Touch,Md. Sazzad Hossain Sojan,KA,ISD,M+,1.15%,Pitch/Own Source,DHAKA,"Shop No 47, Latif Emporium Shopping Complex 2Nd Floor, Rajlakkhi Uttara Dhaka-1230",2/21/2026,Apparel Standalone,2,0,0,0,N/A,5,"1,010",3,202,168,"292,589",151,"1,742",13,"27,452",13,"2,112",19,"38,312",18,10,"20,430",10,3,"8,921",3,18,"36,005",16,Active,2000.277778,303.60%,2,Monitor
1581799666,Lead Nation Academy (LNA),Md. Ashraful Islam,Education,ISD,M+,1.50%,CIMT,DHAKA,Plot No 06 Tejgaon I/A Tejgaon Dhaka 1208,2/21/2026,Training Institute,2,0,0,0,N/A,3,"1,033",3,344,6,"10,000",6,"1,667",26,"85,500",20,"3,288",6,"9,000",5,24,"69,000",17,22,"62,834",17,4,"16,000",3,Active,4000,-74.54%,2,Monitor
1349002180,yoga with doctor,Md. Ashraful Islam,Online Payments,ISD,Lite A,1.29%,Pitch/Own Source,DHAKA,"75-Ka, Mohakhali, Wirelessgate, Gulshan, Dhaka-1212",2/21/2026,E-Commerce,2,0,0,0,N/A,3,"1,052",3,351,0,0,0,N/A,0,0,0,N/A,1,1,1,0,0,0,0,0,0,0,0,0,Zero Transacting,N/A,New,2,Monitor
1352025335,yoga with doctor,Md. Ashraful Islam,KA,ISD,M+,1.15%,Pitch/Own Source,DHAKA,"75-Ko, Mohakhali Warless Gate, Gulshan, Dhaka-1212",2/22/2026,Diagnostics,2,0,0,0,N/A,5,"1,503",4,301,10,"20,500",9,"2,050",34,"101,360",31,"2,981",32,"61,580",29,55,"180,250",51,67,"211,450",54,73,"249,405",63,Active,3416.506849,17.95%,5,High Dormancy - Review
1709990909,M/S Greenland trading & contracting,Md. Sazzad Hossain Sojan,Online Payments,ISD,Lite A,1.29%,Merchant Referral,DHAKA,"House-16, Hr Club, 1St Floor Lift 1, Gulshan-1, Gulshan, Dhaka-1212",2/23/2026,E-Commerce,2,0,0,0,N/A,7,"3,462",7,495,19,"27,751",14,"1,461",13,"13,173",10,"1,013",21,"26,745",14,14,"16,748",14,66,"114,903",50,64,"106,368",45,Active,1662,-7.43%,5,High Dormancy - Review
1323116699,Nemo Restaurant,Md. Meraj Ali Akash,KA,ISD,M+,1.15%,Pitch/Own Source,DHAKA,"Dokan 2, Centrum, Plot 1063, Block I, Road 16, Bashundhara Ab/A, Bhatara, Dhaka-1229",2/23/2026,Restaurant & Cafe,2,0,0,0,N/A,9,"6,222",8,691,43,"46,571",39,"1,083",78,"77,612",63,995,93,"98,555",79,93,"98,250",72,84,"76,788",75,70,"67,830",63,Active,969,-11.67%,4,Monitor
1705155405,jungle cafe,Md. Sazzad Hossain Sojan,KA,ISD,M+,1.15%,Pitch/Own Source,GAZIPUR,Rudropur Rajendropur Cant Joydebpur Gazipur Sadar-1712,2/23/2026,Restaurant & Cafe,2,0,0,0,N/A,3,"1,000",3,333,0,0,0,N/A,3,"1,390",3,463,16,"5,325",14,26,"13,022",18,33,"12,681",28,35,"15,905",31,Active,454.4285714,25.42%,3,Monitor
1601665859,Glam girl,Md. Sazzad Hossain Sojan,KA,ISD,M+,1.15%,Whatsapp Group,DHAKA,"105/1/A Kolwalapara Main Road, Shadhin Bangla Super Market, Dokan No 256 2 Tola, Mirpur 1, Mirpur, Dhaka 1216",2/23/2026,Apparel Standalone,2,0,0,0,N/A,6,"6,600",6,"1,100",35,"104,150",35,"2,976",3,"2,202",3,734,3,"6,750",3,0,0,0,5,"1,940",5,5,"3,150",5,Active,630,62.37%,1,Monitor
1893517149,Angelica International School,Shahriar Shamim,Education,OSD,M+,1.30%,Merchant Referral,DHAKA,"B 83/1 Bazar Road, Svar, Dhaka 1340",2/23/2026,National Curriculum-Private,2,0,0,0,N/A,4,"1,320",3,330,1,10,1,10,4,"1,506",3,377,3,120,3,6,780,3,0,0,0,0,0,0,Zero Transacting,N/A,New,1,Monitor
1306224892,Fisherman Uttara,Md. Ashraful Islam,KA,ISD,MMBO,1.15%,Pitch/Own Source,DHAKA,"House-04, Rasta-02, Ahalia, Turag, Dhaka-1230",2/23/2026,Restaurant & Cafe,2,0,0,0,N/A,2,2,2,1,13,"10,808",13,831,31,"29,926",31,965,31,"30,690",29,19,"15,682",19,0,0,0,0,0,0,Zero Transacting,N/A,New,2,Monitor
1787904941,Fisherman Uttara,Md. Ashraful Islam,KA,ISD,MMBO,1.15%,Pitch/Own Source,DHAKA,"Bari-04, Rasta-02 Ahalia Turag Dhaka-1230",2/23/2026,Restaurant & Cafe,2,0,0,0,N/A,2,2,2,1,0,0,0,N/A,1,1,1,1,0,0,0,0,0,0,0,0,0,0,0,0,Zero Transacting,N/A,New,4,Monitor
1709990905,M/S Greenland trading & contracting,Md. Sazzad Hossain Sojan,Online Payments,ISD,Lite A,1.29%,Merchant Referral,DHAKA,"House-16, Hr Club, 1St Floor Lift-1 Gulshan-1 Dhaka-1212",2/23/2026,E-Commerce,2,0,0,0,N/A,3,"1,000",3,333,0,0,0,N/A,0,0,0,N/A,2,787,2,0,0,0,0,0,0,0,0,0,Zero Transacting,N/A,New,4,Monitor
1400551255,Onusilon,Md. Meraj Ali Akash,Education,ISD,M+,1.50%,Merchant Referral,GOPALGANJ,"Plot-02, Ramdia Residential Housing Kashiani Gopalganj-8131",2/23/2026,Training Institute,2,0,0,0,N/A,3,"1,400",3,467,3,"1,802",3,601,0,0,0,N/A,0,0,0,1,1,1,0,0,0,0,0,0,Zero Transacting,N/A,New,1,Monitor
1874365699,Posh Collections,Md. Ashraful Islam,KA,ISD,M+,1.29%,Pitch/Own Source,DHAKA,"Basa 133/A Jamtola, Purbo Rampura, Khilgaon, Dhaka 1219",2/23/2026,Apparel Standalone,2,0,0,0,N/A,3,"2,255",3,752,2,"10,001",1,"5,001",1,"1,000",1,"1,000",3,"9,500",3,0,0,0,0,0,0,0,0,0,Zero Transacting,N/A,New,3,Monitor
1319588303,liberty pizza,Talha Yusuf,KA,ISD,M+,1.29%,Pitch/Own Source,DHAKA,"House-98/C, Road-11, Banani, Dhaka-1213",2/24/2026,Restaurant & Cafe,2,0,0,0,N/A,3,"1,302",3,434,250,"182,806",186,731,310,"223,025",242,719,226,"142,058",186,271,"216,021",218,371,"268,964",318,311,"265,463",269,Active,853.5787781,-1.30%,4,Monitor
1323116688,Dastan Restaurant,Md. Meraj Ali Akash,KA,ISD,M+,1.15%,Pitch/Own Source,DHAKA,"Shop D2, Centrum, Plote 1063, Block I, Raod 16, Bashundhara R/A, Vatara, Dhaka 1229",2/24/2026,Restaurant & Cafe,2,0,0,0,N/A,8,"4,665",8,583,216,"133,065",186,616,170,"96,215",144,566,184,"97,731",168,137,"109,745",122,152,"89,367",138,165,"104,465",147,Active,633.1212121,16.89%,2,Monitor
1323832780,cholokinbo,Talha Yusuf,Online Payments,ISD,Lite A,1.29%,CIMT,DHAKA,"119/1/A, Purbo Maniknagar, Mugda, Wari, Dhaka-1203",2/24/2026,E-Commerce,2,0,0,0,N/A,6,"1,011",4,169,0,0,0,N/A,7,"34,100",3,"4,871",1,1,1,276,"21,775",270,694,"76,677",685,859,"86,334",846,Active,100.5052386,12.59%,1,Monitor
1770422570,national overseas,Md. Ashraful Islam,Travel & Tourism,ISD,Lite A,1.29%,CIMT,DHAKA,55/5 Nayapaltan Paltan Dhaka 1000,2/24/2026,Offline,2,0,0,0,N/A,3,"1,002",3,334,0,0,0,N/A,0,0,0,N/A,1,1,1,0,0,0,0,0,0,4,"71,400",4,Active,17850,New,1,Sudden Reactivation - Review
1713155065,Reve Foods Limited,Md. Ashraful Islam,KA,ISD,MMBO,1.15%,Pitch/Own Source,DHAKA,"House 47, Road 4, Block-E, Banasree Rampura Dhaka 1219",2/24/2026,Restaurant & Cafe,2,0,0,0,N/A,0,0,0,N/A,0,0,0,N/A,0,0,0,N/A,35,"12,018",29,193,"82,359",160,217,"87,480",174,90,"39,736",81,Active,441.5111111,-54.58%,1,Monitor
1611541144,odiqco,Talha Yusuf,Online Payments,ISD,Lite A,1.29%,Merchant Referral,DHAKA,136 Dr Kudrat E Khuda Road Shop No 607 Elephant Road Plaza Central By Ananta Level 06 Kalabagan Dhaka 1205,2/24/2026,E-Commerce,2,0,0,0,N/A,4,"1,100",3,275,1,1,1,1,4,"1,721",4,430,17,"14,600",17,48,"29,840",48,34,"29,010",34,39,"34,853",37,Active,893.6666667,20.14%,6,High Dormancy - Review
1324723272,Techno Lab,Shahriar Shamim,Online Payments,ISD,Lite A,1.29%,Merchant Referral,DHAKA,House 28 Ground Floor Boad 1 Block B Banasree Rampura Dhaka 1219,2/24/2026,E-Commerce,2,0,0,0,N/A,4,"2,700",4,675,5,"17,002",3,"3,400",3,"13,001",3,"4,334",0,0,0,0,0,0,1,"1,000",1,4,"30,040",3,Active,7510,2904.00%,4,Monitor
1713155054,Reve Foods Limited,Md. Ashraful Islam,KA,ISD,MMBO,1.15%,Pitch/Own Source,DHAKA,"House-41, Kemal Ataturk Ave, Dhaka-1213",2/24/2026,Restaurant & Cafe,2,0,0,0,N/A,0,0,0,N/A,0,0,0,N/A,0,0,0,N/A,57,"21,183",42,18,"8,522",15,26,"14,197",18,61,"23,504",48,Active,385.3114754,65.56%,4,Monitor
1716355247,jompesh,Talha Yusuf,Online Payments,ISD,Lite A,1.29%,CIMT,DHAKA,74/B/1 Green Road Rh Home Center Suit No 327 Farmgate Tejgaon Dhaka 1215,2/24/2026,E-Commerce,2,0,0,0,N/A,4,"1,022",3,256,8,"18,296",7,"2,287",0,0,0,N/A,9,"15,027",5,6,"12,897",5,19,"25,070",17,9,"15,967",8,Active,1774.111111,-36.31%,3,Monitor
1988007704,Novara Ventures,Shahriar Shamim,Online Payments,ISD,Lite A,1.29%,CIMT,DHAKA,50 Sher E Bangla Road Flat 98 Dhanmondi Dhaka 1209,2/24/2026,E-Commerce,2,0,0,0,N/A,8,"4,475",6,559,13,"18,585",13,"1,430",4,"7,100",4,"1,775",8,"11,979",7,3,"2,070",3,1,"9,742",1,5,"12,088",5,Active,2417.6,24.08%,4,Monitor
1410588662,Desh Collection,Md. Sazzad Hossain Sojan,KA,OSD,MMBO,1.15%,Pitch/Own Source,PABNA,"Fokir Nurul Islam Tower, Station Road, Ishwardipabna-6620",2/24/2026,Apparel Chain,2,0,0,0,N/A,11,"14,861",10,"1,351",118,"221,290",109,"1,875",4,"8,510",4,"2,128",20,"32,270",18,4,"4,362",4,4,"1,293",4,6,"11,160",6,Active,1860,763.11%,5,High Dormancy - Review
1805022379,direct fresh limited,Md. Ashraful Islam,KA,ISD,MMBO,1.15%,Merchant Referral,DHAKA,"South End Sweater Co Limited, Address-Ashutia, Dhour, Turag, Uttara, Dhaka-1230",2/24/2026,Superstore Chain,2,0,0,0,N/A,3,"1,002",3,334,21,"15,797",12,752,12,"5,667",6,472,45,"34,501",30,21,"6,983",12,32,"15,386",16,20,"10,616",11,Active,530.8,-31.00%,3,Monitor
1713155066,Reve Foods Limited,Md. Ashraful Islam,KA,ISD,MMBO,1.15%,Pitch/Own Source,DHAKA,"Floor 1St, Plot 09, Road 21, Gulshan 1, Dhaka",2/24/2026,Restaurant & Cafe,2,0,0,0,N/A,0,0,0,N/A,0,0,0,N/A,0,0,0,N/A,0,0,0,0,0,0,4,"2,978",4,15,"7,962",12,Active,530.8,167.36%,7,High Dormancy - Review
1713155053,Reve Foods Limited,Md. Ashraful Islam,KA,ISD,MMBO,1.29%,Pitch/Own Source,DHAKA,"House 166, 167, Road No 1, Basundhara Dhaka 1229",2/24/2026,Restaurant & Cafe,2,0,0,0,N/A,0,0,0,N/A,0,0,0,N/A,0,0,0,N/A,39,"7,321",23,2,310,2,1,75,1,16,"3,101",9,Active,193.8125,4034.67%,4,Monitor
1845632756,Chamak Bhai,Md. Sazzad Hossain Sojan,Education,OSD,M+,1.50%,CIMT,DINAJPUR,"Food Office Songlagno Ain College More, Dinajpur Sadar, Dinajpur 5200",2/24/2026,Coaching Center,2,0,0,0,N/A,4,"1,215",3,304,1,500,1,500,0,0,0,N/A,3,"3,060",1,0,0,0,0,0,0,0,0,0,Zero Transacting,N/A,New,4,Monitor
1410588661,Desh Collection,Md. Sazzad Hossain Sojan,KA,OSD,MMBO,1.15%,Pitch/Own Source,NATORE,"Vangga Mosjid Songlogno, Notun Thanar Biporite, Kanalkhall, Nator, Natore Sadar, Natore-6400",2/24/2026,Apparel Chain,2,0,0,0,N/A,0,0,0,N/A,140,"267,631",124,"1,912",7,"9,480",5,"1,354",6,"7,820",6,4,"6,772",4,0,0,0,0,0,0,Zero Transacting,N/A,New,1,Monitor
1337322288,Device Bangla,Md. Meraj Ali Akash,KA,ISD,M+,1.15%,Pitch/Own Source,DHAKA,"37/1, Momin Mansion, Lane-1, Block-A, Section-6, Mirpur, Dhaka-1216",2/24/2026,Home Appliance,2,0,0,0,N/A,3,"1,500",3,500,3,"10,501",3,"3,500",0,0,0,N/A,0,0,0,2,620,2,0,0,0,0,0,0,Zero Transacting,N/A,New,3,Monitor
1304037003,Esho Nije Kori,Md. Meraj Ali Akash,Education,ISD,M+,1.50%,Merchant Referral,DHAKA,Flat 101 House 294 Road 04 Avenue 03 Mirpur Dohs Pallabi Dhaka 1216,2/24/2026,Training Institute,2,0,0,0,N/A,5,"1,202",3,240,3,310,3,103,0,0,0,N/A,0,0,0,0,0,0,0,0,0,0,0,0,Zero Transacting,N/A,New,3,Monitor
1886500480,Pabna Ideal Laboratory School and College,Shahriar Shamim,Education,OSD,M+,1.30%,Pitch/Own Source,PABNA,"Sodor Haspatal Road, Shalgariya, Pabna Sadar, Pabna 6600",2/24/2026,National Curriculum-Private,2,0,0,0,N/A,3,"1,200",3,400,3,"20,002",3,"6,667",3,"10,302",3,"3,434",0,0,0,1,1,1,0,0,0,0,0,0,Zero Transacting,N/A,New,2,Monitor
1917383743,Reverie School,Md. Sazzad Hossain Sojan,Education,ISD,Pay Bill,1.30%,Pitch/Own Source,DHAKA,"Plot-166-167 Block-L, Road-01, Bashundhara Dhaka Bhatara-1229",2/24/2026,National Curriculum-Private,2,0,0,0,N/A,0,0,0,N/A,0,0,0,N/A,0,0,0,N/A,0,0,0,0,0,0,0,0,0,0,0,0,Zero Transacting,N/A,New,4,Monitor
1729122077,"S,S,P Academy",Md. Ashraful Islam,Education,OSD,M+,1.50%,CIMT,PABNA,"Rotonganj, Notun Mirpur, Aminpur, Aminpur Bera, Pabna 6681",2/24/2026,National Curriculum-Private,2,0,0,0,N/A,3,"1,000",3,333,0,0,0,N/A,2,700,1,350,1,10,1,0,0,0,0,0,0,0,0,0,Zero Transacting,N/A,New,6,High Dormancy - Review
1332927121,ticket to vacation,Talha Yusuf,Travel & Tourism,ISD,Lite A,1.29%,CIMT,DHAKA,Plot 18 Gausul Ajom Avenue Sector 13 Uttara Dhaka 1230,2/24/2026,Offline,2,0,0,0,N/A,5,"1,202",5,240,0,0,0,N/A,5,"1,030",4,206,2,"3,100",2,0,0,0,4,"2,562",3,0,0,0,Zero Transacting,N/A,-100.00%,4,Monitor
1335142785,99 cover shop,Shahriar Shamim,Online Payments,ISD,Lite A,1.29%,Pitch/Own Source,DHAKA,Plot I/3 Road 3 Section 7 Pallabi Mirpur Dhaka 1216,2/25/2026,E-Commerce,2,0,0,0,N/A,1,500,1,500,8,"26,652",8,"3,332",6,"7,700",5,"1,283",12,"42,775",12,2,"30,130",2,2,"6,500",2,14,"44,000",13,Active,3142.857143,576.92%,5,High Dormancy - Review
1778785617,Bangladesh institute of plastic engineering and technology,Md. Sazzad Hossain Sojan,Education,ISD,Pay Bill,1.30%,Pitch/Own Source,DHAKA,Ainta Pangong Container Port Road South Keraniganj Dhaka 1310,2/25/2026,National Curriculum-Private,2,0,0,0,N/A,0,0,0,N/A,0,0,0,N/A,5,"4,005",4,801,4,"4,000",4,2,"2,000",2,2,"2,000",2,3,"3,000",3,Active,1000,50.00%,6,High Dormancy - Review
1978684058,CHITRAYON GRAPHICS,Shahriar Shamim,KA,ISD,M+,1.15%,Pitch/Own Source,DHAKA,"31/1, Purana Paltan Dhaka-1000",2/25/2026,Service Center,2,0,0,0,N/A,0,0,0,N/A,4,"3,250",4,813,5,"8,200",5,"1,640",2,"11,000",1,0,0,0,1,"4,000",1,1,"3,000",1,Amber,3000,-25.00%,7,High Dormancy - Review
1644959497,Travely,Shahriar Shamim,Travel & Tourism,ISD,Lite A,1.29%,CIMT,DHAKA,676 Bata Goli Shop 215/A Poschim Shewrapara Miprur Dhaka 1216,2/25/2026,Offline,2,0,0,0,N/A,1,10,1,10,1,10,1,10,5,"1,011",4,202,2,11,1,0,0,0,0,0,0,1,1,1,Amber,1,New,6,High Dormancy - Review
1716418123,Afra International Trading,Shahriar Shamim,Online Payments,ISD,Lite A,1.29%,Merchant Referral,DHAKA,"Plot 4 Room 130, 7Th Floor Muktobangla Shopping Complex Mirpur 1, Dhaka 1216",2/25/2026,E-Commerce,2,0,0,0,N/A,4,"1,200",3,300,3,"1,000",3,333,3,"2,202",3,734,0,0,0,0,0,0,0,0,0,0,0,0,Zero Transacting,N/A,New,2,Monitor
1341140564,Nobel Hope Secndory School,Shahriar Shamim,Education,OSD,M+,1.30%,Pitch/Own Source,KUSHTIA,"Refayetpur, Doulotpur Kustia-7030",2/25/2026,National Curriculum-Private,2,0,0,0,N/A,0,0,0,N/A,4,"1,021",2,255,0,0,0,N/A,0,0,0,0,0,0,0,0,0,0,0,0,Zero Transacting,N/A,New,2,Monitor
1904141610,Sellhobe.com,Shahriar Shamim,Online Payments,OSD,Lite A,1.29%,CIMT,RANGPUR,"Holding No Road Ershad Mor, Terminal Road Near Kamarpara Dhaka Bus Stand Rangpur Sadar Rangpur 5400",2/25/2026,E-Commerce,2,0,0,0,N/A,3,"1,400",3,467,0,0,0,N/A,3,"1,330",3,443,1,1,1,0,0,0,0,0,0,0,0,0,Zero Transacting,N/A,New,2,Monitor
1886507825,As-Sunnah Hajj & Umrah Kafila,Md. Sazzad Hossain Sojan,Travel & Tourism,ISD,Lite A,1.29%,CIMT,DHAKA,"Plot 5/H, North East Darus Salam Road Songhita Super Market 4Th Floor Mirpur Dhaka 1216",3/2/2026,Offline,3,0,0,0,N/A,0,0,0,N/A,6,"18,000",4,"3,000",1,"1,000",1,"1,000",0,0,0,0,0,0,0,0,0,0,0,0,Zero Transacting,N/A,New,2,Monitor
1973544762,Ayon Crafts,Shahriar Shamim,KA,ISD,M+,1.15%,Pitch/Own Source,DHAKA,"746, Road 08, Baytul Aman Housing, Adabor, Dhaka, 1207",3/2/2026,Apparel Standalone,3,0,0,0,N/A,0,0,0,N/A,0,0,0,N/A,3,"1,600",3,533,0,0,0,0,0,0,0,0,0,0,0,0,Zero Transacting,N/A,New,6,High Dormancy - Review
1309135320,Dhaka udyan public school,Md. Sazzad Hossain Sojan,Education,ISD,M+,1.30%,Pitch/Own Source,DHAKA,Mohammadpur Dhaka 1207,3/2/2026,National Curriculum-Private,3,0,0,0,N/A,0,0,0,N/A,0,0,0,N/A,0,0,0,N/A,0,0,0,0,0,0,0,0,0,0,0,0,Zero Transacting,N/A,New,5,High Dormancy - Review
1404624340,Dreep Man,Md. Meraj Ali Akash,KA,ISD,M+,1.15%,Pitch/Own Source,DHAKA,"253/29, Rayer Bag Complex Super Market, Rayer Bag 3 Tola, 74/ 117 No Dokan, Kodomtoli, Dhaka 1204",3/2/2026,Apparel Standalone,3,0,0,0,N/A,0,0,0,N/A,22,"61,130",20,"2,779",0,0,0,N/A,0,0,0,0,0,0,0,0,0,0,0,0,Zero Transacting,N/A,New,4,Monitor
1635458824,Aajkaal,Md. Sazzad Hossain Sojan,KA,ISD,M+,1.15%,Pitch/Own Source,DHAKA,"Plot 18, Afsana Tower, Alaul Aveneu, 4Th Floor, Sector 06, Uttara, Dhaka 1230",3/3/2026,Apparel Standalone,3,0,0,0,N/A,0,0,0,N/A,128,"234,551",122,"1,832",93,"160,833",84,"1,729",73,"116,760",67,112,"168,452",103,59,"205,511",56,69,"131,714",64,Active,1908.898551,-35.91%,3,Monitor
1736531211,Safe Pet Transport & Logistic Support,Md. Meraj Ali Akash,KA,ISD,M+,1.15%,Pitch/Own Source,DHAKA,"House 567/1 2Nd Floor Barek Mollar Mor, 60Fit Road Mirpur Dhaka 1216",3/3/2026,Hospital,3,0,0,0,N/A,0,0,0,N/A,20,"38,900",14,"1,945",8,"33,800",7,"4,225",26,"59,750",20,21,"97,600",18,19,"63,370",14,12,"32,480",9,Active,2706.666667,-48.75%,2,Monitor
1896087981,Ad buzz,Md. Sazzad Hossain Sojan,Online Payments,ISD,Lite A,1.29%,CIMT,DHAKA,"Sector 13, Road 15, House 5, Uttara, Dhaka 1230",3/3/2026,Service Center,3,0,0,0,N/A,0,0,0,N/A,9,"37,387",7,"4,154",4,"24,000",4,"6,000",2,"22,300",2,4,"33,111",4,8,"79,400",5,4,"31,870",4,Active,7967.5,-59.86%,7,High Dormancy - Review
1307827182,Darul Huda Salafiah Madrasa,Md. Meraj Ali Akash,Education,OSD,M+,1.30%,CIMT,RAJSHAHI,"Khorddogobindopur, Hat Zhikra, Charghat, Rajshahi 6271",3/3/2026,National Curriculum-Private,3,0,0,0,N/A,0,0,0,N/A,38,"6,467",10,170,2,340,2,170,3,650,3,2,301,2,5,"1,231",3,3,650,3,Amber,216.6666667,-47.20%,6,High Dormancy - Review
1787574040,Banani DOHS jam-e masjid,Md. Sazzad Hossain Sojan,KA,ISD,M+,1.15%,Whatsapp Group,DHAKA,"Banani, Dhaka Senanibas, Cantonment-1206",3/3/2026,Clubs & Associations,3,0,0,0,N/A,0,0,0,N/A,5,"5,023",4,"1,005",0,0,0,N/A,0,0,0,0,0,0,3,"1,002",3,0,0,0,Zero Transacting,N/A,-100.00%,2,Monitor
1518943232,Fitness House,Md. Sazzad Hossain Sojan,KA,ISD,M+,1.15%,Pitch/Own Source,DHAKA,21 Maulana Bhashani National Hockey Stadium Market Paltan Dhaka 1000,3/3/2026,Personal Care,3,0,0,0,N/A,0,0,0,N/A,5,"1,000",3,200,0,0,0,N/A,1,1,1,0,0,0,0,0,0,0,0,0,Zero Transacting,N/A,New,3,Monitor
1897715222,Salamat Innovation,Md. Sazzad Hossain Sojan,Online Payments,ISD,Lite A,1.29%,CIMT,DHAKA,House-355/356 Dha Block Kalshi Rd Dhaka 1216 Bangladesh-1216,3/4/2026,E-Commerce,3,0,0,0,N/A,0,0,0,N/A,5,"2,350",3,470,0,0,0,N/A,0,0,0,3,"4,601",3,23,"22,076",23,33,"49,619",33,Active,1503.606061,124.76%,4,Monitor
1410120892,Mobile Media,Md. Sazzad Hossain Sojan,KA,ISD,M+,1.15%,Pitch/Own Source,DHAKA,"2/1 Chittoranjan Avenue Great Wal Shopping Center, Sadargat Dhaka Kotwali-1100",3/4/2026,Mobile & Gadget,3,0,0,0,N/A,0,0,0,N/A,0,0,0,N/A,14,"27,895",13,"1,993",31,"44,621",30,22,"37,411",22,12,"13,490",12,27,"44,405",24,Active,1644.62963,229.17%,2,Monitor
1905884009,Sharmin Makeover and Fashion World,Shahriar Shamim,KA,ISD,M+,1.15%,Pitch/Own Source,DHAKA,"167 Kafrul, Dhaka 1206",3/4/2026,Personal Care,3,0,0,0,N/A,0,0,0,N/A,5,"3,608",4,722,21,"15,900",16,757,18,"13,851",17,10,"34,250",9,20,"13,270",17,10,"14,650",10,Active,1465,10.40%,2,Monitor
1888090808,Alhera global education foundation,Md. Sazzad Hossain Sojan,Education,ISD,Pay Bill,1.50%,Pitch/Own Source,DHAKA,218 Elephant Road 5Th Floor New Market Dhaka 1205,3/4/2026,National Curriculum-Private,3,0,0,0,N/A,0,0,0,N/A,0,0,0,N/A,0,0,0,N/A,0,0,0,0,0,0,0,0,0,0,0,0,Zero Transacting,N/A,New,2,Monitor
1887711744,Deeg Bijoy smart education,Md. Sazzad Hossain Sojan,Education,OSD,M+,1.50%,Pitch/Own Source,MEHERPUR,"Holding No 548, Word No 07, Mollick Para, Meherpur Sadar, Meherpur 7100",3/4/2026,Coaching Center,3,0,0,0,N/A,0,0,0,N/A,4,"1,000",3,250,0,0,0,N/A,0,0,0,0,0,0,3,"1,202",3,0,0,0,Zero Transacting,N/A,-100.00%,3,Monitor
1775173531,jamia jannatul banat,Shahriar Shamim,Education,ISD,M+,1.30%,CIMT,DHAKA,"Mokam-31/2 Sankor Paschim Dhanmondi, Muhammadpur Dhaka-1207",3/5/2026,National Curriculum-Private,3,0,0,0,N/A,0,0,0,N/A,3,"5,410",3,"1,803",4,507,4,127,2,"8,080",2,1,"2,800",1,0,0,0,3,"3,002",3,Active,1000.666667,New,2,Sudden Reactivation - Review
1313368324,Green Mart,Shahriar Shamim,Online Payments,ISD,Lite A,1.29%,CIMT,RAJSHAHI,"Kechuatoil, Kharkhori Post Code-6204 Paba Rajshahi-6210",3/5/2026,E-Commerce,3,0,0,0,N/A,0,0,0,N/A,4,"3,860",3,965,3,"2,701",3,900,1,"2,320",1,1,80,1,0,0,0,0,0,0,Zero Transacting,N/A,New,2,Monitor
1335181107,Babuland Limited,Md. Meraj Ali Akash,Travel & Tourism,ISD,MMBO,1.15%,Merchant Referral,CHITTAGONG,"Marsa Center Level 6, House-99/A, Jamalkhan Road, Chittagong-4000",3/6/2026,Offline,3,0,0,0,N/A,0,0,0,N/A,0,0,0,N/A,0,0,0,N/A,61,"45,386",46,153,"101,663",112,70,"47,174",61,91,"53,607",77,Active,589.0879121,13.64%,6,High Dormancy - Review
1349002253,tiger templr gym,Md. Sazzad Hossain Sojan,KA,ISD,M+,1.15%,Pitch/Own Source,DHAKA,"Ahonaf Vila, Bari 1/2 3 Tola, Road 09, Block L, Dokkhin Bonosree, Khilgaon, Dhaka 1219",3/7/2026,Clubs & Associations,3,0,0,0,N/A,0,0,0,N/A,6,"6,340",5,"1,057",16,"26,590",16,"1,662",9,"18,580",8,20,"35,905",17,26,"31,154",23,19,"37,802",18,Active,1989.578947,21.34%,2,Monitor
1316911159,trendora life style,Md. Sazzad Hossain Sojan,KA,ISD,M+,1.15%,Pitch/Own Source,DHAKA,"C/9 Main Road, 2Nd Floor, Block-Ka/Ja Borobagh Mirpur Dhaka-1216",3/7/2026,Apparel Chain,3,0,0,0,N/A,0,0,0,N/A,18,"59,174",17,"3,287",3,"3,502",3,"1,167",5,"19,788",5,5,247,4,3,"1,235",3,4,"7,392",4,Active,1848,498.54%,2,Monitor
1901406021,uncle bobos,Md. Sazzad Hossain Sojan,KA,ISD,M+,1.15%,Pitch/Own Source,DHAKA,"House 23 Road 10, Block E, Banani, Dhaka 1213",3/9/2026,Restaurant & Cafe,3,0,0,0,N/A,0,0,0,N/A,56,"26,810",50,479,69,"30,254",57,438,57,"29,710",51,37,"16,831",34,41,"21,652",34,49,"22,990",46,Active,469.1836735,6.18%,3,Monitor
1334416059,Vermilion,Shahriar Shamim,KA,OSD,M+,1.15%,Pitch/Own Source,SUNAMGANJ,"Mohona 4, Jamaipara, Sunamganj Sadar, Sunamganj 3001",3/9/2026,Apparel Standalone,3,0,0,0,N/A,0,0,0,N/A,4,"9,991",4,"2,498",3,"6,046",3,"2,015",1,"6,100",1,1,"4,500",1,0,0,0,0,0,0,Zero Transacting,N/A,New,2,Monitor
1805464290,Emisha Tours and Travels,Md. Meraj Ali Akash,Travel & Tourism,ISD,Lite A,1.29%,Pitch/Own Source,DHAKA,1281 Purbo Monipur Begum Rokea Sarani Mirpur Dhaka 1216,3/10/2026,Offline,3,0,0,0,N/A,0,0,0,N/A,3,"1,500",3,500,2,"1,500",2,750,9,"32,126",8,6,"15,000",5,6,"21,175",6,3,"3,001",3,Active,1000.333333,-85.83%,2,Monitor
1345592089,Lifebasket,Md. Meraj Ali Akash,Online Payments,ISD,Lite A,1.29%,Merchant Referral,DHAKA,"102/B, Chowdhury Para, Khilgaon, Malibag, Dhaka 1219",3/10/2026,E-Commerce,3,0,0,0,N/A,0,0,0,N/A,3,"1,500",3,500,5,"3,370",5,674,6,"8,251",6,3,970,3,4,"1,755",3,4,"2,001",3,Active,500.25,14.02%,2,Monitor
1805722000,Abaid monsur lifestyle ltd.,Md. Meraj Ali Akash,KA,ISD,M+,1.15%,Pitch/Own Source,DHAKA,"Ka 79/3 Khapara, Khilkhet, Dhaka 1229",3/10/2026,Apparel Standalone,3,0,0,0,N/A,0,0,0,N/A,0,0,0,N/A,3,"1,202",3,401,0,0,0,0,0,0,0,0,0,0,0,0,Zero Transacting,N/A,New,2,Monitor
1624888622,The Fish Lounge,Md. Meraj Ali Akash,KA,ISD,M+,1.15%,Merchant Referral,DHAKA,"Sector Point, Level-05, Dokan No-48, Dhaka Mymenshing Road, Uttara, Dhaka-1230",3/11/2026,0,3,0,0,0,N/A,0,0,0,N/A,4,"4,922",4,"1,231",23,"26,060",21,"1,133",18,"22,141",17,26,"29,771",24,31,"28,132",30,45,"91,455",39,Active,2032.333333,225.09%,4,Monitor
1323115599,Moonlight,Shahriar Shamim,KA,ISD,M+,1.15%,Pitch/Own Source,DHAKA,"Ventura Mall 5Th Floor, Plot-14/A, Road-103 And 95, Block-Cenc C, Shop-401, Gulshan-2, Dhaka-1212",3/11/2026,0,3,0,0,0,N/A,0,0,0,N/A,8,"70,398",8,"8,800",14,"55,030",11,"3,931",7,"11,190",7,7,"23,901",6,2,"9,500",2,5,"33,900",5,Active,6780,256.84%,5,High Dormancy - Review
1849911555,Sroddhaa,Md. Sazzad Hossain Sojan,KA,OSD,M+,1.15%,Merchant Referral,RAJSHAHI,"Moholla- Notun Bilashimola, Hodling/Road No-108, Post-Gpo Thana-Rajpara, Jela-Rajshahi-6000",3/12/2026,Department Store,3,0,0,0,N/A,0,0,0,N/A,10,"17,000",10,"1,700",21,"19,508",17,929,401,"410,290",21,0,0,0,1,95,1,167,"334,003",35,Active,2000.017964,351482.11%,4,Monitor
1761801889,Learnerup IT,Md. Ashraful Islam,Education,ISD,M+,1.50%,CIMT,DHAKA,"Haques Dream-Flat B1 Of 404/1, West Shawrapara, Mirpur, Dhaka-1216",3/12/2026,Training Institute,3,0,0,0,N/A,0,0,0,N/A,1,500,1,500,7,"26,000",7,"3,714",7,"31,500",6,15,"50,000",13,26,"68,000",23,33,"99,995",32,Active,3030.151515,47.05%,2,Monitor
1925112575,FS Motors,Md. Meraj Ali Akash,KA,ISD,M+,1.15%,Pitch/Own Source,DHAKA,"62/2/A, O 62/2/B, Moddo Pirerbagh, Mirpur, Dhaka-1216",3/12/2026,Home Appliance,3,0,0,0,N/A,0,0,0,N/A,7,"122,519",5,"17,503",13,"137,842",12,"10,603",16,"93,220",15,13,"100,566",13,20,"176,416",19,19,"64,740",14,Active,3407.368421,-63.30%,2,Monitor
1340043672,Baluchar,Shahriar Shamim,KA,ISD,MMBO,1.15%,Pitch/Own Source,GAZIPUR,"Ahmod Ali Tower, 2Nd Floor, Joydebpur, Gazipur Sadar, Gazipur-1712",3/12/2026,Apparel Chain,3,0,0,0,N/A,0,0,0,N/A,3,"1,202",3,401,7,"12,381",4,"1,769",38,"77,500",34,15,"23,902",14,7,"20,550",7,4,"2,601",4,Active,650.25,-87.34%,2,Monitor
1761619424,Baluchar,Shahriar Shamim,KA,ISD,MMBO,1.15%,Pitch/Own Source,TANGAIL,"Akur Takur Para, Zila Sadar Road, Tangail Sadar, Tangail-1900",3/12/2026,Apparel Chain,3,0,0,0,N/A,0,0,0,N/A,4,"1,207",4,302,1,"1,000",1,"1,000",20,"50,446",19,6,"8,562",4,1,"3,178",1,3,"1,556",3,Active,518.6666667,-51.04%,2,Monitor
1904466308,Baluchar,Shahriar Shamim,KA,ISD,MMBO,1.15%,Pitch/Own Source,DHAKA,"90-91, Ground Floor, Aziz Super Market Shahbagh Dhaka-1000",3/12/2026,Apparel Chain,3,0,0,0,N/A,0,0,0,N/A,3,"1,202",3,401,3,"3,202",3,"1,067",1,800,1,0,0,0,0,0,0,0,0,0,Zero Transacting,N/A,New,2,Monitor
1356981422,Baluchar,Shahriar Shamim,KA,ISD,MMBO,1.15%,Pitch/Own Source,DHAKA,"102/A, Aziz Super Market 3Rd Floor, Shahbagh, Dhaka-1000",3/12/2026,Apparel Chain,3,0,0,0,N/A,0,0,0,N/A,3,"1,202",3,401,0,0,0,N/A,2,"1,901",2,0,0,0,0,0,0,0,0,0,Zero Transacting,N/A,New,2,Monitor
1826740750,Tawheed academy and islamic center,Md. Sazzad Hossain Sojan,Education,OSD,M+,1.50%,Pitch/Own Source,CHANDPUR,"Dohulia, Word No-01, Palakhan, Kachua, Chandpur-3633",3/12/2026,National Curriculum-Private,3,0,0,0,N/A,0,0,0,N/A,3,"1,300",3,433,15,"204,749",9,"13,650",0,0,0,1,1,1,0,0,0,0,0,0,Zero Transacting,N/A,New,2,Monitor
1920292883,Innovate,Md. Meraj Ali Akash,KA,ISD,M+,1.15%,Merchant Referral,DHAKA,"Shop-Sb-1, Level-3, Bti Premier Plaza, North Badda, Badda, Dhaka-1212",3/15/2026,Home Appliance,3,0,0,0,N/A,0,0,0,N/A,3,"5,750",3,"1,917",25,"258,230",24,"10,329",9,"49,501",9,16,"130,341",15,66,"433,263",62,29,"172,940",26,Active,5963.448276,-60.08%,3,Monitor
1776809496,Minimalist Gaming,Md. Sazzad Hossain Sojan,Online Payments,ISD,Lite A,1.29%,CIMT,DHAKA,"Bari-143, Road-05, Mohammadia Housing Society, Mohammadpur, Dhaka-1207",3/15/2026,E-Commerce,3,0,0,0,N/A,0,0,0,N/A,17,"12,050",16,709,119,"62,035",114,521,114,"61,510",109,145,"79,625",144,128,"78,150",126,108,"68,090",105,Active,630.462963,-12.87%,3,Monitor
1712907108,Sawda Mart,Md. Ashraful Islam,KA,OSD,M+,1.15%,Whatsapp Group,RAJSHAHI,"617/1, Monafer, Raninagar, Post-Ghoramara, Boalia, Rajshahi-6100",3/15/2026,Apparel Chain,3,0,0,0,N/A,0,0,0,N/A,3,"1,101",3,367,24,"20,590",24,858,18,"17,634",18,23,"29,521",22,35,"34,105",34,19,"19,370",19,Active,1019.473684,-43.20%,7,High Dormancy - Review
1999565888,Home Habit,Md. Meraj Ali Akash,KA,ISD,M+,1.15%,Pitch/Own Source,DHAKA,"Holding-442, Solmaid, Dali Bari, Bhatara, Dhaka-1212",3/15/2026,Home Accessories,3,0,0,0,N/A,0,0,0,N/A,3,"1,500",3,500,11,"92,474",11,"8,407",7,"45,898",6,3,"17,379",3,7,"35,457",7,3,"16,940",3,Active,5646.666667,-52.22%,3,Monitor
1711611239,Nobokothon,Md. Meraj Ali Akash,Online Payments,ISD,Lite A,1.29%,Pitch/Own Source,DHAKA,"38 Banglabazar, N Ali Tower, Kotwali Dhaka-1100",3/15/2026,E-Commerce,3,0,0,0,N/A,0,0,0,N/A,7,"17,386",7,"2,484",4,"36,808",3,"9,202",13,"27,908",12,9,"10,589",5,7,"4,586",5,7,"4,739",6,Active,677,3.34%,2,Monitor
1896274328,Renessa Mart,Md. Sazzad Hossain Sojan,KA,ISD,M+,1.15%,Pitch/Own Source,DHAKA,"Road-23, House-162, Level-A7, Mohakhali, Gulshan, Dhaka-1206",3/15/2026,Gifts and Wearables,3,0,0,0,N/A,0,0,0,N/A,10,"5,400",9,540,11,"13,630",10,"1,239",9,"18,699",8,6,"7,120",6,7,"18,780",7,1,550,1,Amber,550,-97.07%,3,Monitor
1915992200,FREEFEEL,Shahriar Shamim,Online Payments,ISD,Lite A,1.29%,CIMT,DHAKA,"Basa-76, Block-B, Chondal Vog, Nishatnagar, Turag, Dhaka-1230",3/15/2026,E-Commerce,3,0,0,0,N/A,0,0,0,N/A,4,"1,032",2,258,10,"1,034",3,103,4,"1,041",1,1,"1,020",1,0,0,0,1,5,1,Amber,5.4,New,2,Sudden Reactivation - Review
1346036085,Morning Bell School Dashmina,Shahriar Shamim,Education,OSD,M+,1.30%,Pitch/Own Source,PATUAKHALI,"Poshu Haspatal Sonlogno, Doshmina, Patuakhali-8630",3/15/2026,National Curriculum-Private,3,0,0,0,N/A,0,0,0,N/A,3,"1,200",3,400,25,"4,117",4,165,8,"2,816",4,3,16,2,5,"1,166",3,0,0,0,Zero Transacting,N/A,-100.00%,5,High Dormancy - Review
1850870405,Nice plus,Md. Sazzad Hossain Sojan,KA,ISD,M+,1.15%,Pitch/Own Source,DHAKA,"Dokan No-4, Sher E Bangla Road, Hazaribag, Dhaka-1209",3/15/2026,Footwear,3,0,0,0,N/A,0,0,0,N/A,"1,279","2,324,554","1,214","1,817","1,744","2,989,753","1,700","1,714",286,"537,114",280,"4,360","11,923,814","3,669","6,293","16,013,555","5,266",0,0,0,Zero Transacting,N/A,-100.00%,2,Monitor
1715121608,shimul boutiques (Red Wood),Md. Meraj Ali Akash,KA,ISD,M+,1.15%,Pitch/Own Source,DHAKA,"158/2, Ahmmodnogor, Mirpur-1, Dhaka-1216",3/15/2026,Apparel Standalone,3,0,0,0,N/A,0,0,0,N/A,0,0,0,N/A,0,0,0,N/A,0,0,0,0,0,0,0,0,0,0,0,0,Zero Transacting,N/A,New,2,Monitor
1635459582,Genesis Pre-School,Md. Meraj Ali Akash,Education,ISD,M+,1.30%,Pitch/Own Source,Dhaka,Mohammadpur Dhaka City North Ward No 33 Mohammadpur Dhaka 1207,3/16/2026,National Curriculum-Private,3,0,0,0,N/A,0,0,0,N/A,0,0,0,N/A,3,"9,605",2,"3,202",21,"67,500",21,38,"129,200",38,42,"135,000",42,52,"170,000",52,Active,3269.230769,25.93%,2,Monitor
1886465295,Solo Fashion,Md. Ashraful Islam,Online Payments,ISD,Lite A,1.29%,Whatsapp Group,DHAKA,House 04 Lane 16 Block A Section 10 Beanrashi Palli Pallabi Mirpur Dhaka 1216,3/16/2026,E-Commerce,3,0,0,0,N/A,0,0,0,N/A,2,600,2,300,15,"13,790",10,919,9,"9,860",5,15,"16,510",14,7,"5,862",6,16,"19,890",14,Active,1243.125,239.30%,2,Monitor
1779077762,Ebony decor,Shahriar Shamim,Online Payments,ISD,Lite A,1.29%,Pitch/Own Source,DHAKA,Ekota Nibash 2 Sultan Market Baunia Turag Dhaka 1230,3/16/2026,E-Commerce,3,0,0,0,N/A,0,0,0,N/A,0,0,0,N/A,4,"9,182",4,"2,296",10,"27,380",9,7,"35,610",7,4,"23,260",4,5,"14,240",5,Active,2848,-38.78%,5,High Dormancy - Review
1958618239,Renessa Mart,Md. Sazzad Hossain Sojan,Online Payments,ISD,Lite A,1.29%,Pitch/Own Source,DHAKA,"Road 23 House 162, Level A7, Mohakhali Cantonment, Dhaka-1206",3/16/2026,E-Commerce,3,0,0,0,N/A,0,0,0,N/A,4,"2,400",4,600,3,"3,000",3,"1,000",4,"7,550",4,3,"3,381",3,3,"4,780",3,8,"9,020",8,Active,1127.5,88.70%,5,High Dormancy - Review
1847532971,MSS Plus Learning Hub,Md. Meraj Ali Akash,Education,ISD,M+,1.50%,Pitch/Own Source,NOAKHALI,H-453 Maijdi Master Para Maijdi Sadar Noakhali 3800,3/16/2026,Coaching Center,3,0,0,0,N/A,0,0,0,N/A,3,"1,400",3,467,0,0,0,N/A,0,0,0,0,0,0,3,"5,520",3,3,"7,001",3,Active,2333.666667,26.83%,6,High Dormancy - Review
1349985552,Sara Wear,Md. Meraj Ali Akash,KA,ISD,M+,1.15%,Pitch/Own Source,GAIBANDHA,"Folgacha Bajar, Sundarganj, Gaibandha-5720",3/16/2026,Apparel Standalone,3,0,0,0,N/A,0,0,0,N/A,7,"7,671",7,"1,096",5,"10,200",3,"2,040",6,"11,410",6,6,"6,302",5,1,460,1,4,"5,770",3,Active,1442.5,1154.35%,3,Monitor
1635578882,IRES Academy,Md. Meraj Ali Akash,Education,ISD,M+,1.50%,Pitch/Own Source,DHAKA,17/1 Boro Dewra Poran Mandoler Tek Tongi Gazipur Turag Dhaka 1230,3/16/2026,Coaching Center,3,0,0,0,N/A,0,0,0,N/A,3,"1,200",3,400,4,"2,001",4,500,3,"3,002",3,3,"1,900",3,4,"1,215",4,4,"1,811",4,Active,452.75,49.05%,2,Monitor
1720393107,ISDF Institute of Technology,Md. Meraj Ali Akash,Education,ISD,M+,1.30%,Pitch/Own Source,BARISAL,Jannat Villa Bm College Mosjid Gate Barishal Sadar Barishal 8205,3/16/2026,Training Institute,3,0,0,0,N/A,0,0,0,N/A,4,"1,350",3,338,4,85,2,21,4,"2,810",3,5,"1,026",5,2,20,2,3,"1,101",3,Active,367,5405.00%,2,Monitor
1710776253,The Asian Bites,Md. Meraj Ali Akash,KA,ISD,M+,1.15%,Pitch/Own Source,GAZIPUR,"Rajendrapur Rajendrapur, Sreepur Gazipur 1740",3/16/2026,Restaurant & Cafe,3,0,0,0,N/A,0,0,0,N/A,15,"12,660",14,844,6,"6,020",5,"1,003",8,"4,551",8,3,"1,998",3,8,"1,020",3,2,790,2,Amber,395,-22.55%,3,Monitor
1332545171,Cloud 7 Limited,Md. Meraj Ali Akash,Online Payments,ISD,M+,10%,Merchant Referral,DHAKA,"Union Heights, Level-5, 55-2, Bir Uttam Qazi Nuruzzaman Sarak, West Panthapath, Kalabagan, Dhaka-1205",3/16/2026,Content,3,0,0,0,N/A,0,0,0,N/A,3,"1,340",3,447,1,20,1,20,0,0,0,0,0,0,0,0,0,0,0,0,Zero Transacting,N/A,New,2,Monitor
1719113305,Nobel Hope Secndory School,Shahriar Shamim,Education,ISD,M+,1.30%,Pitch/Own Source,KUSHTIA,"Refayetpur, Daulatpur, Kushtia-7030",3/16/2026,National Curriculum-Private,3,0,0,0,N/A,0,0,0,N/A,4,"1,501",3,375,3,"1,021",2,340,0,0,0,0,0,0,1,"2,250",1,0,0,0,Zero Transacting,N/A,-100.00%,2,Monitor
1819073369,Oshkhain Shah Ali Raza (R:) Dakhil Madrasha,Shahriar Shamim,Education,OSD,M+,1.30%,CIMT,CHITTAGONG,"Post-Oskhain, Thana-Anowara, Zela-Chattogram-4377",3/16/2026,National Curriculum-Private,3,0,0,0,N/A,0,0,0,N/A,3,"1,100",3,367,0,0,0,N/A,0,0,0,0,0,0,0,0,0,0,0,0,Zero Transacting,N/A,New,5,High Dormancy - Review
1608521014,Sawda Mart,Md. Ashraful Islam,Online Payments,OSD,Lite A,1.29%,Whatsapp Group,RAJSHAHI,"617/1, Monafer, Raninagar, Post- Ghoramara, Boalia, Rajshahi 6100",3/16/2026,E-Commerce,3,0,0,0,N/A,0,0,0,N/A,2,502,1,251,3,"1,200",3,400,9,"3,850",9,6,"2,600",6,0,0,0,0,0,0,Zero Transacting,N/A,New,6,High Dormancy - Review
1901410555,Petco Enterprise,Md. Ashraful Islam,KA,ISD,M+,1.15%,Pitch/Own Source,DHAKA,House 02 Road 07 2Nd Floor Dhanmondi Newmarket Dhaka 1205,3/18/2026,Department Store,3,0,0,0,N/A,0,0,0,N/A,3,"1,000",3,333,21,"354,510",20,"16,881",26,"363,650",17,52,"601,840",25,64,"658,700",24,38,"365,955",17,Active,9630.394737,-44.44%,3,Monitor
1766596842,terraprime hotels & resorts ltd.,Shahriar Shamim,Travel & Tourism,ISD,Lite A,1.29%,CIMT,DHAKA,"11/A, Main Road-3, Plot-10, Pallabi, Mirpur, Dhaka-1216",3/18/2026,Offline,3,0,0,0,N/A,0,0,0,N/A,2,"30,000",2,"15,000",5,"33,100",5,"6,620",11,"97,900",11,15,"128,016",14,31,"248,483",24,20,"190,183",20,Active,9509.15,-23.46%,2,Monitor
1970256102,Revolve Academy,Md. Meraj Ali Akash,Education,ISD,M+,1.30%,Pitch/Own Source,DHAKA,"House 3G Road 104, Flat C1 Gulshan 2, Gulshan, Dhaka 1212",3/18/2026,Coaching Center,3,0,0,0,N/A,0,0,0,N/A,3,"1,500",3,500,3,"3,002",3,"1,001",3,"39,397",3,0,0,0,0,0,0,5,"131,068",3,Active,26213.6,New,2,Sudden Reactivation - Review
1805484377,Denimisia,Shahriar Shamim,Online Payments,ISD,Lite A,1.29%,Merchant Referral,DHAKA,Plot 175 Rana Bhola Avenue Road Turag Dhaka 1230,3/18/2026,E-Commerce,3,0,0,0,N/A,0,0,0,N/A,6,"9,274",6,"1,546",42,"53,506",39,"1,274",25,"28,980",25,74,"93,113",70,54,"91,902",54,32,"36,104",31,Active,1128.25,-60.71%,5,High Dormancy - Review
1329682925,DX Distribution Ltd,Shahriar Shamim,Online Payments,ISD,Lite A,1.29%,CIMT,DHAKA,"20-21 Garden Road, Pc Garden 6Th Floor Flat-5/A, Karwan Bazar Lane Tejgaon, Dhaka-1215",3/18/2026,E-Commerce,3,0,0,0,N/A,0,0,0,N/A,3,"1,200",3,400,1,333,1,333,8,"10,466",8,4,"4,921",4,14,"49,746",10,8,"16,819",7,Active,2102.375,-66.19%,5,High Dormancy - Review
1719113305,Dhaka Flower Tub,Shahriar Shamim,KA,ISD,M+,1.15%,Pitch/Own Source,KUSHTIA,"Refayetpur, Daulatpur, Kushtia-7030",3/18/2026,National Curriculum-Private,3,0,0,0,N/A,0,0,0,N/A,4,"1,501",3,375,3,"1,021",2,340,0,0,0,0,0,0,1,"2,250",1,0,0,0,Zero Transacting,N/A,-100.00%,5,High Dormancy - Review
1921303085,Fleet buy,Shahriar Shamim,Online Payments,OSD,M+,1.50%,Merchant Referral,RAJSHAHI,"Moholla Alupotti Mor, Holding No, Post Ghoramara, Thana Boalia, Zila Rajshahi-6100",3/18/2026,E-Commerce,3,0,0,0,N/A,0,0,0,N/A,0,0,0,N/A,0,0,0,N/A,5,"4,646",4,0,0,0,0,0,0,0,0,0,Zero Transacting,N/A,New,3,Monitor
1937701223,Karunik,Md. Ashraful Islam,Online Payments,ISD,Lite A,1.29%,Pitch/Own Source,LAKSHMIPUR,H-438 Charpara Raipur Laxmipur Chittagong Bangladesh 3713,3/18/2026,E-Commerce,3,0,0,0,N/A,0,0,0,N/A,3,"3,010",3,"1,003",3,"3,020",3,"1,007",4,"21,302",4,3,"2,502",3,3,"9,161",3,0,0,0,Zero Transacting,N/A,-100.00%,3,Monitor
1711609408,Nobokothon,Md. Meraj Ali Akash,KA,ISD,M+,1.15%,Merchant Referral,DHAKA,"38 Banglabazar, N Ali Tower, Kotwali, Dhaka 1100",3/27/2026,Books & Sports,3,0,0,0,N/A,0,0,0,N/A,3,"1,215",3,405,4,"9,550",4,"2,388",14,"34,828",10,16,"37,778",12,25,"65,635",15,11,"57,160",7,Active,5196.363636,-12.91%,3,Monitor
1897628802,RealTrac Technology,Md. Ashraful Islam,Travel & Tourism,ISD,Lite A,1.29%,Pitch/Own Source,DHAKA,"S Tower 28/1 Paschim Tejtury Bazar, Tejgaon, Dhaka 1215",3/27/2026,Online,3,0,0,0,N/A,0,0,0,N/A,4,"1,050",3,263,3,"2,602",3,867,5,"9,801",3,5,"9,300",5,15,"27,651",11,16,"18,250",13,Active,1140.625,-34.00%,3,Monitor
1356981423,Baluchar,Shahriar Shamim,KA,ISD,MMBO,1.15%,Pitch/Own Source,HABIGANJ,"Commercial Area, Habiganj Sadar, Habiganj-3300",3/27/2026,Apparel Chain,3,0,0,0,N/A,0,0,0,N/A,3,"1,202",3,401,1,"1,000",1,"1,000",0,0,0,0,0,0,0,0,0,0,0,0,Zero Transacting,N/A,New,3,Monitor
1409962212,zardozi aura,Md. Sazzad Hossain Sojan,KA,ISD,M+,1.15%,Pitch/Own Source,DHAKA,"Flat A8, House 82, Road 10/1, Block D, Niketan, Gulshan, Dhaka 1212",3/30/2026,Apparel Standalone,3,0,0,0,N/A,0,0,0,N/A,0,0,0,N/A,5,"4,202",4,840,1,"11,000",1,0,0,0,3,"28,831",3,0,0,0,Zero Transacting,N/A,-100.00%,3,Monitor
1777712391,Grameen Healthtech Limited,Md. Meraj Ali Akash,Online Payments,ISD,M+,1.15%,Merchant Referral,DHAKA,"Telecom Bhabon Level 12, Box Nagar, Zoo Road, Mirpur-1, Dhaka-1216",3/31/2026,E-Commerce,3,0,0,0,N/A,0,0,0,N/A,0,0,0,N/A,0,0,0,N/A,3,"1,210",3,0,0,0,7,"121,382",5,4,"48,772",3,Active,12193,-59.82%,4,Monitor
1345698915,Shaniajan Trade Link,Shahriar Shamim,KA,ISD,M+,1.15%,Pitch/Own Source,DHAKA,"77/5, Bir Uttam C R Datta Sarak Hatirpul, New Market, Dhaka-1205",3/31/2026,Diagnostics,3,0,0,0,N/A,0,0,0,N/A,0,0,0,N/A,10,"29,516",8,"2,952",6,"21,890",5,15,"56,150",11,7,"32,501",6,4,"11,136",4,Active,2784,-65.74%,3,Monitor
1806141447,Exor Mart,Md. Ashraful Islam,Online Payments,ISD,Lite A,1.29%,CIMT,DHAKA,"Rahmotpur Ward No-09, Keraniganj-1310, Dhaka",3/31/2026,E-Commerce,3,0,0,0,N/A,0,0,0,N/A,0,0,0,N/A,8,"8,379",6,"1,047",3,701,3,3,"3,660",3,11,"1,415",3,1,500,1,Amber,500,-64.66%,3,Monitor
1805971601,Amigo Alliance Bd,Fahim Kazi,KA,ISD,M+,1.15%,Whatsapp Group,DHAKA,"Cha 70, 70/A, Rupayan Milinium Square Level 6, Progati Sarani, Uttar Badda, Badda, Dhaka 1212",4/2/2026,Mobile & Gadget,4,0,0,0,N/A,0,0,0,N/A,0,0,0,N/A,129,"47,906",103,371,140,"48,638",107,202,"84,863",140,223,"83,756",169,267,"88,605",187,Active,331.8539326,5.79%,3,Monitor
1345457883,Peran,Shahriar Shamim,KA,ISD,M+,1.15%,Pitch/Own Source,DHAKA,27/2 Moulovirtek Taltala Rampura Dhaka 1219,4/2/2026,Apparel Standalone,4,0,0,0,N/A,0,0,0,N/A,0,0,0,N/A,19,"49,800",18,"2,621",38,"121,735",37,12,"24,093",12,9,"30,800",9,15,"53,700",13,Active,3580,74.35%,4,Monitor
1906877800,Mahadur Risala Bangladesh,Md. Ashraful Islam,Education,ISD,M+,1.30%,Pitch/Own Source,DHAKA,"Section-1, Mirpur, Shah Ali, Mirpur, Dhaka-1216",4/2/2026,National Curriculum-Private,4,0,0,0,N/A,0,0,0,N/A,0,0,0,N/A,4,"4,313",4,"1,078",12,"36,853",8,6,"28,850",6,5,"19,690",4,7,"31,672",7,Active,4524.571429,60.85%,3,Monitor
1627270702,Jersey Faculty BD,Md. Meraj Ali Akash,Online Payments,ISD,Lite A,1.29%,Pitch/Own Source,DHAKA,"House-09, Road-10, Lane-10, Block-C, Section-11, Pallabi, Dhaka-1216",4/2/2026,E-Commerce,4,0,0,0,N/A,0,0,0,N/A,0,0,0,N/A,120,"50,750",95,423,126,"99,718",109,140,"228,808",118,187,"93,730",168,51,"31,250",46,Active,612.745098,-66.66%,5,High Dormancy - Review
1985000033,Eduva Limited,Md. Meraj Ali Akash,Online Payments,ISD,M+,2%,Merchant Referral,DHAKA,"Islam Tower, 464/H, Dit Road, West Rampura, Rampura, Dhaka-1219",4/2/2026,Content,4,0,0,0,N/A,0,0,0,N/A,0,0,0,N/A,3,"16,375",3,"5,458",1,1,1,0,0,0,46,"25,096",46,37,"25,276",36,Active,683.1351351,0.72%,3,Monitor
1791167515,Alwan,Md. Sazzad Hossain Sojan,KA,ISD,M+,1.15%,Pitch/Own Source,SIRAJGANJ,"S S Road, 3 Sirajganj-6700, Sirajganj Sadar, Sirajganj-6700",4/2/2026,Apparel Standalone,4,0,0,0,N/A,0,0,0,N/A,0,0,0,N/A,11,"24,080",11,"2,189",20,"69,370",19,6,"15,001",6,11,"9,992",7,12,"17,101",11,Active,1425.083333,71.15%,3,Monitor
1321586514,Valencia Air Travels & Tours Ltd,Shahriar Shamim,Travel & Tourism,ISD,Lite A,1.29%,Whatsapp Group,DHAKA,65/2/1 Purana Paltan Peramount Heights 3Rd Floor Boxculvert Road Paltan Dhaka 1000,4/5/2026,Offline,4,0,0,0,N/A,0,0,0,N/A,0,0,0,N/A,3,"1,200",3,400,2,7,2,8,"76,243",6,10,"142,672",10,14,"153,886",11,Active,10991.85714,7.86%,4,Monitor
1771249144,Dynamic Fit (DYNMK FIT),Md. Meraj Ali Akash,KA,ISD,M+,1.15%,Pitch/Own Source,DHAKA,"3Rd Floor, Sayed Ali Super Market, Bashundhara Road, Vatara, Dhaka-1229",4/5/2026,Books & Sports,4,0,0,0,N/A,0,0,0,N/A,0,0,0,N/A,93,"50,344",55,541,6,"13,599",6,2,300,2,3,"1,402",3,4,"3,826",3,Active,956.5,172.90%,3,Monitor
1710467711,Greenfield Academy,Shahriar Shamim,Education,ISD,M+,1.30%,Pitch/Own Source,KISHOREGANJ,"Nandipur, Bongram, Kotiadi, Kishorganj-2338",4/5/2026,National Curriculum-Private,4,0,0,0,N/A,0,0,0,N/A,0,0,0,N/A,4,"7,600",4,"1,900",2,"4,600",2,0,0,0,0,0,0,1,"1,000",1,Amber,1000,New,3,Sudden Reactivation - Review
1897715224,Salamat Innovation ( Tekzo),Md. Sazzad Hossain Sojan,KA,ISD,M+,1.15%,Pitch/Own Source,DHAKA,"Shop No-4C-021 Ci Level-4, Block-C Jamuna Future Park, Dhaka-1216",4/5/2026,Mobile & Gadget,4,0,0,0,N/A,0,0,0,N/A,0,0,0,N/A,5,"3,610",5,722,22,"45,754",22,26,"72,388",25,12,"89,712",11,3,900,3,Amber,300,-99.00%,3,Monitor
1797371734,Japan Bangla healthcare,Md. Sazzad Hossain Sojan,KA,ISD,M+,1.15%,Pitch/Own Source,MYMENSINGH,Opposite Of College Gate Shamganj Bazar Gouripur Mymenshing 2270,4/5/2026,Hospital,4,0,0,0,N/A,0,0,0,N/A,0,0,0,N/A,3,"1,000",3,333,1,510,1,0,0,0,3,"1,201",3,0,0,0,Zero Transacting,N/A,-100.00%,3,Monitor
1610606995,Westerna,Md. Meraj Ali Akash,KA,ISD,MMBO,1.15%,Pitch/Own Source,DHAKA,"3No Poschim Tejturi Bazar, Le-3, Block C, Dokan No-88, 89, Bashundhara City, Tejgaon, Dhaka-1215",4/6/2026,Apparel Standalone,4,0,0,0,N/A,0,0,0,N/A,0,0,0,N/A,13,"23,860",13,"1,835",23,"69,900",22,16,"24,815",13,16,"43,501",15,12,"36,201",12,Active,3016.75,-16.78%,4,Monitor
1742552653,Unique Live Fashion,Md. Sazzad Hossain Sojan,KA,ISD,M+,1.15%,Pitch/Own Source,DHAKA,"Mashaallah Tower, Holding No-706/2, 40Feet Main Road, Bosila, Mohammodpur, Dhaka-1207",4/6/2026,Apparel Standalone,4,0,0,0,N/A,0,0,0,N/A,0,0,0,N/A,4,"1,003",4,251,2,"2,400",2,3,"1,620",3,0,0,0,4,"2,902",4,Active,725.5,New,4,Sudden Reactivation - Review
1805734604,Rilieo,Talha Yusuf,Online Payments,ISD,Lite A,1.29%,Pitch/Own Source,DHAKA,"110/A, Hatembag Jame Masjid, Dhanmondi 15, Rayerbazar Road, Dhanmondi, Dhaka-1209",4/6/2026,E-Commerce,4,0,0,0,N/A,0,0,0,N/A,0,0,0,N/A,8,"4,005",8,501,3,"8,990",3,29,"26,638",27,2,470,2,0,0,0,Zero Transacting,N/A,-100.00%,3,Monitor
1321146600,Menarat Tours,Md. Meraj Ali Akash,Travel & Tourism,ISD,Lite A,1.29%,Pitch/Own Source,DHAKA,"House-5/1, Block-E, Lalmatia Mohammadpur Dhaka-1207",4/7/2026,Offline,4,0,0,0,N/A,0,0,0,N/A,0,0,0,N/A,13,"45,590",10,"3,507",28,"212,160",19,6,"73,800",5,8,"73,540",7,18,"133,550",14,Active,7419.444444,81.60%,3,Monitor
1805032590,Al Hurmat,Md. Meraj Ali Akash,KA,ISD,M+,1.15%,Pitch/Own Source,DHAKA,"Sumon Plaza, 3Rd Floor, Mirpur 10, East Of Metro Illar 251, Mirpur, Dhaka 1216",4/7/2026,Apparel Standalone,4,0,0,0,N/A,0,0,0,N/A,0,0,0,N/A,8,"7,020",5,878,35,"63,846",33,14,"37,669",13,21,"95,076",21,36,"74,386",34,Active,2066.277778,-21.76%,6,High Dormancy - Review
1805738239,Sumaya Khan Couture,Md. Meraj Ali Akash,KA,ISD,M+,1.15%,Pitch/Own Source,DHAKA,"Road-18, House-15, Block-A, Banani, Dhaka-1213",4/7/2026,Apparel Standalone,4,0,0,0,N/A,0,0,0,N/A,0,0,0,N/A,3,"1,500",3,500,4,"50,601",4,2,"18,000",2,0,0,0,3,"35,150",3,Active,11716.66667,New,3,Sudden Reactivation - Review
1349052376,Home and Beyond,Md. Meraj Ali Akash,KA,ISD,M+,1.15%,Pitch/Own Source,DHAKA,"20/10, Uttar Dhanmondi, Poschim Panthopath, Dhanmondi, Dhaka-1209",4/7/2026,Home Accessories,4,0,0,0,N/A,0,0,0,N/A,0,0,0,N/A,3,"3,400",3,"1,133",6,"9,752",6,11,"6,968",10,10,"18,185",10,5,"14,710",5,Active,2942,-19.11%,3,Monitor
1913805015,Shobdo Theatre,Md. Sazzad Hossain Sojan,Travel & Tourism,OSD,Lite A,1.29%,Pitch/Own Source,JESSORE,"Charkhamba Mor, Jashore Sadar, Jashore-9800",4/7/2026,Offline,4,0,0,0,N/A,0,0,0,N/A,0,0,0,N/A,6,"1,500",6,250,0,0,0,2,300,2,3,"1,200",3,28,"12,200",23,Active,435.7142857,916.67%,6,High Dormancy - Review
1707334110,Neo Educational Consultancy,Md. Ashraful Islam,Travel & Tourism,ISD,Lite A,1.29%,Pitch/Own Source,DHAKA,"7 Tola, Mukto Bangla Shopping Complex, Mirpur-1, Dhaka-1216",4/7/2026,Offline,4,0,0,0,N/A,0,0,0,N/A,0,0,0,N/A,2,70,2,35,0,0,0,4,"9,182",3,3,"40,050",3,3,"12,102",3,Active,4034,-69.78%,3,Monitor
1329711631,Job media ltd,Md. Sazzad Hossain Sojan,Online Payments,ISD,Lite A,1.29%,CIMT,DHAKA,"47, Karwan Bazar, Latif Tower, 9Th Floor, Tejgaon, Dhaka 1215",4/7/2026,E-Commerce,4,0,0,0,N/A,0,0,0,N/A,0,0,0,N/A,4,"3,160",4,790,7,"2,161",7,19,"3,721",15,25,"5,563",18,30,"9,337",24,Active,311.2333333,67.84%,3,Monitor
1343490560,Klok,Shahriar Shamim,Online Payments,ISD,Lite A,1.29%,Pitch/Own Source,DHAKA,"9/2/8, Uttor Pireerbag, Mirpur, Dhaka-1216",4/7/2026,E-Commerce,4,0,0,0,N/A,0,0,0,N/A,0,0,0,N/A,36,"19,230",36,534,36,"30,050",36,46,"28,760",45,15,"4,195",15,16,"5,632",16,Active,352,34.26%,3,Monitor
1310563413,Shaniajan Trade Link,Shahriar Shamim,Online Payments,ISD,Lite A,1.29%,Pitch/Own Source,DHAKA,"77/5, Bir Uttam C R Datto Sarak Hatirpol Kalabagan, Dhaka-1205",4/7/2026,E-Commerce,4,0,0,0,N/A,0,0,0,N/A,0,0,0,N/A,3,"1,200",3,400,0,0,0,0,0,0,4,"22,150",4,0,0,0,Zero Transacting,N/A,-100.00%,3,Monitor
1332812757,Monarch IT Limited,Shahriar Shamim,KA,ISD,M+,1.15%,Pitch/Own Source,DHAKA,"Sgr-23, Idb Bhaban, Agargaon, Sher-E Bangla Nagar, Dhaka-1207",4/8/2026,0,4,0,0,0,N/A,0,0,0,N/A,0,0,0,N/A,20,"82,275",17,"4,114",24,"160,660",23,29,"86,111",24,29,"112,294",25,16,"63,905",14,Active,3994.0625,-43.09%,3,Monitor
1623737867,2 Stone Technical Training Center,Md. Meraj Ali Akash,Education,ISD,M+,1.50%,Pitch/Own Source,DHAKA,"House-12, Road-6, Block-A, Modhumoti Model Town, Aminbazar-1348, Savar Dhaka",4/8/2026,Training Institute,4,0,0,0,N/A,0,0,0,N/A,0,0,0,N/A,10,"26,700",10,"2,670",5,"7,302",4,4,"4,001",3,0,0,0,3,"2,501",3,Active,833.6666667,New,6,High Dormancy - Review
1347456854,shasongaon pioneer academy,Md. Sazzad Hossain Sojan,Education,ISD,Pay Bill,1.50%,Pitch/Own Source,NARAYANGANJ,"Sasongao Aneyetnogor Fotulla Narayanganj Sadar, Narayanganj-1400",4/8/2026,0,4,0,0,0,N/A,0,0,0,N/A,0,0,0,N/A,0,0,0,N/A,0,0,0,0,0,0,4,40,1,3,40,1,Amber,13.33333333,0.00%,3,Monitor
1805485645,Coastal Manpower,Md. Sazzad Hossain Sojan,Travel & Tourism,ISD,Lite A,1.29%,Pitch/Own Source,DHAKA,"Hosain Tower, 3Rd Floor, 116, Noya Paltan, Box Calvert Road, Paltan, Dhaka-1000",4/9/2026,Offline,4,0,0,0,N/A,0,0,0,N/A,0,0,0,N/A,13,"161,945",11,"12,457",17,"383,700",15,22,"418,850",21,16,"249,565",15,30,"411,560",30,Active,13718.66667,64.91%,3,Monitor
1805464915,MOOGGIMAMA GLOBAL LTD,Md. Sazzad Hossain Sojan,KA,ISD,MMBO,1.15%,Pitch/Own Source,DHAKA,"Dhanmondi 7/A House-68, Biswas, Dhanmondi, Dhaka-1209",4/9/2026,Restaurant & Cafe,4,0,0,0,N/A,0,0,0,N/A,0,0,0,N/A,53,"35,229",46,665,36,"14,669",28,13,"6,046",13,0,0,0,86,"45,705",77,Active,531.4534884,New,3,Sudden Reactivation - Review
1342816064,Shakherhat.com,Md. Meraj Ali Akash,Online Payments,ISD,Lite A,1.29%,Pitch/Own Source,BRAHMANBARIA,"Ashuganj Purbo Bazar, Ashuganj, Brahmanbaria-3430",4/9/2026,E-Commerce,4,0,0,0,N/A,0,0,0,N/A,0,0,0,N/A,7,"6,700",5,957,3,"1,891",3,4,"4,500",3,4,"5,000",3,4,"8,646",3,Active,2161.5,72.92%,3,Monitor
1339949921,Quazi Consultants,Shahriar Shamim,Education,ISD,M+,1.15%,Whatsapp Group,DHAKA,"Level-1, House-4/A, Road-84, Gulshan-2, Dhaka-1212",4/9/2026,Training Institute,4,0,0,0,N/A,0,0,0,N/A,0,0,0,N/A,11,"102,480",10,"9,316",5,"40,000",4,109,"230,450",104,17,"76,305",15,1,"7,250",1,Amber,7250,-90.50%,3,Monitor
1311960680,Genius Kindergarten,Shahriar Shamim,Education,ISD,M+,1.30%,Pitch/Own Source,DINAJPUR,"Joynandohat, Kaharole, Dinajpur-5226",4/9/2026,National Curriculum-Private,4,0,0,0,N/A,0,0,0,N/A,0,0,0,N/A,20,"3,517",10,176,11,"21,023",3,12,"23,815",2,7,"2,962",3,7,"7,163",5,Active,1023.285714,141.83%,4,Monitor
1356981424,Baluchar,Shahriar Shamim,Online Payments,ISD,Lite A,1.29%,Pitch/Own Source,DHAKA,"102/A Aziz Super Market 3Rd Floor, Shahbag Dhaka-1000",4/9/2026,E-Commerce,4,0,0,0,N/A,0,0,0,N/A,0,0,0,N/A,2,"2,000",2,"1,000",0,0,0,0,0,0,0,0,0,0,0,0,Zero Transacting,N/A,New,5,High Dormancy - Review
1722039749,Poter Bibi,Shahriar Shamim,KA,ISD,M+,1.15%,Pitch/Own Source,DHAKA,"Bari-1/1B 2Nd Floor, Block-C Lalmatia Mohammadpur Dhaka-1207",4/11/2026,Apparel Standalone,4,0,0,0,N/A,0,0,0,N/A,0,0,0,N/A,4,"6,031",4,"1,508",16,"47,693",16,24,"61,427",23,87,"241,810",75,41,"116,956",38,Active,2852.585366,-51.63%,4,Monitor
1897657506,Apon Tech Limited,Md. Meraj Ali Akash,KA,OSD,M+,1.15%,Pitch/Own Source,CHITTAGONG,"Karnaphuli Epz Shopping Complex, North Patenga, Chittagong",4/13/2026,Superstore Chain,4,0,0,0,N/A,0,0,0,N/A,0,0,0,N/A,5,"4,385",5,877,40,"24,695",36,34,"19,094",29,32,"59,839",30,44,"128,312",36,Active,2916.181818,114.43%,5,High Dormancy - Review
1897657504,Apon Tech Limited,Md. Meraj Ali Akash,KA,OSD,M+,1.15%,Pitch/Own Source,NARAYANGANJ,"Adamjee Epz, Siddhirganj, Narayanganj",4/13/2026,Superstore Chain,4,0,0,0,N/A,0,0,0,N/A,0,0,0,N/A,40,"23,355",36,584,126,"56,022",105,110,"61,567",84,105,"66,319",83,109,"81,370",86,Active,746.5137615,22.69%,5,High Dormancy - Review
1410953646,Desh Collection,Md. Sazzad Hossain Sojan,KA,ISD,MMBO,1.15%,Pitch/Own Source,RAJSHAHI,"Rajshahi Alokar Mor, Rajpara, Rajshahi 6000",4/13/2026,Apparel Standalone,4,0,0,0,N/A,0,0,0,N/A,0,0,0,N/A,5,"1,022",3,204,10,"42,732",3,9,"13,904",5,5,"13,852",4,13,"40,704",5,Active,3131.076923,193.85%,3,Monitor
1331663344,Rethink,Shahriar Shamim,Education,ISD,M+,1.50%,Pitch/Own Source,DHAKA,"Plot - 111/A, Road 07, Sector 04, Uttora, Dhaka 1230",4/13/2026,Coaching Center,4,0,0,0,N/A,0,0,0,N/A,0,0,0,N/A,8,"4,000",8,500,72,"56,630",71,121,"105,801",120,36,"30,310",35,35,"31,000",34,Active,885.7142857,2.28%,3,Monitor
1603906804,Fashion Skin Care BD,Shahriar Shamim,Online Payments,ISD,Lite A,1.29%,Pitch/Own Source,DHAKA,"Holding 43/A/2, Dobadiya, Mollapara, Uttarkhan, Dhaka -1230",4/13/2026,E-Commerce,4,0,0,0,N/A,0,0,0,N/A,0,0,0,N/A,8,"4,011",6,501,6,"9,930",5,0,0,0,2,"1,860",2,3,"3,181",3,Active,1060.333333,71.02%,3,Monitor
1847293000,TalenTracker Limited,Md. Meraj Ali Akash,Education,ISD,M+,1.50%,Pitch/Own Source,DHAKA,"11/A, Main Road 3, Plot 10, Pallabi, Mirpur 11, Dhaka -1216",4/13/2026,Training Institute,4,0,0,0,N/A,0,0,0,N/A,0,0,0,N/A,4,"1,200",3,300,0,0,0,0,0,0,7,"10,200",7,3,"1,452",3,Active,484,-85.76%,3,Monitor
1886747306,Oindrila,Md. Meraj Ali Akash,Online Payments,ISD,Lite A,1.29%,Pitch/Own Source,COMILLA,"Joypur Notun Bazar, Word No 9, Post Office Joypur, Upazilla Homna, Zilla Comilla-3546",4/13/2026,E-Commerce,4,0,0,0,N/A,0,0,0,N/A,0,0,0,N/A,3,"1,500",3,500,5,"9,500",4,0,0,0,0,0,0,6,900,6,Amber,150,New,3,Sudden Reactivation - Review
1911823027,Azharul Ulum Swatantra Ebtedayee Madrasha,Md. Ashraful Islam,Education,OSD,M+,1.30%,Pitch/Own Source,BHOLA,"Dalalpur, Munshirhat, Borhanuddin, Bhola-7320",4/13/2026,National Curriculum-Private,4,0,0,0,N/A,0,0,0,N/A,0,0,0,N/A,3,"1,000",3,333,3,"50,002",3,0,0,0,0,0,0,0,0,0,Zero Transacting,N/A,New,5,High Dormancy - Review
1794239104,Falaq Food,Shahriar Shamim,Online Payments,ISD,Lite A,1.29%,Pitch/Own Source,DHAKA,"House-13, Road-4, Block-E, Bochila Future Town, Bochila, Mohammadpur, Dhaka-1207",4/13/2026,E-Commerce,4,0,0,0,N/A,0,0,0,N/A,0,0,0,N/A,4,"1,017",3,254,0,0,0,1,300,1,0,0,0,0,0,0,Zero Transacting,N/A,New,4,Monitor
1805485795,SM Enterprise,Md. Sazzad Hossain Sojan,Travel & Tourism,ISD,Lite A,1.29%,CIMT,DHAKA,"Hbr Tower, Block-C, Road-17 Banani Dhaka-1213",4/15/2026,Offline,4,0,0,0,N/A,0,0,0,N/A,0,0,0,N/A,3,"3,000",3,"1,000",4,"45,260",4,15,"241,325",15,21,"344,460",16,54,"963,875",48,Active,17849.53704,179.82%,3,Monitor
1763612312,Boshon,Md. Ashraful Islam,Online Payments,ISD,Lite A,1.29%,Pitch/Own Source,DHAKA,"Holding-01, Floor-08, Road-03, Mirpur-07, Shilpo Elaka, Pallabi, Dhaka-1216",4/15/2026,E-Commerce,4,0,0,0,N/A,0,0,0,N/A,0,0,0,N/A,7,"9,052",5,"1,293",8,"24,880",8,3,"4,701",3,4,"4,721",4,10,"14,130",9,Active,1413,199.30%,3,Monitor
1896215051,Dynamic Nursing College (Diploma),Md. Sazzad Hossain Sojan,Education,ISD,M+,1.30%,Pitch/Own Source,Dhaka,"111/12, Katasur, Mohammadpur, Dhaka-1207",4/15/2026,College-Private,4,0,0,0,N/A,0,0,0,N/A,0,0,0,N/A,4,"1,005",4,251,6,"22,700",5,14,"65,500",10,5,"27,250",4,3,"6,600",1,Amber,2200,-75.78%,4,Monitor
1896215050,Dynamic Nursing College (BSC),Md. Sazzad Hossain Sojan,Education,ISD,M+,1.30%,Pitch/Own Source,Dhaka,"Mohammadpur, Dhaka-1207",4/15/2026,College-Private,4,0,0,0,N/A,0,0,0,N/A,0,0,0,N/A,4,"1,005",4,251,31,"208,001",24,4,"15,000",4,2,"9,000",2,1,"5,000",1,Amber,5000,-44.44%,3,Monitor
1325074969,Lantabur Tours and travel,Talha Yusuf,Travel & Tourism,ISD,Lite A,1.29%,Pitch/Own Source,DHAKA,"Commercial Plot No-39/1 Road No-02 Tafalia Police Station Turag Ward No-52, Uttara Dhaka-1230",4/15/2026,Online,4,0,0,0,N/A,0,0,0,N/A,0,0,0,N/A,6,"8,521",5,"1,420",2,"13,506",2,2,512,1,6,"23,010",4,2,"1,605",2,Amber,802.5,-93.02%,3,Monitor
1345571835,Glamorous by Farzana,Fahim Kazi,KA,ISD,M+,1.15%,Pitch/Own Source,DHAKA,"394/B Shohid Baki Road, 3Rd Floor, Khilgaon, Dhaka-1219",4/15/2026,Personal Care,4,0,0,0,N/A,0,0,0,N/A,0,0,0,N/A,0,0,0,N/A,3,"6,401",3,1,600,1,0,0,0,0,0,0,Zero Transacting,N/A,New,0,Healthy/Active
1326544333,X Axis Digital,Md. Meraj Ali Akash,Online Payments,ISD,Lite A,1.29%,Pitch/Own Source,DHAKA,"House-52, Lake Drive Road, Sector-7, Uttara ,Dhaka-1230",4/15/2026,E-Commerce,4,0,0,0,N/A,0,0,0,N/A,0,0,0,N/A,10,"6,470",9,647,22,"14,840",17,13,"17,880",9,3,"1,451",3,0,0,0,Zero Transacting,N/A,-100.00%,3,Monitor
1901518320,Dreamtrip Holidays,Md. Sazzad Hossain Sojan,Travel & Tourism,ISD,Lite A,1.29%,CIMT,DHAKA,"2/11, Pallabi, Mirpur, Dhaka-1216",4/16/2026,Offline,4,0,0,0,N/A,0,0,0,N/A,0,0,0,N/A,12,"165,052",7,"13,754",14,"223,650",13,13,"115,784",13,26,"199,657",24,19,"220,395",18,Active,11599.73684,10.39%,3,Monitor
1886931588,Surah Enterprise,Md. Meraj Ali Akash,KA,OSD,MMBO,1.15%,Pitch/Own Source,CHITTAGONG,Shop 555 4Th Floor Akhtaruzzaman Center Agrabad Double Mooring Chittagong 4100,4/16/2026,Mobile & Gadget,4,0,0,0,N/A,0,0,0,N/A,0,0,0,N/A,3,"1,071",3,357,22,"133,350",18,21,"148,337",12,25,"219,145",11,23,"135,657",8,Active,5898.130435,-38.10%,3,Monitor
1328446852,Max mattress bd,Md. Sazzad Hossain Sojan,Online Payments,ISD,Lite A,1.29%,Pitch/Own Source,DHAKA,"333/D/A/3/A, Dokkhin Goran, Highway Goli, Khilgaon, Dhaka-1219",4/16/2026,E-Commerce,4,0,0,0,N/A,0,0,0,N/A,0,0,0,N/A,6,"73,000",5,"12,167",3,"107,000",2,0,0,0,11,"319,001",3,6,"108,000",3,Active,18000,-66.14%,3,Monitor
1340466140,Daily Bazar,Shahriar Shamim,KA,ISD,M+,1.15%,Pitch/Own Source,DHAKA,Block F Ground Floor Bir Uttam Jiaur Rahman Sarak Banani Dhaka 1213,4/16/2026,Department Store,4,0,0,0,N/A,0,0,0,N/A,0,0,0,N/A,33,"15,065",18,457,93,"53,227",53,53,"28,401",40,95,"70,440",56,84,"45,930",50,Active,546.7857143,-34.80%,3,Monitor
1779892552,Everyday Combo,Talha Yusuf,Online Payments,ISD,Lite A,1.29%,Pitch/Own Source,DHAKA,307 Dogair Purbopara Sarulia Demra Dhaka 1361,4/16/2026,E-Commerce,4,0,0,0,N/A,0,0,0,N/A,0,0,0,N/A,3,"1,000",3,333,13,"7,895",12,16,"6,050",16,31,"23,114",30,52,"39,625",50,Active,762.0192308,71.43%,3,Monitor
1860428694,Euro Connect OPC,Md. Meraj Ali Akash,Online Payments,ISD,Lite A,1.29%,Pitch/Own Source,DHAKA,"House-28, Road-3/F, Sector-09, Uttara, Dhaka-1230",4/16/2026,E-Commerce,4,8,"44,250",8,"5,531",10,"121,400",7,"12,140",2,"13,200",2,"6,600",4,"5,205",4,"1,301",8,"68,471",8,9,"53,800",9,4,"6,350",4,8,"25,500",8,Active,3187.5,301.57%,3,Monitor
1324175017,City Holidays,Shahriar Shamim,Travel & Tourism,ISD,Lite A,1.29%,CIMT,DHAKA,"Plot-62, Kamal Ataturk Avenue, Banani, Dhaka-1213",4/21/2026,Offline,4,0,0,0,N/A,0,0,0,N/A,0,0,0,N/A,33,"542,401",22,"16,436",53,"1,105,160",40,46,"862,900",32,37,"509,490",32,41,"459,927",32,Active,11217.73171,-9.73%,3,Monitor
1985506817,Blockbuster Bangladesh,Md. Meraj Ali Akash,Online Payments,ISD,M+,1.50%,Merchant Referral,DHAKA,House 1263 Road 10 Avenue 2 Mirpur Dohs Pallabi Dhaka 1216,4/21/2026,E-Commerce,4,0,0,0,N/A,0,0,0,N/A,0,0,0,N/A,3,"1,230",3,410,8,"184,160",4,22,"361,200",12,32,"349,200",17,30,"230,560",18,Active,7685.333333,-33.97%,3,Monitor
1869872116,Wrapped In Elegance,Shahriar Shamim,Online Payments,ISD,Lite A,1.29%,Pitch/Own Source,DHAKA,"34, Nurjahan Sharif Plaza, 9Th Floor, Room No-903, Purana Paltan, Paltan , Dhaka-1000",4/21/2026,E-Commerce,4,0,0,0,N/A,0,0,0,N/A,0,0,0,N/A,7,"5,135",7,734,27,"18,265",26,17,"20,779",15,19,"8,100",19,105,"68,540",97,Active,652.7619048,746.17%,3,Monitor
1945449449,Maxx Chair,Md. Meraj Ali Akash,Online Payments,ISD,Lite A,1.29%,Pitch/Own Source,DHAKA,Plot 1 Main Road Block H Banasree Rampura Dhaka 1219,4/21/2026,E-Commerce,4,0,0,0,N/A,0,0,0,N/A,0,0,0,N/A,3,"1,500",3,500,9,"13,490",9,19,"73,850",18,44,"103,920",41,29,"78,750",28,Active,2715.517241,-24.22%,3,Monitor
1780356997,The Dermascience,Talha Yusuf,Online Payments,ISD,Lite A,1.29%,Pitch/Own Source,DHAKA,"D-14/3, Genda, Savar, Dhaka-1340",4/21/2026,E-Commerce,4,0,0,0,N/A,0,0,0,N/A,0,0,0,N/A,5,"8,600",3,"1,720",15,"62,855",2,21,"89,155",4,28,"101,065",6,16,"68,895",3,Active,4305.9375,-31.83%,3,Monitor
1339909833,Epifin Coffee Roasters,Md. Meraj Ali Akash,KA,ISD,M+,1.15%,Pitch/Own Source,DHAKA,"3449, Sagufta New Road, Pallabi, Mirpur, Dhaka-1216",4/21/2026,Restaurant & Cafe,4,0,0,0,N/A,0,0,0,N/A,0,0,0,N/A,3,"1,222",3,407,60,"41,738",48,53,"44,934",43,78,"48,719",47,102,"60,706",63,Active,595.1568627,24.60%,4,Monitor
1886000966,Oshudpati,Md. Meraj Ali Akash,KA,ISD,M+,1.15%,Pitch/Own Source,DHAKA,Tasir Uddin Plaza Shop No 111 And 111/A Road 8/9 Block A Basila City Development Li Mohammadpur Dhaka 1207,4/21/2026,Department Store,4,0,0,0,N/A,0,0,0,N/A,0,0,0,N/A,14,"9,455",11,675,77,"24,906",50,84,"25,676",62,128,"40,263",76,165,"35,282",94,Active,213.830303,-12.37%,5,High Dormancy - Review
1726854140,Safe Zone BD Shop,Fahim Kazi,KA,ISD,M+,1.15%,Pitch/Own Source,DHAKA,19 Dit Road Malibag Chowdhury Para Ramna Dhaka 1217,4/21/2026,Superstore Chain,4,0,0,0,N/A,0,0,0,N/A,0,0,0,N/A,29,"11,062",23,381,88,"29,989",62,109,"34,229",74,105,"31,634",76,112,"28,578",86,Active,255.1607143,-9.66%,4,Monitor
1736111122,Web Solutions,Md. Meraj Ali Akash,KA,ISD,M+,1.15%,Merchant Referral,DHAKA,"Plot-1, Main Road, Block-H, Dokkhin Banasree, Khilgaon, Rampura, Dhaka-1219",4/21/2026,Service Center,4,0,0,0,N/A,0,0,0,N/A,0,0,0,N/A,4,"18,040",4,"4,510",3,"14,501",3,2,"27,500",2,3,"5,002",3,4,"17,001",3,Active,4250.25,239.88%,5,High Dormancy - Review
1744752525,Everyday Combo,Talha Yusuf,KA,ISD,M+,1.15%,Pitch/Own Source,DHAKA,"307, Dogair Purbopara, Sarulia, Demra, Dhaka-1362",4/21/2026,Apparel Standalone,4,0,0,0,N/A,0,0,0,N/A,0,0,0,N/A,4,"1,100",3,275,42,"44,809",35,40,"38,220",35,19,"16,270",18,12,"16,960",11,Active,1413.333333,4.24%,6,High Dormancy - Review
1964200392,M F C Meherima's Food Club,Shahriar Shamim,KA,ISD,M+,1.15%,Pitch/Own Source,DHAKA,"Section-12, Block-C, Road-20, Plot-1/1, Pallabi, Mirpur, Dhaka-1216",4/21/2026,Restaurant & Cafe,4,0,0,0,N/A,0,0,0,N/A,0,0,0,N/A,8,"3,250",8,406,34,"8,882",28,36,"9,102",28,24,"5,760",21,37,"11,266",32,Active,304.4864865,95.59%,5,High Dormancy - Review
1601056158,Alhamdulillah Trading,Md. Sazzad Hossain Sojan,KA,ISD,M+,1.15%,Whatsapp Group,DHAKA,"House 265/A, Vashantec, Dhaka Cantonment-1206",4/21/2026,Gifts and Wearables,4,0,0,0,N/A,0,0,0,N/A,0,0,0,N/A,4,"4,000",3,"1,000",7,"135,990",6,4,"19,902",4,10,"189,389",6,3,"9,895",3,Active,3298.333333,-94.78%,3,Monitor
1896222180,Ticket Booking.com,Md. Sazzad Hossain Sojan,Travel & Tourism,ISD,Lite A,1.29%,Pitch/Own Source,DHAKA,"Mirpur-11A, Mirpur Dhaka-1216",4/21/2026,Offline,4,0,0,0,N/A,0,0,0,N/A,0,0,0,N/A,3,"1,000",3,333,0,0,0,1,1,1,3,"18,970",2,3,"3,760",2,Amber,1253.333333,-80.18%,3,Monitor
1636436877,Adhora IT Institute,Md. Ashraful Islam,Online Payments,OSD,M+,2%,Merchant Referral,COMILLA,"Gram/Moholla-Boro Dhushiya, War No-07, Post Office-Brahmanpara, Upozila-Brahman Para, Zila-Comilla-3526",4/21/2026,Content,4,0,0,0,N/A,0,0,0,N/A,0,0,0,N/A,5,"2,000",4,400,4,"1,132",3,0,0,0,7,"12,636",3,0,0,0,Zero Transacting,N/A,-100.00%,3,Monitor
1911110248,Holidayzer BD Ltd,Md. Ashraful Islam,Travel & Tourism,ISD,M+,1.50%,Whatsapp Group,DHAKA,"33, Topkhanaroad, Meherba Plaza, 12Th Floor, Paltan, Dhaka-1000",4/21/2026,Online,4,0,0,0,N/A,0,0,0,N/A,0,0,0,N/A,2,"1,001",2,501,8,"16,401",8,12,"20,700",11,0,0,0,0,0,0,Zero Transacting,N/A,New,3,Monitor
1553255478,MR BAZAR,Talha Yusuf,Online Payments,ISD,Lite A,1.29%,Pitch/Own Source,DHAKA,Tayabpur Zirabo Ashulia Savar Dhaka 1340,4/21/2026,E-Commerce,4,0,0,0,N/A,0,0,0,N/A,0,0,0,N/A,6,"5,110",4,852,2,"3,750",1,0,0,0,0,0,0,0,0,0,Zero Transacting,N/A,New,3,Monitor
1917008828,Nazia Jewellers,Md. Ashraful Islam,KA,ISD,M+,1.15%,Pitch/Own Source,DHAKA,"Plot-39/41, Uttara Square Shopping Mal, 3Rd Floor, Shop No-424, Sector-13, Uttara, Dhaka-1230",4/21/2026,Gifts and Wearables,4,0,0,0,N/A,0,0,0,N/A,0,0,0,N/A,3,"1,000",3,333,0,0,0,0,0,0,1,7,1,0,0,0,Zero Transacting,N/A,-100.00%,3,Monitor
1911418232,Taslima Jewllers,Talha Yusuf,KA,ISD,M+,1.29%,Pitch/Own Source,DHAKA,"Plot-39 And 41, Uttara Square, Sonargaon Janapath Road, Sector-13, Uttara, Dhaka-1230",4/21/2026,Gifts and Wearables,4,0,0,0,N/A,0,0,0,N/A,0,0,0,N/A,3,"1,000",3,333,1,1,1,0,0,0,0,0,0,0,0,0,Zero Transacting,N/A,New,3,Monitor
1720573598,SMI WORLDWIDE EXPRESS,Talha Yusuf,Travel & Tourism,ISD,M+,1.15%,Whatsapp Group,DHAKA,109 Motijheel C/A Dhaka-1000,4/22/2026,Offline,4,0,0,0,N/A,0,0,0,N/A,0,0,0,N/A,3,"2,500",3,833,22,"224,028",12,12,"203,507",5,6,"131,959",3,8,"119,800",6,Active,14975,-9.21%,4,Monitor
1353978713,Fiora,Md. Sazzad Hossain Sojan,Online Payments,ISD,Lite A,1.29%,Pitch/Own Source,DHAKA,"2/C, Poschim Kafrul, Shere Bangla Nagar, Dhaka-1207",4/22/2026,E-Commerce,4,0,0,0,N/A,0,0,0,N/A,0,0,0,N/A,3,"1,100",3,367,386,"70,701",373,413,"94,187",398,743,"142,785",720,445,"101,480",416,Active,228.0449438,-28.93%,4,Monitor
1886858272,Unipass Immigration,Md. Meraj Ali Akash,Travel & Tourism,ISD,Lite A,1.29%,CIMT,DHAKA,"Goodluck Center, 151/7, 5Th Floor, Panthapath Signal, Green Rd, Dhanmondi, Dhaka-1209",4/22/2026,Offline,4,0,0,0,N/A,0,0,0,N/A,0,0,0,N/A,3,"1,101",3,367,8,"28,200",7,17,"125,510",16,3,"16,001",3,3,"12,000",3,Active,4000,-25.00%,5,High Dormancy - Review
1332574848,Chef Mamun Cooking Academy,Talha Yusuf,Education,ISD,M+,1.50%,CIMT,NARAYANGANJ,"House/Flat-155/187, Road/Rataldia Barishara S And D Rupganj, Narayanganj-1464",4/22/2026,Training Institute,4,0,0,0,N/A,0,0,0,N/A,0,0,0,N/A,3,"1,250",3,417,4,"5,700",3,8,"14,400",8,4,"5,651",4,4,"4,940",4,Active,1235,-12.58%,5,High Dormancy - Review
1903644064,Multi Shop BD,Md. Meraj Ali Akash,Online Payments,ISD,Lite A,1.29%,Pitch/Own Source,DHAKA,365/A Shewrapara Mirpur Dhaka-1216,4/22/2026,E-Commerce,4,0,0,0,N/A,0,0,0,N/A,0,0,0,N/A,4,"2,200",3,550,9,"4,104",5,11,"11,830",11,5,"1,860",5,6,"4,130",6,Active,688.3333333,122.04%,5,High Dormancy - Review
1339949441,Urban Crave,Md. Ashraful Islam,KA,ISD,MMBO,1.15%,Pitch/Own Source,DHAKA,"House-24/B, Road-107, Gulshan-2, Dhaka-1212",4/22/2026,Restaurant & Cafe,4,0,0,0,N/A,0,0,0,N/A,0,0,0,N/A,18,"4,558",14,253,72,"21,565",39,32,"7,341",19,24,"5,971",16,16,"3,274",11,Active,204.625,-45.17%,5,High Dormancy - Review
1968885555,Doctorgiri LTD,Talha Yusuf,Online Payments,ISD,M+,1.50%,Whatsapp Group,DHAKA,"Bari-8, Iutc Building, Swuite-03, Level-11, Panthapath, Tejgaon, Dhaka-1215",4/22/2026,E-Commerce,4,0,0,0,N/A,0,0,0,N/A,0,0,0,N/A,3,"3,000",3,"1,000",8,351,8,4,250,4,0,0,0,2,100,2,Amber,50,New,5,High Dormancy - Review
1335254783,Lets Vibe,Md. Sazzad Hossain Sojan,Online Payments,ISD,Lite A,1.29%,CIMT,DHAKA,"House-01, Main Road, Block-F, Banasree, Rampura, Khilgaon, Dhaka-1219",4/22/2026,E-Commerce,4,0,0,0,N/A,0,0,0,N/A,0,0,0,N/A,4,"1,000",4,250,79,"18,770",72,36,"8,800",33,5,"2,550",5,0,0,0,Zero Transacting,N/A,-100.00%,6,High Dormancy - Review
1521728967,MST International Travel Agency,Md. Ashraful Islam,Travel & Tourism,ISD,Lite A,1.29%,CIMT,TANGAIL,Biswas Betka Tangail Sadar-1900,4/22/2026,Offline,4,0,0,0,N/A,0,0,0,N/A,0,0,0,N/A,3,"1,510",3,503,5,"59,601",4,3,"1,523",3,0,0,0,0,0,0,Zero Transacting,N/A,New,3,Monitor
1756820506,Safin,Md. Sazzad Hossain Sojan,KA,ISD,MMBO,1.15%,Pitch/Own Source,DHAKA,"Shop 3, Shere Bangla Road, Hajaribagh, Dhaka-1209",4/22/2026,Footwear,4,0,0,0,N/A,0,0,0,N/A,0,0,0,N/A,4,"1,100",4,275,1,50,1,0,0,0,0,0,0,0,0,0,Zero Transacting,N/A,New,3,Monitor
1756822688,Safin,Md. Sazzad Hossain Sojan,KA,ISD,MMBO,1.15%,Pitch/Own Source,DHAKA,"118, Shere Banngla Road, Hazaribagh, Dhaka-1209",4/22/2026,Footwear,4,0,0,0,N/A,0,0,0,N/A,0,0,0,N/A,4,"1,100",4,275,1,50,1,0,0,0,0,0,0,0,0,0,Zero Transacting,N/A,New,3,Monitor
1791060619,Sunehra,Md. Sazzad Hossain Sojan,KA,ISD,M+,1.15%,Pitch/Own Source,DHAKA,"Shop No-11, 118 Sher E Bangla Road Hazaribagh Dhaka-1209",4/22/2026,Footwear,4,0,0,0,N/A,0,0,0,N/A,0,0,0,N/A,4,"1,100",4,275,1,50,1,0,0,0,0,0,0,0,0,0,Zero Transacting,N/A,New,3,Monitor
1901092611,Uttara General Hospital Ltd,Talha Yusuf,KA,ISD,MMBO,1.15%,Pitch/Own Source,DHAKA,"Sec-10, Road-13, House-65, Uttara, Dhaka-1230",4/22/2026,Hospital,4,0,0,0,N/A,0,0,0,N/A,0,0,0,N/A,3,"1,000",3,333,1,"80,000",1,0,0,0,3,"90,001",3,0,0,0,Zero Transacting,N/A,-100.00%,6,High Dormancy - Review
1901092614,Uttara General Hospital Ltd,Talha Yusuf,KA,ISD,MMBO,1.15%,Pitch/Own Source,DHAKA,"Sec-10, Road-13, House-65, Uttara, Dhaka-1230",4/22/2026,Hospital,4,0,0,0,N/A,0,0,0,N/A,0,0,0,N/A,3,"1,000",3,333,1,1,1,0,0,0,0,0,0,0,0,0,Zero Transacting,N/A,New,6,High Dormancy - Review
1901092615,Uttara General Hospital Ltd,Talha Yusuf,KA,ISD,MMBO,1.15%,Pitch/Own Source,DHAKA,"Sec-10, Road-13, House-65, Uttara, Dhaka-1230",4/22/2026,Hospital,4,0,0,0,N/A,0,0,0,N/A,0,0,0,N/A,3,"1,000",3,333,0,0,0,0,0,0,0,0,0,0,0,0,Zero Transacting,N/A,New,4,Monitor
1918973999,DBox Sports Complex,Md. Meraj Ali Akash,Travel & Tourism,ISD,M+,1.15%,Pitch/Own Source,DHAKA,"Jamuna Future Park, Pragati Sarani, Kuril, Vatara, Dhaka-1229",4/23/2026,Offline,4,0,0,0,N/A,0,0,0,N/A,0,0,0,N/A,4,"1,480",4,370,85,"185,776",67,132,"212,494",94,133,"101,708",103,138,"165,960",107,Active,1202.608696,63.17%,6,High Dormancy - Review
1319226186,Star Kid,Talha Yusuf,Online Payments,ISD,Lite A,1.29%,Pitch/Own Source,DHAKA,18/C Rankin Street Wari Dhaka 1203,4/23/2026,E-Commerce,4,0,0,0,N/A,0,0,0,N/A,0,0,0,N/A,12,"3,989",10,332,136,"119,961",129,40,"23,661",39,48,"27,420",47,35,"15,222",34,Active,434.9142857,-44.49%,5,High Dormancy - Review
1518960375,RAVEN APPAREL LIMITED,Talha Yusuf,Online Payments,ISD,Lite A,1.29%,Pitch/Own Source,DHAKA,"House 460, Unit 2C, Road 6, Avenue 6, Mirpur Dohs, Dhaka-1216",4/23/2026,E-Commerce,4,0,0,0,N/A,0,0,0,N/A,0,0,0,N/A,4,"3,315",3,829,1,315,1,4,"1,802",4,3,"1,711",3,3,"3,177",3,Active,1059,85.68%,3,Monitor
1707132919,Antorbon,Talha Yusuf,Online Payments,ISD,Lite A,1.29%,Pitch/Own Source,DHAKA,"12/D, Ave-2, Plot- I/10, Pallabi Mirpur, Dhaka-1216",4/23/2026,E-Commerce,4,0,0,0,N/A,0,0,0,N/A,0,0,0,N/A,4,"4,150",4,"1,038",3,"2,740",3,7,"12,160",7,5,"10,170",5,1,970,1,Amber,970,-90.46%,3,Monitor
1728034116,Flyx Tour and Travels,Fahim Kazi,Travel & Tourism,ISD,Lite A,1.29%,Merchant Referral,DHAKA,"382/B, Monipur, Level-05, Barek Mollar More, 60 Feet, Mirpur-02, Mirpur, Dhaka-1216",4/23/2026,Offline,4,0,0,0,N/A,0,0,0,N/A,0,0,0,N/A,3,"3,500",3,"1,167",0,0,0,0,0,0,0,0,0,0,0,0,Zero Transacting,N/A,New,6,High Dormancy - Review
1306675943,Rafa Glow Cosmetics,Fahim Kazi,Online Payments,ISD,Lite A,1.29%,Pitch/Own Source,DHAKA,"3/A, 60 Feet Road, Pirerbag, Mirpur-2, Mirpur, Dhaka-1216",4/23/2026,E-Commerce,4,0,0,0,N/A,0,0,0,N/A,0,0,0,N/A,3,"3,000",2,"1,000",0,0,0,0,0,0,0,0,0,0,0,0,Zero Transacting,N/A,New,3,Monitor
1841160234,Robs,Shahriar Shamim,KA,ISD,M+,1.15%,Pitch/Own Source,DHAKA,"Holding No-528, Plabon North Tower, Shop-6 2Nd Floor, Solmaid, Vatara, Dhaka-1212",4/23/2026,Restaurant & Cafe,4,0,0,0,N/A,0,0,0,N/A,0,0,0,N/A,29,"19,089",20,658,94,"109,804",54,82,"64,825",57,56,"41,050",38,0,0,0,Zero Transacting,N/A,-100.00%,3,Monitor
1741825296,Sadik physiotherapy Rehabilitation and care giver center,Talha Yusuf,KA,ISD,M+,1.15%,Pitch/Own Source,DHAKA,"House-11, Gausul Azam Avenue, Sector-14, Uttara, Dhaka-1230",4/23/2026,Hospital,4,0,0,0,N/A,0,0,0,N/A,0,0,0,N/A,3,"3,000",3,"1,000",0,0,0,0,0,0,0,0,0,0,0,0,Zero Transacting,N/A,New,3,Monitor
1833782698,Threadora,Md. Sazzad Hossain Sojan,Online Payments,ISD,Lite A,1.29%,Pitch/Own Source,DHAKA,"234, Road-7, Block-D, Bashundhara R/A, Bhatara, Dhaka-1229",4/23/2026,E-Commerce,4,0,0,0,N/A,0,0,0,N/A,0,0,0,N/A,3,"3,000",3,"1,000",3,"5,850",3,0,0,0,0,0,0,0,0,0,Zero Transacting,N/A,New,3,Monitor
1701294455,akashbari hotels and resorts Limited,Md. Sazzad Hossain Sojan,Travel & Tourism,ISD,M+,1.15%,Pitch/Own Source,DHAKA,"Plot-11, Sharif Okland Center, 8Th Floor, Road No 06, Sector-04, Uttara Dhaka-1230",4/26/2026,Offline,4,0,0,0,N/A,0,0,0,N/A,0,0,0,N/A,26,"204,379",21,"7,861",51,"441,938",43,93,"982,708",80,129,"1,259,967",114,144,"1,527,010",118,Active,10604.23611,21.19%,3,Monitor
1410331377,Dynamic Cafe,Md. Meraj Ali Akash,KA,ISD,M+,1.15%,Pitch/Own Source,DHAKA,"Sayed Ali Super Market, 3Rd Floor, Bashundhara Road, Vatara, Dhaka-1229",4/26/2026,Restaurant & Cafe,4,0,0,0,N/A,0,0,0,N/A,0,0,0,N/A,28,"7,686",21,275,265,"58,204",109,100,"18,363",57,107,"45,744",74,390,"87,866",178,Active,225.2974359,92.08%,4,Monitor
1551244840,Paces Bangladesh,Talha Yusuf,Online Payments,ISD,M+,2%,Whatsapp Group,DHAKA,"North Pirerbag, Mirpur Dhaka-1216",4/26/2026,Content,4,0,0,0,N/A,0,0,0,N/A,0,0,0,N/A,3,"1,000",3,333,0,0,0,0,0,0,0,0,0,0,0,0,Zero Transacting,N/A,New,4,Monitor
1955502921,Feast Patrol,Talha Yusuf,KA,ISD,M+,1.15%,Pitch/Own Source,DHAKA,"North South University Plot 15, Block B, Bashundhara R/A, Vatara, Dhaka-1229",4/27/2026,Restaurant & Cafe,4,0,0,0,N/A,0,0,0,N/A,0,0,0,N/A,3,"1,000",3,333,669,"91,590",536,"1,707","259,531","1,189","1,953","304,019","1,354","1,812","252,343","1,240",Active,139.2621413,-17.00%,5,High Dormancy - Review
1567940377,La Roz,Shahriar Shamim,KA,ISD,M+,1.15%,Pitch/Own Source,DHAKA,"53/1, Subashto Riyalto, Saat Masjid Road 4/A, Dhanmondi, Dhaka-1209",4/27/2026,Restaurant & Cafe,4,0,0,0,N/A,0,0,0,N/A,0,0,0,N/A,4,"3,275",4,819,91,"97,654",80,90,"83,257",79,98,"134,041",91,124,"146,493",116,Active,1181.395161,9.29%,6,High Dormancy - Review
1601800076,k-klock cafe,Fahim Kazi,KA,ISD,M+,1.15%,Pitch/Own Source,DHAKA,"H-2, R-13/A, 6 Shahajalal Avenue, Sector 06, Uttora, Dhaka 1230",4/27/2026,Restaurant & Cafe,4,0,0,0,N/A,0,0,0,N/A,0,0,0,N/A,2,"1,077",2,539,57,"41,782",48,56,"43,538",53,64,"62,100",56,69,"61,588",60,Active,892.5797101,-0.82%,6,High Dormancy - Review
1805745010,Irhaya Fashion,Shahriar Shamim,Online Payments,ISD,Lite A,1.29%,Pitch/Own Source,NARAYANGANJ,"A-20, Ailpara, Pathantoli, Siddhirganj, Narayanganj Sadar, Narayanganj-1400",4/27/2026,E-Commerce,4,0,0,0,N/A,0,0,0,N/A,0,0,0,N/A,22,"25,080",21,"1,140",168,"165,980",158,94,"62,581",90,87,"50,850",86,85,"56,810",82,Active,668.3529412,11.72%,4,Monitor
1881790111,Surah Enterprise,Md. Meraj Ali Akash,KA,OSD,MMBO,1.15%,Pitch/Own Source,CHITTAGONG,"21/22 Ground Floor Akhtaruzzaman Center, Agrabad Ba/A Double Mooring Chittagong 4100",4/27/2026,Mobile & Gadget,4,0,0,0,N/A,0,0,0,N/A,0,0,0,N/A,3,"1,002",3,334,16,"205,783",15,8,"57,386",8,3,"8,741",3,6,"30,095",6,Active,5015.833333,244.30%,7,High Dormancy - Review
1805523294,Mouri Pharma,Md. Ashraful Islam,Online Payments,ISD,Lite A,1.29%,Merchant Referral,DHAKA,"Block-Kha, House-39, Road-02, West Mirpur 10, Roudabout, Mirpur, Dhaka-1216",4/27/2026,E-Commerce,4,0,0,0,N/A,0,0,0,N/A,0,0,0,N/A,0,0,0,N/A,6,"13,323",5,4,"5,735",4,3,"2,450",3,8,"21,223",7,Active,2652.875,766.24%,3,Monitor
1313448816,Purbani Lifestyle Limited,Shahriar Shamim,Online Payments,ISD,Lite A,1.29%,Pitch/Own Source,DHAKA,Richmond Concord 6Th Floor Plot 8/A Block C E S F 68 Bir Uttam Shir Showkat Sarak Gulshan Ba/A Gulshan Dhaka 1212,4/27/2026,E-Commerce,4,0,0,0,N/A,0,0,0,N/A,0,0,0,N/A,3,"1,000",3,333,17,"38,875",17,0,0,0,1,"5,820",1,5,"7,295",5,Active,1459,25.34%,3,Monitor
1968929187,Brand City,Shahriar Shamim,KA,ISD,M+,1.15%,Social Media Lead,DHAKA,59/2 Polash Nagar Pallabi Mirpur Dhaka 1216,4/27/2026,Apparel Standalone,4,0,0,0,N/A,0,0,0,N/A,0,0,0,N/A,4,"1,201",3,300,1,"1,050",1,0,0,0,0,0,0,0,0,0,Zero Transacting,N/A,New,3,Monitor
1346538750,Ganbanai,Md. Sazzad Hossain Sojan,Online Payments,ISD,M+,2%,Pitch/Own Source,DHAKA,Block B Road 6 House 292 Bashundhara Ra Vatara Dhaka 1229,4/27/2026,Content,4,0,0,0,N/A,0,0,0,N/A,0,0,0,N/A,3,"1,040",3,347,0,0,0,0,0,0,0,0,0,0,0,0,Zero Transacting,N/A,New,4,Monitor
1838981941,Guraba's Choice,Talha Yusuf,Online Payments,ISD,Lite A,1.29%,Pitch/Own Source,NARAYANGANJ,"Near Kotalerbag Modhopara Masjid, Kotalerbag, Narayanganj Sadar, Narayanganj-1400",4/27/2026,E-Commerce,4,0,0,0,N/A,0,0,0,N/A,0,0,0,N/A,3,"1,000",3,333,0,0,0,0,0,0,3,"1,502",3,0,0,0,Zero Transacting,N/A,-100.00%,3,Monitor
1308336666,Manajir Originals,Talha Yusuf,Online Payments,ISD,Lite A,1.29%,Pitch/Own Source,DHAKA,"Flat-6C, House-460, Road-6, Avenue-6, Mirpur Dohs, Mirpur, Dhaka-1216",4/27/2026,E-Commerce,4,0,0,0,N/A,0,0,0,N/A,0,0,0,N/A,3,"1,500",3,500,5,"7,960",5,2,"1,900",2,0,0,0,0,0,0,Zero Transacting,N/A,New,3,Monitor
1714117828,Raj Auto Care,Fahim Kazi,KA,ISD,M+,1.15%,Pitch/Own Source,DHAKA,"373, Tejgaon Ind/A, Tejgaon, Dhaka-1208",4/27/2026,Service Center,4,0,0,0,N/A,0,0,0,N/A,0,0,0,N/A,0,0,0,N/A,0,0,0,0,0,0,0,0,0,0,0,0,Zero Transacting,N/A,New,3,Monitor
1637022043,Jony Law Consult,Md. Meraj Ali Akash,Education,ISD,M+,1.50%,Merchant Referral,DHAKA,"4/A Mahbub Plaza, Farmgate Tejgaon Dhaka-1215",4/28/2026,Training Institute,4,0,0,0,N/A,0,0,0,N/A,0,0,0,N/A,3,"1,800",3,600,3,602,2,100,"57,806",99,99,"59,400",99,112,"67,200",112,Active,600,13.13%,3,Monitor
1344335757,Practical English,Talha Yusuf,Education,ISD,M+,1.50%,CIMT,DHAKA,"Paris Road, Mirpur-10, Dhaka-1216",4/29/2026,Training Institute,4,0,0,0,N/A,0,0,0,N/A,0,0,0,N/A,3,"1,000",3,333,49,"250,500",41,79,"433,640",68,70,"321,760",66,154,"871,125",137,Active,5656.655844,170.74%,3,Monitor
1946215900,Fragwave,Md. Sazzad Hossain Sojan,Online Payments,ISD,Lite A,1.29%,Pitch/Own Source,DHAKA,"27/2/D, Kazi Riaz Uddin Road, Room 3B, Lalbagh 1211",4/29/2026,E-Commerce,4,0,0,0,N/A,0,0,0,N/A,0,0,0,N/A,3,"3,200",3,"1,067",132,"427,055",124,164,"526,735",151,135,"458,869",115,94,"328,410",82,Active,3493.723404,-28.43%,3,Monitor
1846293041,CIEF Source BD,Md. Sazzad Hossain Sojan,Online Payments,ISD,Lite A,1.29%,Merchant Referral,DHAKA,"1/1/1/2 Jel Road, Hazi Salim Tower, 9Th Floor, Room No 9/C, Chawkbazar, Dhaka 1211",4/29/2026,E-Commerce,4,0,0,0,N/A,0,0,0,N/A,0,0,0,N/A,3,"3,000",3,"1,000",0,0,0,2,100,2,19,"25,177",8,165,"266,187",88,Active,1613.254545,957.26%,3,Monitor
1884555374,Famous Root of Style,Talha Yusuf,KA,ISD,M+,1.15%,Pitch/Own Source,DHAKA,"Plot-23, 25, Grand Jamjam Tower, Dokan-221 2Nd Floor, Se-13, Uttara, Dhaka-1230",4/29/2026,Apparel Standalone,4,0,0,0,N/A,0,0,0,N/A,0,0,0,N/A,3,"1,801",3,600,180,"344,346",169,97,"184,670",91,123,"237,135",112,115,"232,680",109,Active,2023.304348,-1.88%,3,Monitor
1788393441,Fragwave,Md. Sazzad Hossain Sojan,KA,ISD,M+,1.15%,Pitch/Own Source,DHAKA,"1, 1 Azimpur Adhunik Nagar Market, Dhaka-1205, Floor 5Th, Shop Number 12, Newmarket, Dhaka-1205",4/29/2026,Personal Care,4,0,0,0,N/A,0,0,0,N/A,0,0,0,N/A,6,"39,102",5,"6,517",81,"193,783",75,101,"152,317",89,70,"172,497",66,61,"143,280",57,Active,2348.852459,-16.94%,3,Monitor
1707898177,Trends By Marium,Md. Sazzad Hossain Sojan,Online Payments,ISD,Lite A,1.29%,Pitch/Own Source,DHAKA,248 Hasan Nagar Kamrangir Char Dhaka-1211,4/29/2026,E-Commerce,4,0,0,0,N/A,0,0,0,N/A,0,0,0,N/A,3,"1,000",3,333,4,"6,880",4,81,"22,500",78,169,"80,780",162,285,"136,443",280,Active,478.7473684,68.91%,4,Monitor
1614844130,Uttara Garden Center,Shahriar Shamim,KA,ISD,M+,1.15%,Pitch/Own Source,DHAKA,"Dag 122, Chandalvug, Turag, Uttara, Dhaka 1230",4/29/2026,Home Accessories,4,0,0,0,N/A,0,0,0,N/A,0,0,0,N/A,3,"1,500",3,500,21,"70,040",19,47,"60,870",42,414,"298,471",359,42,"76,205",39,Active,1814.404762,-74.47%,4,Monitor
1410024264,Agami,Shahriar Shamim,Online Payments,OSD,Lite A,1.29%,CIMT,JAMALPUR,"Shimla Bazar, Sharishabari, Jamalpur 2050",4/29/2026,E-Commerce,4,0,0,0,N/A,0,0,0,N/A,0,0,0,N/A,3,"1,900",3,633,11,"3,727",5,60,"7,041",40,132,"14,744",99,116,"21,480",95,Active,185.1724138,45.69%,3,Monitor
1811451666,Fabrico,Md. Ashraful Islam,Online Payments,ISD,Lite A,1.15%,Pitch/Own Source,DHAKA,"21, Ahsan Ullah Road, Islampur, Sutrapur, Dhaka-1100",4/29/2026,E-Commerce,4,0,0,0,N/A,0,0,0,N/A,0,0,0,N/A,5,"3,240",5,648,69,"18,500",64,55,"21,133",52,51,"25,840",45,23,"15,335",21,Active,666.7391304,-40.65%,6,High Dormancy - Review
1881303999,M/S Arjex,Shahriar Shamim,KA,OSD,M+,1.15%,Pitch/Own Source,NARAYANGANJ,Rupganj Narayanganj 1464,4/29/2026,Apparel Standalone,4,0,0,0,N/A,0,0,0,N/A,0,0,0,N/A,4,"1,051",3,263,26,"41,546",17,25,"36,899",21,8,"10,411",8,8,"11,491",8,Active,1436.375,10.37%,4,Monitor
1703888696,Fahim Academy,Md. Ashraful Islam,Education,ISD,M+,1.50%,CIMT,MYMENSINGH,"Gulkibari, Kazi Office Road, Sadar Mymensingh, Mymensingh 2200",4/29/2026,Coaching Center,4,0,0,0,N/A,0,0,0,N/A,0,0,0,N/A,3,"1,000",3,333,12,"4,896",11,5,"10,709",5,3,"1,701",3,6,"8,200",6,Active,1366.666667,382.07%,4,Monitor
1518913977,INK IDEAS,Talha Yusuf,Online Payments,ISD,Lite A,1.29%,Pitch/Own Source,DHAKA,"Samad Mansion 2Nd Floor, Foll Potti, Circle Mirpur-10 Dhaka-1216",4/29/2026,E-Commerce,4,0,0,0,N/A,0,0,0,N/A,0,0,0,N/A,3,950,3,317,8,"4,671",8,6,"8,215",6,9,"18,765",7,4,"4,460",2,Amber,1115,-76.23%,4,Monitor
1894939470,Travel Classic (Pvt) Limited,Shahriar Shamim,Travel & Tourism,ISD,Lite A,1.29%,Pitch/Own Source,DHAKA,"16Th Floor, Bta Tower, House 29, Road 17, Banani, Dhaka 1213",4/29/2026,Offline,4,0,0,0,N/A,0,0,0,N/A,0,0,0,N/A,3,"2,002",3,667,2,"101,858",2,0,0,0,14,"83,070",13,3,"4,202",3,Active,1400.666667,-94.94%,4,Monitor
1410002725,Ladies Box,Md. Ashraful Islam,Online Payments,ISD,Lite A,1.29%,Pitch/Own Source,FARIDPUR,Murar Dia 02 Kadirdi 7801 Modhukhali Faridpur 7850,4/29/2026,E-Commerce,4,0,0,0,N/A,0,0,0,N/A,0,0,0,N/A,0,0,0,N/A,10,"7,100",10,12,"4,220",10,7,"2,020",7,11,"3,427",10,Active,311.5454545,69.65%,4,Monitor
1540722990,City Academy,Md. Meraj Ali Akash,Education,OSD,M+,1.50%,CIMT,SYLHET,Bhatalia 8 Modushohid Sylhet Sadar-3100,4/29/2026,Coaching Center,4,0,0,0,N/A,0,0,0,N/A,0,0,0,N/A,3,"1,600",3,533,3,"7,502",3,1,"18,000",1,0,0,0,5,"3,401",4,Active,680.2,New,4,Sudden Reactivation - Review
1600320908,Solo'sss,Shahriar Shamim,KA,ISD,M+,1.15%,Pitch/Own Source,DHAKA,"87-92 Tritio Tola Shop No-262, Farmview Super Market Green Road, Farmgate, Tejgoan Dhaka-1215",4/29/2026,Apparel Standalone,4,0,0,0,N/A,0,0,0,N/A,0,0,0,N/A,2,2,2,1,0,0,0,0,0,0,1,75,1,0,0,0,Zero Transacting,N/A,-100.00%,4,Monitor
1351613617,PI MATH CLUB,Talha Yusuf,Online Payments,ISD,Lite A,1.29%,Pitch/Own Source,MAULVIBAZAR,"Dokan No 61, Purbo Gizrapara, 01 No Word, Moulvibazar Pouroshova, Moulvibazaar-3200",4/30/2026,Content,4,0,0,0,N/A,0,0,0,N/A,0,0,0,N/A,0,0,0,N/A,198,"255,412",137,170,"192,940",114,67,"79,530",49,91,"165,999",82,Active,1824.164835,108.73%,7,High Dormancy - Review
1401790025,Borno,Talha Yusuf,Online Payments,ISD,Lite A,1.29%,Pitch/Own Source,DHAKA,"81, Dinnath Sen Road, Gendaria, Dhaka-1100",4/30/2026,Gifts and Wearables,4,0,0,0,N/A,0,0,0,N/A,0,0,0,N/A,0,0,0,N/A,68,"132,905",66,38,"34,350",35,13,"16,200",11,9,"11,830",9,Active,1314.444444,-26.98%,6,High Dormancy - Review
1711744196,Beirut Bistro,Md. Sazzad Hossain Sojan,KA,ISD,M+,1.15%,Pitch/Own Source,DHAKA,"Unit No-25, Cheifs Table, Level-5, Center Point, Airport Dhaka Uttara-1230",5/4/2026,Restaurant & Cafe,5,0,0,0,N/A,0,0,0,N/A,0,0,0,N/A,0,0,0,N/A,51,"64,808",50,55,"61,138",51,82,"108,803",76,77,"99,083",72,Active,1286.792208,-8.93%,4,Monitor
1620085985,Chuler Karigor,Md. Meraj Ali Akash,KA,ISD,M+,1.15%,Pitch/Own Source,DHAKA,"Kha 91/1, Khilkhet Purba Namapara, Khilkhet Dhaka 1229",5/4/2026,Personal Care,5,0,0,0,N/A,0,0,0,N/A,0,0,0,N/A,0,0,0,N/A,18,"5,770",18,31,"8,776",28,9,"2,590",9,7,"1,850",7,Active,264.2857143,-28.57%,4,Monitor
1805484858,Chanto Education,Md. Ashraful Islam,Travel & Tourism,ISD,Lite A,1.29%,Pitch/Own Source,DHAKA,"House-10 4Th Floor, Road-03, Sector-06, Uttara, Dhaka-130",5/6/2026,Offline,5,0,0,0,N/A,0,0,0,N/A,0,0,0,N/A,0,0,0,N/A,6,"10,000",5,8,"71,500",7,6,"75,500",6,7,"111,500",7,Active,15928.57143,47.68%,4,Monitor
1540404766,Zapai,Fahim Kazi,Online Payments,ISD,Lite A,1.29%,Pitch/Own Source,DHAKA,"44/45, Ali Bohor, Shyampur, Kadamtali, Dhaka-1204",5/6/2026,E-Commerce,5,0,0,0,N/A,0,0,0,N/A,0,0,0,N/A,0,0,0,N/A,22,"26,850",22,25,"28,798",23,32,"22,612",32,38,"42,786",37,Active,1125.947368,89.22%,4,Monitor
1336242800,Bokro by jheel Dot com,Fahim Kazi,Online Payments,ISD,Lite A,1.29%,Pitch/Own Source,DHAKA,"267/B, Block-B, Khilgaon, Dhaka-1219",5/6/2026,E-Commerce,5,0,0,0,N/A,0,0,0,N/A,0,0,0,N/A,0,0,0,N/A,2,"5,020",2,2,20,2,0,0,0,1,"2,080",1,Amber,2080,New,4,Sudden Reactivation - Review
1339949967,ACE Japan Bangladesh JV Limited,Talha Yusuf,Education,ISD,M+,1.50%,CIMT,DHAKA,House 7 Road 4 3D Momtaj Plaza 4Th Floor Dhanmondi Dhaka 1209,5/6/2026,Training Institute,5,0,0,0,N/A,0,0,0,N/A,0,0,0,N/A,0,0,0,N/A,0,0,0,0,0,0,0,0,0,0,0,0,Zero Transacting,N/A,New,4,Monitor
1820565819,International Admission & Immigrant Consultant,Md. Ashraful Islam,Travel & Tourism,ISD,Lite A,1.29%,Whatsapp Group,DHAKA,"House-20, Road-13, Sector-07, Azampur, Uttara, Dhaka-1230",5/6/2026,Offline,5,0,0,0,N/A,0,0,0,N/A,0,0,0,N/A,0,0,0,N/A,4,"13,686",4,0,0,0,0,0,0,0,0,0,Zero Transacting,N/A,New,4,Monitor
1854011719,TAX AND TRADE SOLUTION,Talha Yusuf,Online Payments,ISD,Lite A,1.29%,Whatsapp Group,DHAKA,109 Kakrail Flat 17/B 18Th Floor Kornafuli Garden City Shopping Complex Ramna Dhaka 1217,5/7/2026,F-Commerce,5,0,0,0,N/A,0,0,0,N/A,0,0,0,N/A,0,0,0,N/A,39,"300,700",33,13,"58,500",13,54,"100,865",54,19,"121,500",17,Active,6394.736842,20.46%,5,High Dormancy - Review
1705286519,Power Skill One Training and IT Solution,Md. Meraj Ali Akash,Education,ISD,M+,1.50%,Pitch/Own Source,DHAKA,"House-285, Road-05, Mohammadia Housing Society Mohammadpur Dhaka-1207",5/7/2026,Training Institute,5,0,0,0,N/A,0,0,0,N/A,0,0,0,N/A,0,0,0,N/A,179,"22,070",175,376,"52,426",331,260,"64,119",249,319,"70,445",292,Active,220.830721,9.87%,6,High Dormancy - Review
1805412126,Sunshine Physiotherapy Center,Md. Meraj Ali Akash,KA,ISD,M+,1.15%,Pitch/Own Source,DHAKA,Plot 33 Sonargaon Janapad Road Sector 12 Uttara Dhaka 1230,5/7/2026,Diagnostics,5,0,0,0,N/A,0,0,0,N/A,0,0,0,N/A,0,0,0,N/A,11,"26,200",8,23,"23,600",13,48,"51,630",13,40,"41,620",17,Active,1040.5,-19.39%,5,High Dormancy - Review
1748197144,Diceymio,Talha Yusuf,Online Payments,ISD,Lite A,1.29%,Pitch/Own Source,DHAKA,Basa 36 Road 4 Pallabi Mirpur Dhaka 1216,5/7/2026,E-Commerce,5,0,0,0,N/A,0,0,0,N/A,0,0,0,N/A,0,0,0,N/A,93,"2,900",83,17,"8,640",16,28,"27,770",27,37,"37,882",34,Active,1023.837838,36.41%,7,High Dormancy - Review
1575485170,Bloom Perfumes,Md. Ashraful Islam,Online Payments,ISD,Lite A,1.29%,Pitch/Own Source,LAKSHMIPUR,"College Hostel Road, Ward No 08, Lakshmipur Sadar, Lakshmipur-3711",5/7/2026,E-Commerce,5,0,0,0,N/A,0,0,0,N/A,0,0,0,N/A,0,0,0,N/A,12,"7,973",11,14,"14,875",13,9,"8,653",9,17,"22,020",16,Active,1295.294118,154.48%,5,High Dormancy - Review
1774190989,AI Vartsity,Md. Meraj Ali Akash,Education,ISD,M+,1.50%,Pitch/Own Source,DHAKA,House 432 Avenue 05 Road 06 Mirpur Dohs Pallabi Dhaka 1216,5/7/2026,Training Institute,5,0,0,0,N/A,0,0,0,N/A,0,0,0,N/A,0,0,0,N/A,3,"1,550",3,17,"53,580",17,12,"48,960",12,4,"17,280",4,Active,4320,-64.71%,6,High Dormancy - Review
1327369942,AMMC,Md. Ashraful Islam,Online Payments,ISD,Lite A,1.29%,Pitch/Own Source,DHAKA,Nishat Nagar Nalbhog Turag Uttara Dhaka Bangladesh-1230,5/7/2026,E-Commerce,5,0,0,0,N/A,0,0,0,N/A,0,0,0,N/A,0,0,0,N/A,3,"1,200",3,1,330,1,1,"1,050",1,1,550,1,Amber,550,-47.62%,5,High Dormancy - Review
1335286062,AL JAWHAR JEWELLERS,Talha Yusuf,KA,ISD,M+,1.15%,Pitch/Own Source,DHAKA,"Plot-39 And 41, Uttara Square, Sonargaon Jonopath Road, Sector-13, Uttara, Dhaka-1230",5/7/2026,Gifts and Wearables,5,0,0,0,N/A,0,0,0,N/A,0,0,0,N/A,0,0,0,N/A,2,100,1,0,0,0,0,0,0,1,120,1,Amber,120,New,4,Sudden Reactivation - Review
1972528692,Brand City,Shahriar Shamim,Online Payments,ISD,Lite A,1.29%,Pitch/Own Source,DHAKA,"59/2, Polash Nogor, Pallabi, Mirpur, Dhaka-1216",5/7/2026,E-Commerce,5,0,0,0,N/A,0,0,0,N/A,0,0,0,N/A,0,0,0,N/A,4,"1,103",3,0,0,0,0,0,0,0,0,0,Zero Transacting,N/A,New,4,Monitor
1720615112,Jahan Restaurant,Md. Ashraful Islam,KA,ISD,M+,1.15%,Pitch/Own Source,DHAKA,582/C 4Th Floor Shahid Baki Sarak Khilgaon Dhaka 1219,5/7/2026,Restaurant & Cafe,5,0,0,0,N/A,0,0,0,N/A,0,0,0,N/A,0,0,0,N/A,75,"89,481",66,74,"62,996",51,27,"23,272",23,0,0,0,Zero Transacting,N/A,-100.00%,5,High Dormancy - Review
1970067374,Nova Jewellers,Talha Yusuf,KA,ISD,M+,1.15%,Pitch/Own Source,DHAKA,Plot 39 41 Sonargaon Janapath Shop No 427 Uttara Square Sector 13 Uttara Dhaka 1230,5/7/2026,Gifts and Wearables,5,0,0,0,N/A,0,0,0,N/A,0,0,0,N/A,0,0,0,N/A,0,0,0,0,0,0,0,0,0,0,0,0,Zero Transacting,N/A,New,6,High Dormancy - Review
1758914228,Power Skill One Training and IT Solution,Md. Meraj Ali Akash,Education,ISD,M+,1.50%,Pitch/Own Source,DHAKA,House 285 Road 05 Mohammadia Housing Society Mohammadpur Dhaka 1207,5/7/2026,Training Institute,5,0,0,0,N/A,0,0,0,N/A,0,0,0,N/A,0,0,0,N/A,4,"1,580",4,1,100,1,4,"19,000",4,0,0,0,Zero Transacting,N/A,-100.00%,4,Monitor
1684162198,Shiria Sultana Mohila Madrasha,Md. Ashraful Islam,Education,OSD,M+,1.30%,CIMT,SIRAJGANJ,"Rohomotganj, Sirajganj Sadar, Sirajganj-6700",5/7/2026,National Curriculum-Private,5,0,0,0,N/A,0,0,0,N/A,0,0,0,N/A,0,0,0,N/A,3,"1,000",3,0,0,0,0,0,0,0,0,0,Zero Transacting,N/A,New,4,Monitor
1768460605,The Salon,Md. Sazzad Hossain Sojan,KA,ISD,M+,1.15%,Pitch/Own Source,DHAKA,A K Pich Tower 1/3 Rajdhani Housing 40 Feet Mainroad Bosila Mohammadpur Dhaka 1207,5/7/2026,Personal Care,5,0,0,0,N/A,0,0,0,N/A,0,0,0,N/A,0,0,0,N/A,7,"2,070",7,3,253,2,0,0,0,0,0,0,Zero Transacting,N/A,New,4,Monitor
1711037433,Swedish,Md. Meraj Ali Akash,KA,ISD,M+,1.15%,Pitch/Own Source,DHAKA,"24 A R Tower Level-08 Kamal Ataturk Avenue, Banani Dhaka-1213",5/10/2026,Home Accessories,5,0,0,0,N/A,0,0,0,N/A,0,0,0,N/A,0,0,0,N/A,6,"30,669",5,10,"53,480",10,9,"31,828",8,7,"27,960",7,Active,3994.285714,-12.15%,5,High Dormancy - Review
1805565446,Sultaans,Shahriar Shamim,KA,ISD,M+,1.15%,Pitch/Own Source,DHAKA,"House-40/42 Road-5 Block-E, Sec-01 Aftabnagar Dhaka Badda-1212",5/10/2026,Books & Sports,5,0,0,0,N/A,0,0,0,N/A,0,0,0,N/A,0,0,0,N/A,5,"2,350",4,4,"5,900",4,2,900,2,3,"3,500",3,Active,1166.666667,288.89%,4,Monitor
1974134704,Foxpro Ltd,Talha Yusuf,Online Payments,ISD,M+,1.50%,Whatsapp Group,DHAKA,"120/2 Monessor Road, Floor-3 Jigatola Dhanmondi Dhaka-1209",5/10/2026,E-Commerce,5,0,0,0,N/A,0,0,0,N/A,0,0,0,N/A,0,0,0,N/A,3,"1,500",3,0,0,0,0,0,0,1,900,1,Amber,900,New,4,Sudden Reactivation - Review
1956018681,Kalpatoru,Shahriar Shamim,KA,ISD,M+,1.15%,Pitch/Own Source,DHAKA,"10/A, Avenue 1, Plot-2, Pallabi Mirpur Dhaka-1216",5/10/2026,Apparel Standalone,5,0,0,0,N/A,0,0,0,N/A,0,0,0,N/A,0,0,0,N/A,8,"20,500",7,0,0,0,0,0,0,0,0,0,Zero Transacting,N/A,New,4,Monitor
1605127254,Headshot Lifestyle Salon,Shahriar Shamim,KA,ISD,Lite B,1.29%,Pitch/Own Source,DHAKA,"House-53, Road-3/A, Ground Floor, Dhanmondi, Dhaka-1209",5/11/2026,Personal Care,5,0,0,0,N/A,0,0,0,N/A,0,0,0,N/A,0,0,0,N/A,191,"236,000",165,259,"351,259",224,245,"297,483",201,289,"339,870",244,Active,1176.020761,14.25%,5,High Dormancy - Review
1832052145,Moyan Bakery and pastry,Md. Sazzad Hossain Sojan,KA,ISD,M+,1.15%,Pitch/Own Source,COMILLA,Fatema Manjil Kandirpar Comilla Sadar-3500,5/11/2026,Bakery & Sweets,5,0,0,0,N/A,0,0,0,N/A,0,0,0,N/A,0,0,0,N/A,48,"22,098",32,96,"32,214",66,116,"36,048",77,88,"30,694",61,Active,348.7954545,-14.85%,6,High Dormancy - Review
1782729595,Good Shop,Fahim Kazi,KA,ISD,M+,1.15%,Pitch/Own Source,DHAKA,58/34/6-B Uttor Mugda Para Dhaka-1214,5/11/2026,Superstore Chain,5,0,0,0,N/A,0,0,0,N/A,0,0,0,N/A,0,0,0,N/A,20,"13,635",12,39,"19,756",28,22,"13,550",15,31,"24,170",22,Active,779.6774194,78.38%,4,Monitor
1322913530,FlyNgo Tours and Travels,Md. Meraj Ali Akash,Travel & Tourism,ISD,Lite A,1.29%,Pitch/Own Source,DHAKA,"Room 03, H M Plaza Level 11, Rajlakkhi, Uttara, Dhaka 1230",5/11/2026,Offline,5,0,0,0,N/A,0,0,0,N/A,0,0,0,N/A,0,0,0,N/A,3,"1,300",3,0,0,0,3,"9,901",3,4,"19,951",4,Active,4987.75,101.50%,4,Monitor
1978841840,Wahidia Islamia Library,Fahim Kazi,Online Payments,OSD,Lite A,1.29%,Whatsapp Group,RAJSHAHI,"Ranibazar, Ghoramara, Boyalia, Rajshahi-6100",5/11/2026,E-Commerce,5,0,0,0,N/A,0,0,0,N/A,0,0,0,N/A,0,0,0,N/A,8,"2,112",5,3,"1,220",3,0,0,0,7,"19,680",7,Active,2811.428571,New,4,Sudden Reactivation - Review
1805565445,Sultaans,Shahriar Shamim,Online Payments,ISD,Lite A,1.29%,Pitch/Own Source,DHAKA,"House 40/42, Road 5, Block E, Sector 01, Aftabnagar, Badda, Dhaka 1212",5/11/2026,E-Commerce,5,0,0,0,N/A,0,0,0,N/A,0,0,0,N/A,0,0,0,N/A,18,"5,282",16,40,"21,450",40,28,"16,310",27,17,"9,000",17,Active,529.4117647,-44.82%,4,Monitor
1722443099,Legacy Academy,Shahriar Shamim,Education,ISD,M+,1.50%,Whatsapp Group,DHAKA,22 Segunbagicha 2 Tola Ramna Dhaka-1000,5/11/2026,Training Institute,5,0,0,0,N/A,0,0,0,N/A,0,0,0,N/A,0,0,0,N/A,3,"1,002",3,1,"1,500",1,4,"9,000",4,3,"2,002",3,Active,667.3333333,-77.76%,5,High Dormancy - Review
1632213174,Hazi Mohammad Anwer Hossain School,Md. Sazzad Hossain Sojan,Education,OSD,Pay Bill,1.30%,Pitch/Own Source,NARAYANGANJ,"Holding 746, Rupshi, Borobari, Rupganj, Narayanganj 1464",5/11/2026,National Curriculum-Private,5,0,0,0,N/A,0,0,0,N/A,0,0,0,N/A,0,0,0,N/A,0,0,0,6,"2,460",6,0,0,0,1,840,1,Amber,840,New,5,High Dormancy - Review
1355009447,A.I Enterprise,Md. Sazzad Hossain Sojan,KA,ISD,M+,1.15%,Pitch/Own Source,DHAKA,"Basha-04, Road No-4, Block-A, Chad Uddan Hausing, Mohammadpur, Dhaka-1207",5/11/2026,Apparel Standalone,5,0,0,0,N/A,0,0,0,N/A,0,0,0,N/A,0,0,0,N/A,9,"21,400",8,0,0,0,0,0,0,0,0,0,Zero Transacting,N/A,New,6,High Dormancy - Review
1845939197,Nari Fashion,Md. Ashraful Islam,Online Payments,ISD,Lite A,1.29%,Pitch/Own Source,DHAKA,71 Tekerhati Ashrafabad Kamrangirchar 1211,5/13/2026,E-Commerce,5,0,0,0,N/A,0,0,0,N/A,0,0,0,N/A,0,0,0,N/A,7,"1,201",5,582,"1,052,145",564,949,"1,771,541",893,763,"1,719,428",731,Active,2253.50983,-2.94%,5,High Dormancy - Review
1334947980,The Saltanat Inn Limited,Fahim Kazi,Travel & Tourism,ISD,M+,1.15%,Pitch/Own Source,MAULVIBAZAR,"Tiprabari Komolgonj, Sreemangal-3210",5/13/2026,Offline,5,0,0,0,N/A,0,0,0,N/A,0,0,0,N/A,0,0,0,N/A,4,"11,000",4,4,"92,500",4,7,"308,000",6,5,"88,000",5,Active,17600,-71.43%,6,High Dormancy - Review
1805770446,Ali Fashion,Md. Meraj Ali Akash,Online Payments,ISD,Lite A,1.29%,Pitch/Own Source,DHAKA,"House-978, Ekuhsy Diabari Chandalvog Main Road, Turag Uttara-1230",5/13/2026,E-Commerce,5,0,0,0,N/A,0,0,0,N/A,0,0,0,N/A,0,0,0,N/A,41,"22,293",39,36,"38,991",33,28,"34,511",28,33,"32,690",31,Active,990.6060606,-5.28%,7,High Dormancy - Review
1738772448,Food Chemistry Rooftop Restaurant,Md. Meraj Ali Akash,KA,ISD,M+,1.15%,Pitch/Own Source,DHAKA,"33/2/C, Mirerbag, Mirpur, Dhaka-1216",5/13/2026,Restaurant & Cafe,5,0,0,0,N/A,0,0,0,N/A,0,0,0,N/A,0,0,0,N/A,18,"9,545",18,29,"22,795",26,40,"19,102",35,47,"30,404",40,Active,646.893617,59.17%,4,Monitor
1618166726,Al Nursing Home Care Limited,Md. Sazzad Hossain Sojan,Online Payments,ISD,Lite A,1.29%,Merchant Referral,DHAKA,"Bari-134/3, Matikata, Dhaka Cantonment, Dhaka-1206",5/13/2026,E-Commerce,5,0,0,0,N/A,0,0,0,N/A,0,0,0,N/A,0,0,0,N/A,3,"1,000",3,3,"1,316",3,0,0,0,0,0,0,Zero Transacting,N/A,New,5,High Dormancy - Review
1327808285,Astra Builders,Md. Ashraful Islam,Online Payments,ISD,Lite A,1.29%,Whatsapp Group,DHAKA,"House-35, Road-4, Nikunja-2, Khilkhet Dhaka-1229, Bangladesh",5/13/2026,E-Commerce,5,0,0,0,N/A,0,0,0,N/A,0,0,0,N/A,0,0,0,N/A,154,"399,767",148,"1,446","2,999,954","1,389","1,175","2,239,833","1,137",0,0,0,Zero Transacting,N/A,-100.00%,5,High Dormancy - Review
1817706592,Gingham Clothing Ltd,Md. Ashraful Islam,KA,ISD,M+,1.15%,Pitch/Own Source,DHAKA,"House-12, Road-19, Sector-11, Uttara, Dhaka-1230",5/13/2026,Apparel Standalone,5,0,0,0,N/A,0,0,0,N/A,0,0,0,N/A,0,0,0,N/A,3,"3,000",3,0,0,0,0,0,0,0,0,0,Zero Transacting,N/A,New,4,Monitor
1800090096,Miftahul Jannat Islamic Academy,Shahriar Shamim,Education,OSD,M+,1.30%,CIMT,MYMENSINGH,"Ward North Mushuli Dakghor Mushuli 2290, Thana Nandail Zila Mymensingh-2300",5/13/2026,National Curriculum-Private,5,0,0,0,N/A,0,0,0,N/A,0,0,0,N/A,0,0,0,N/A,3,"1,002",3,1,20,1,0,0,0,0,0,0,Zero Transacting,N/A,New,4,Monitor
1329680028,Penston,Md. Sazzad Hossain Sojan,Education,ISD,MMBO,1.50%,Pitch/Own Source,DHAKA,"3Rd Floor House 84, 1 Rd No 7A Dhanmondi Dhaka 1209",5/13/2026,Coaching Center,5,0,0,0,N/A,0,0,0,N/A,0,0,0,N/A,0,0,0,N/A,3,"1,002",3,0,0,0,0,0,0,0,0,0,Zero Transacting,N/A,New,4,Monitor
1329680027,Penston,Md. Sazzad Hossain Sojan,Education,ISD,MMBO,1.50%,Pitch/Own Source,DHAKA,67/B 4Th Floor Rabindra Sharani Sector 7 Uttara Dhaka 1230,5/13/2026,Coaching Center,5,0,0,0,N/A,0,0,0,N/A,0,0,0,N/A,0,0,0,N/A,0,0,0,0,0,0,0,0,0,0,0,0,Zero Transacting,N/A,New,4,Monitor
1786230104,Alada Fashion,Talha Yusuf,KA,OSD,M+,1.15%,Whatsapp Group,RAJSHAHI,Village Theme Omor Plaza 2Nd Holding/Road No 10 Ghoramara Boalia Rajshahi 6100,5/15/2026,Apparel Standalone,5,0,0,0,N/A,0,0,0,N/A,0,0,0,N/A,0,0,0,N/A,1,10,1,101,"208,530",95,162,"301,320",150,150,"292,280",136,Active,1948.533333,-3.00%,4,Monitor
1603522597,Headshot Lifestyle Salon,Shahriar Shamim,KA,ISD,Lite B,1.29%,Pitch/Own Source,DHAKA,"Bari-53, Road-3/A, Nichtola, Dhanmondi, Dhaka-1205",5/15/2026,Personal Care,5,0,0,0,N/A,0,0,0,N/A,0,0,0,N/A,0,0,0,N/A,10,"32,621",5,0,0,0,4,"13,702",3,13,"77,329",9,Active,5948.384615,464.36%,4,Monitor
1336832422,Adorix,Md. Meraj Ali Akash,KA,ISD,M+,1.29%,Pitch/Own Source,DHAKA,"Ground Floor, House-28, Road-09, Nikunjo-02, Khilkhet, Dhaka-1229",5/15/2026,Gifts and Wearables,5,0,0,0,N/A,0,0,0,N/A,0,0,0,N/A,0,0,0,N/A,3,"1,500",3,0,0,0,0,0,0,43,"63,755",40,Active,1482.674419,New,4,Sudden Reactivation - Review
1805929900,Apollo pet care,Talha Yusuf,KA,ISD,M+,1.15%,Pitch/Own Source,DHAKA,"Dag No-3704, Latif Plaza, Cholmaid Road, Bashundhara, Vhatara, Dhaka-1212",5/15/2026,Department Store,5,0,0,0,N/A,0,0,0,N/A,0,0,0,N/A,0,0,0,N/A,2,"1,300",1,17,"59,110",12,40,"90,126",29,38,"52,358",27,Active,1377.842105,-41.91%,4,Monitor
1328337733,Hotel New Star and kabab,Md. Sazzad Hossain Sojan,KA,ISD,M+,1.15%,Pitch/Own Source,DHAKA,"170/171, Purbo Tejturi Bajar, Tejgao, Dhaka-1215",5/15/2026,Restaurant & Cafe,5,0,0,0,N/A,0,0,0,N/A,0,0,0,N/A,0,0,0,N/A,16,"5,190",16,94,"24,970",82,145,"36,394",120,161,"51,931",128,Active,322.552795,42.69%,4,Monitor
1750653197,All Next Ver,Md. Ashraful Islam,Online Payments,ISD,Lite A,1.29%,Whatsapp Group,DHAKA,"Block-H, Banani 11, Ventura Iconia, Level 3, Holding 37, Road No 11, 1213, Banani Dhaka",5/15/2026,E-Commerce,5,0,0,0,N/A,0,0,0,N/A,0,0,0,N/A,0,0,0,N/A,12,"33,102",6,15,"70,323",10,19,"140,350",14,9,"49,300",6,Active,5477.777778,-64.87%,4,Monitor
1310007055,Florayn,Fahim Kazi,Online Payments,ISD,Lite A,1.15%,Pitch/Own Source,DHAKA,"House No 2, Block H, Sector-2, Avenue-10, Johurul Islam City Aftabnagar, Badda, Dhaka-1212",5/15/2026,E-Commerce,5,0,0,0,N/A,0,0,0,N/A,0,0,0,N/A,0,0,0,N/A,5,"7,070",5,11,"19,791",11,3,"4,435",3,25,"27,165",25,Active,1086.6,512.51%,6,High Dormancy - Review
1410542069,The Spot Cafe,Md. Ashraful Islam,KA,ISD,M+,1.15%,Pitch/Own Source,DHAKA,"253-254, Dr Kudrot E Khuda Road, Concord Emporium Shopping Complex, Nich Tola, Newmarket, Dhaka-1205",5/15/2026,Restaurant & Cafe,5,0,0,0,N/A,0,0,0,N/A,0,0,0,N/A,0,0,0,N/A,19,"3,800",16,50,"10,155",44,189,"34,507",68,89,"22,895",70,Active,257.247191,-33.65%,6,High Dormancy - Review
1854950802,Deyalika,Md. Sazzad Hossain Sojan,KA,ISD,M+,1.15%,Pitch/Own Source,GAZIPUR,"95, Harinal, Joydebpur, Gazipur Sadar, Gazipur-1712",5/15/2026,Service Center,5,0,0,0,N/A,0,0,0,N/A,0,0,0,N/A,0,0,0,N/A,4,"3,020",3,3,"17,901",3,5,"28,000",5,4,"16,000",4,Active,4000,-42.86%,6,High Dormancy - Review
1626049494,Raisa pharma,Fahim Kazi,KA,ISD,M+,1.15%,Pitch/Own Source,DHAKA,"Ka-111/8/D, Mohakhali Dokhinpara, Niketon Bajar Gate, Gulshan, Dhaka-1212",5/15/2026,Pharmacy,5,0,0,0,N/A,0,0,0,N/A,0,0,0,N/A,0,0,0,N/A,9,"6,040",8,48,"24,463",38,47,"15,675",39,38,"12,973",35,Active,341.3947368,-17.24%,4,Monitor
1772246427,Moana Luxe,Md. Meraj Ali Akash,KA,ISD,MMBO,1.15%,Pitch/Own Source,DHAKA,"Shop-3097, Level-03, Shimant O Shambhar, Dhanmondi, Dhaka-1209",5/15/2026,Apparel Chain,5,0,0,0,N/A,0,0,0,N/A,0,0,0,N/A,0,0,0,N/A,24,"33,260",23,4,"6,450",3,3,"6,100",3,6,"5,800",5,Active,966.6666667,-4.92%,4,Monitor
1755066099,NB Food and Groceries,Md. Sazzad Hossain Sojan,KA,ISD,M+,1.15%,Pitch/Own Source,DHAKA,"H-706, 2, 40 Feet Main Road Rajdhani Housing Katasur Mohammadpur Dhaka 1207",5/15/2026,Bakery & Sweets,5,0,0,0,N/A,0,0,0,N/A,0,0,0,N/A,0,0,0,N/A,16,"4,601",16,24,"4,640",23,28,"3,610",21,20,"3,815",18,Active,190.75,5.68%,4,Monitor
1810040304,Ashraf Leather Goods and Footwear,Shahriar Shamim,KA,ISD,M+,1.15%,Pitch/Own Source,DHAKA,"31/36, College Road, Kamrangirchar, Dhaka",5/15/2026,Footwear,5,0,0,0,N/A,0,0,0,N/A,0,0,0,N/A,0,0,0,N/A,4,"1,001",3,1,1,1,1,"8,840",1,3,"1,202",3,Active,400.6666667,-86.40%,4,Monitor
1351641180,Hajj Mart,Shahriar Shamim,KA,ISD,M+,1.15%,Pitch/Own Source,DHAKA,H-1/A Muktijodda Shopping Complex 2Nd Floor Shop No F Ashkona Dakshinkhan Dhaka 1230,5/15/2026,Apparel Standalone,5,0,0,0,N/A,0,0,0,N/A,0,0,0,N/A,0,0,0,N/A,17,"32,047",16,0,0,0,0,0,0,0,0,0,Zero Transacting,N/A,New,6,High Dormancy - Review
1675187135,Jamia Hossainia Arabia Purbachal Madrasha,Md. Ashraful Islam,Education,OSD,M+,1.30%,CIMT,NARAYANGANJ,"Bagpara, Technoadda, Rupganj, Narayanganj-1464",5/15/2026,National Curriculum-Private,5,0,0,0,N/A,0,0,0,N/A,0,0,0,N/A,0,0,0,N/A,4,"1,010",4,0,0,0,0,0,0,0,0,0,Zero Transacting,N/A,New,6,High Dormancy - Review
1958021032,Module Model School,Shahriar Shamim,Education,OSD,M+,1.30%,CIMT,GAZIPUR,Rayed Kapasia Gazipur 1730,5/15/2026,National Curriculum-Private,5,0,0,0,N/A,0,0,0,N/A,0,0,0,N/A,0,0,0,N/A,4,"1,022",4,0,0,0,0,0,0,0,0,0,Zero Transacting,N/A,New,5,High Dormancy - Review
1323767693,Lezzet Rooftop,Shahriar Shamim,KA,ISD,M+,1.15%,Pitch/Own Source,DHAKA,"Awru Tower Floor-17 Plot-35 Road-133, Gulshan South Avenue Gulshan 1 Dhaka-1212",5/18/2026,Restaurant & Cafe,5,0,0,0,N/A,0,0,0,N/A,0,0,0,N/A,0,0,0,N/A,3,"2,689",3,11,"8,753",11,51,"62,896",48,70,"83,169",49,Active,1188.128571,32.23%,7,High Dormancy - Review
1938919429,The Book Cave,Md. Meraj Ali Akash,Online Payments,ISD,Lite A,1.29%,Pitch/Own Source,DHAKA,18/6 Pallabi Mirpur Dhaka-1216,5/18/2026,E-Commerce,5,0,0,0,N/A,0,0,0,N/A,0,0,0,N/A,0,0,0,N/A,5,"1,463",4,18,"15,919",16,14,"18,590",13,14,"16,130",14,Active,1152.142857,-13.23%,6,High Dormancy - Review
1349525268,Quraish,Md. Sazzad Hossain Sojan,KA,ISD,M+,1.15%,Pitch/Own Source,DHAKA,"House No-8, Road No-1, Block-A Chad Uddan Housing Mohammadpur Dhaka-1207",5/18/2026,Bakery & Sweets,5,0,0,0,N/A,0,0,0,N/A,0,0,0,N/A,0,0,0,N/A,24,"5,970",23,29,"8,941",28,35,"15,025",31,34,"13,065",32,Active,384.2647059,-13.04%,5,High Dormancy - Review
1711954630,Stylia Bangladesh,Shahriar Shamim,Online Payments,ISD,Lite A,1.29%,CIMT,DHAKA,"Road-28/Ka, Plot-5, Rupnagar Ba/A Mirpur Dhaka-1216",5/18/2026,E-Commerce,5,0,0,0,N/A,0,0,0,N/A,0,0,0,N/A,0,0,0,N/A,4,"2,202",3,74,"142,051",61,13,"8,400",13,3,"1,215",3,Active,405,-85.54%,4,Monitor
1603902876,Aizaan,Md. Meraj Ali Akash,Online Payments,ISD,Lite A,1.29%,Pitch/Own Source,DHAKA,"1 Ring Road, Mohammadpur Dhaka-1207",5/18/2026,E-Commerce,5,0,0,0,N/A,0,0,0,N/A,0,0,0,N/A,0,0,0,N/A,3,"1,202",3,0,0,0,0,0,0,0,0,0,Zero Transacting,N/A,New,4,Monitor
1405665758,Amiran,Md. Ashraful Islam,Online Payments,ISD,Lite A,1.29%,Pitch/Own Source,DHAKA,"77/7 Palashpur Road-5, Donia Kadamtoli-1204",5/18/2026,E-Commerce,5,0,0,0,N/A,0,0,0,N/A,0,0,0,N/A,0,0,0,N/A,5,"9,830",5,0,0,0,0,0,0,0,0,0,Zero Transacting,N/A,New,4,Monitor
1882286868,Ghorardim BD,Talha Yusuf,KA,ISD,M+,1.15%,Pitch/Own Source,DHAKA,406 Gobindopur Jatrabari Dhaka-1236,5/18/2026,Gifts and Wearables,5,0,0,0,N/A,0,0,0,N/A,0,0,0,N/A,0,0,0,N/A,2,900,2,1,"1,400",1,1,75,1,0,0,0,Zero Transacting,N/A,-100.00%,4,Monitor
1349314125,Ghorardim BD,Talha Yusuf,Online Payments,ISD,Lite A,1.29%,Pitch/Own Source,DHAKA,406 Gobindopur Jatrabari Dhaka-1236,5/18/2026,Gifts and Wearables,5,0,0,0,N/A,0,0,0,N/A,0,0,0,N/A,0,0,0,N/A,0,0,0,0,0,0,0,0,0,0,0,0,Zero Transacting,N/A,New,4,Monitor
1805027737,Herbves,Md. Sazzad Hossain Sojan,Online Payments,ISD,Lite A,1.29%,Pitch/Own Source,DHAKA,Sector-3 Road-10 House-10 Uttara Dhaka-1230,5/18/2026,E-Commerce,5,0,0,0,N/A,0,0,0,N/A,0,0,0,N/A,0,0,0,N/A,3,"1,000",3,0,0,0,0,0,0,0,0,0,Zero Transacting,N/A,New,5,High Dormancy - Review
1805027734,RB Trading,Md. Sazzad Hossain Sojan,Online Payments,ISD,Lite A,1.29%,Pitch/Own Source,DHAKA,Sector-3 Road No-10 House-10 Uttara Dhaka-1230,5/18/2026,E-Commerce,5,0,0,0,N/A,0,0,0,N/A,0,0,0,N/A,0,0,0,N/A,3,3,3,3,"1,002",3,0,0,0,0,0,0,Zero Transacting,N/A,New,4,Monitor
1708408686,Ambala IT,Md. Meraj Ali Akash,Online Payments,ISD,M+,1.50%,Merchant Referral,DHAKA,House 01 Road 03 Block A Mohammadpur Future Town Basila Mohammadpur Dhaka 1207,5/19/2026,E-Commerce,5,0,0,0,N/A,0,0,0,N/A,0,0,0,N/A,0,0,0,N/A,3,"1,500",3,3,101,2,16,508,4,"5,127","5,274,495","3,018",Active,1028.768286,1038186.42%,4,Monitor
1554045641,Shaddho,Md. Ashraful Islam,Online Payments,ISD,Lite A,1.29%,Pitch/Own Source,DHAKA,"999/1, Uttor Ibrahimpur, Dhaka Cantonment, Kafrul, Cantonment, Dhaka-1206",5/19/2026,E-Commerce,5,0,0,0,N/A,0,0,0,N/A,0,0,0,N/A,0,0,0,N/A,24,"14,370",23,150,"82,990",145,168,"103,090",162,176,"75,093",171,Active,426.6647727,-27.16%,4,Monitor
1400606995,Westerna,Md. Meraj Ali Akash,KA,ISD,M+,1.15%,Pitch/Own Source,DHAKA,"Shop 06, Level 3, Block C, Bashundhara City Shopping Mall, Tejgaon, Dhaka-1215",5/19/2026,Apparel Standalone,5,0,0,0,N/A,0,0,0,N/A,0,0,0,N/A,0,0,0,N/A,6,"10,702",6,20,"46,100",18,13,"26,505",12,24,"73,700",23,Active,3070.833333,178.06%,5,High Dormancy - Review
1400606995,Westerna,Md. Meraj Ali Akash,KA,ISD,MMBO,1.15%,Pitch/Own Source,DHAKA,"Shop 06, Level 3, Block C, Bashundhara City Shopping Mall, Tejgaon, Dhaka-1215",5/19/2026,Apparel Standalone,5,0,0,0,N/A,0,0,0,N/A,0,0,0,N/A,0,0,0,N/A,6,"10,702",6,20,"46,100",18,13,"26,505",12,24,"73,700",23,Active,3070.833333,178.06%,5,High Dormancy - Review
1810688082,M/S Auto Mall,Md. Meraj Ali Akash,Travel & Tourism,ISD,M+,1.50%,Pitch/Own Source,DHAKA,House 22 Road 7 Block B Bosila City Developoers Limited Bosila Mohammadpur Dhaka 1207,5/19/2026,Online,5,0,0,0,N/A,0,0,0,N/A,0,0,0,N/A,0,0,0,N/A,6,"6,280",5,31,"29,900",16,33,"49,870",22,65,"60,985",52,Active,938.2307692,22.29%,4,Monitor
1325306369,Calcutta Dry Cleaners,Shahriar Shamim,KA,ISD,MMBO,1.15%,Pitch/Own Source,DHAKA,Bismillah Plaza Road 30 Block I Bashundhara R/A Bhatara Dhaka 1229,5/19/2026,Home Appliance,5,0,0,0,N/A,0,0,0,N/A,0,0,0,N/A,0,0,0,N/A,5,"5,030",5,0,0,0,14,"12,235",13,27,"31,580",22,Active,1169.62963,158.11%,5,High Dormancy - Review
1897666800,Shayna Corporation,Fahim Kazi,Online Payments,ISD,Lite A,1.29%,Pitch/Own Source,DHAKA,"78, Moulvi Bazar Trade Centre, 9Th Floor, Shop No-10, Lalbagh, Dhaka-1211",5/19/2026,E-Commerce,5,0,0,0,N/A,0,0,0,N/A,0,0,0,N/A,0,0,0,N/A,6,"1,800",6,32,"34,713",32,36,"35,540",36,31,"26,354",31,Active,850.1290323,-25.85%,5,High Dormancy - Review
1958499948,Calcutta Dry Cleaners,Shahriar Shamim,KA,ISD,MMBO,1.15%,Pitch/Own Source,DHAKA,Jaman Mansion House 189 Block B Road 4 Bashundhara R/A Dhaka 1229,5/19/2026,Home Appliance,5,0,0,0,N/A,0,0,0,N/A,0,0,0,N/A,0,0,0,N/A,10,"6,611",8,37,"20,660",34,30,"15,150",28,24,"13,450",24,Active,560.4166667,-11.22%,5,High Dormancy - Review
1715192648,Smile Dental Care,Md. Sazzad Hossain Sojan,KA,ISD,M+,1.15%,Pitch/Own Source,BARISAL,"North Side Of Chumatha Lake, Cnb Road, Chumatha, Barishal Sadar, Barishal 8205",5/19/2026,Hospital,5,0,0,0,N/A,0,0,0,N/A,0,0,0,N/A,0,0,0,N/A,3,"1,002",3,6,"12,700",6,3,"2,002",3,5,"10,503",5,Active,2100.6,424.63%,4,Monitor
1317203280,Smile Dental Care,Md. Sazzad Hossain Sojan,KA,ISD,Pay Bill,1.15%,Pitch/Own Source,DHAKA,"59/1/1, Dhalpur Noton Road Beside Of Golapbag Math, Sayedabad, Jatrabari Dhaka 1236",5/19/2026,Hospital,5,0,0,0,N/A,0,0,0,N/A,0,0,0,N/A,0,0,0,N/A,3,"1,002",3,0,0,0,0,0,0,2,"5,000",2,Amber,2500,New,5,High Dormancy - Review
1958499936,Calcutta Dry Cleaners,Shahriar Shamim,KA,ISD,MMBO,1.15%,Pitch/Own Source,DHAKA,Shapnaganar R/A Mirpur 9 Dhaka 1216,5/19/2026,Home Appliance,5,0,0,0,N/A,0,0,0,N/A,0,0,0,N/A,0,0,0,N/A,0,0,0,4,590,4,5,"1,520",1,12,"4,400",4,Active,366.6666667,189.47%,4,Monitor
1958499950,Calcutta Dry Cleaners,Md. Ashraful Islam,KA,ISD,MMBO,1.15%,Pitch/Own Source,DHAKA,Plot 362 Road 27 Dhanmondi 27 Dhaka 1209,5/19/2026,Home Appliance,5,0,0,0,N/A,0,0,0,N/A,0,0,0,N/A,0,0,0,N/A,1,80,1,6,"2,701",6,4,"4,083",3,6,"2,482",6,Active,413.6666667,-39.21%,6,High Dormancy - Review
1958499937,Calcutta Dry Cleaners,Shahriar Shamim,KA,ISD,MMBO,1.15%,Pitch/Own Source,DHAKA,House 3 Avenue 1 Block D Section 11 Mirpur Dhaka 1216,5/19/2026,Home Appliance,5,0,0,0,N/A,0,0,0,N/A,0,0,0,N/A,0,0,0,N/A,4,903,3,0,0,0,0,0,0,4,"1,650",4,Active,412.5,New,4,Sudden Reactivation - Review
1833847252,Smile Dental Care,Md. Sazzad Hossain Sojan,KA,ISD,Pay Bill,1.15%,Pitch/Own Source,BARGUNA,"Douyatola, Chunbunia Bazar, Bamna, Barguna 8730",5/19/2026,Hospital,5,0,0,0,N/A,0,0,0,N/A,0,0,0,N/A,0,0,0,N/A,3,"1,002",3,0,0,0,1,1,1,3,"1,502",3,Active,500.6666667,150100.00%,7,High Dormancy - Review
1958499933,Calcutta Dry Cleaners,Md. Ashraful Islam,KA,ISD,MMBO,1.15%,Pitch/Own Source,DHAKA,Baktiar Khan Complex Majar Road Konabari Bus Stand Mirpur Dhaka 1216,5/19/2026,Home Appliance,5,0,0,0,N/A,0,0,0,N/A,0,0,0,N/A,0,0,0,N/A,0,0,0,3,"1,112",3,3,731,3,3,920,3,Amber,306.6666667,25.85%,7,High Dormancy - Review
1958499932,Calcutta Dry Cleaners,Md. Ashraful Islam,KA,ISD,MMBO,1.15%,Pitch/Own Source,DHAKA,House 34/A Road No 9/A Char Rastar Mor Dhanmondi Dhaka 1209,5/19/2026,Home Appliance,5,0,0,0,N/A,0,0,0,N/A,0,0,0,N/A,0,0,0,N/A,2,2,2,2,90,1,5,692,5,2,640,2,Amber,320,-7.51%,6,High Dormancy - Review
1958499951,Calcutta Dry Cleaners,Md. Ashraful Islam,KA,ISD,MMBO,1.15%,Pitch/Own Source,DHAKA,Eastern Porshi Market House 74 Road 8 Block C Niketon Housing Society Gulshan Dhaka 1212,5/19/2026,Home Appliance,5,0,0,0,N/A,0,0,0,N/A,0,0,0,N/A,0,0,0,N/A,0,0,0,2,950,2,1,1,1,1,550,1,Amber,550,54900.00%,6,High Dormancy - Review
1750536810,Smile Dental Care,Md. Sazzad Hossain Sojan,KA,ISD,Pay Bill,1.15%,Pitch/Own Source,DHAKA,"40 Fir Main Road, Rajdhani Housing, Bosila, Mohammadpur Dhaka 1207",5/19/2026,Hospital,5,0,0,0,N/A,0,0,0,N/A,0,0,0,N/A,0,0,0,N/A,3,"1,002",3,3,"1,502",3,3,"1,002",3,1,300,1,Amber,300,-70.06%,6,High Dormancy - Review
1716622995,Calcutta Dry Cleaners,Shahriar Shamim,KA,ISD,MMBO,1.15%,Pitch/Own Source,DHAKA,Shop 10/11 Baitus Shala Jame Ring Road Mohammadpur Dhaka 1207,5/19/2026,Home Appliance,5,0,0,0,N/A,0,0,0,N/A,0,0,0,N/A,0,0,0,N/A,0,0,0,0,0,0,6,10,1,1,200,1,Amber,200,1900.00%,7,High Dormancy - Review
1577658405,Alevetr AI,Md. Sazzad Hossain Sojan,Online Payments,ISD,M+,10%,Whatsapp Group,DHAKA,169/C Rupali House Ma Hakum Road Baganbari Uttar Bashantek Kafrul Dhaka 1206,5/19/2026,E-Commerce,5,0,0,0,N/A,0,0,0,N/A,0,0,0,N/A,0,0,0,N/A,3,"3,000",3,3,168,2,0,0,0,1,40,1,Amber,40,New,7,High Dormancy - Review
1958499952,Calcutta Dry Cleaners,Md. Ashraful Islam,KA,ISD,MMBO,1.15%,Pitch/Own Source,DHAKA,Kurmitola Golf Club Dhaka Cantonment Dhaka 1206,5/19/2026,Home Appliance,5,0,0,0,N/A,0,0,0,N/A,0,0,0,N/A,0,0,0,N/A,0,0,0,0,0,0,7,"5,790",5,0,0,0,Zero Transacting,N/A,-100.00%,5,High Dormancy - Review
1732284288,Calcutta Dry Cleaners,Md. Ashraful Islam,KA,ISD,MMBO,1.15%,Pitch/Own Source,DHAKA,Plot 22 Rob Super Market Shop No 07 Ground Floor Gulshan 2 Dhaka 1212,5/19/2026,Home Appliance,5,0,0,0,N/A,0,0,0,N/A,0,0,0,N/A,0,0,0,N/A,0,0,0,0,0,0,2,401,2,0,0,0,Zero Transacting,N/A,-100.00%,6,High Dormancy - Review
1958499941,Calcutta Dry Cleaners,Md. Ashraful Islam,KA,ISD,MMBO,1.15%,Pitch/Own Source,DHAKA,24/3 Shantinagar Mor Ramna Dhaka 1217,5/19/2026,Home Appliance,5,0,0,0,N/A,0,0,0,N/A,0,0,0,N/A,0,0,0,N/A,3,102,3,0,0,0,1,1,1,0,0,0,Zero Transacting,N/A,-100.00%,7,High Dormancy - Review
1958499947,Calcutta Dry Cleaners,Md. Ashraful Islam,KA,ISD,MMBO,1.15%,Pitch/Own Source,DHAKA,376/B Khilgaon Taltola Mor Opposite Of Nurbagh Jame Mosjid Khilgaon Dhaka 1219,5/19/2026,Home Appliance,5,0,0,0,N/A,0,0,0,N/A,0,0,0,N/A,0,0,0,N/A,0,0,0,1,380,1,0,0,0,0,0,0,Zero Transacting,N/A,New,7,High Dormancy - Review
1715753145,Calcutta Dry Cleaners,Md. Ashraful Islam,KA,ISD,MMBO,1.15%,Pitch/Own Source,DHAKA,Sabamoon Tower Panthapath Road Kalabagan Dhaka 1205,5/19/2026,Home Appliance,5,0,0,0,N/A,0,0,0,N/A,0,0,0,N/A,0,0,0,N/A,1,100,1,0,0,0,0,0,0,0,0,0,Zero Transacting,N/A,New,5,High Dormancy - Review
1958499934,Calcutta Dry Cleaners,Md. Ashraful Islam,KA,ISD,MMBO,1.15%,Pitch/Own Source,DHAKA,House 22 Road 8 Mohammadia Housing Society Dhaka Mohammadpur 1207,5/19/2026,Home Appliance,5,0,0,0,N/A,0,0,0,N/A,0,0,0,N/A,0,0,0,N/A,0,0,0,0,0,0,0,0,0,0,0,0,Zero Transacting,N/A,New,6,High Dormancy - Review
1958499939,Calcutta Dry Cleaners,Md. Ashraful Islam,KA,ISD,MMBO,1.15%,Pitch/Own Source,DHAKA,"Shop 105/106 1/A, Srctor 3 Rak Shopping Complex Uttara Dhaka 1230",5/19/2026,Home Appliance,5,0,0,0,N/A,0,0,0,N/A,0,0,0,N/A,0,0,0,N/A,0,0,0,0,0,0,0,0,0,0,0,0,Zero Transacting,N/A,New,6,High Dormancy - Review
1642398723,Calcutta Dry Cleaners,Shahriar Shamim,KA,ISD,MMBO,1.15%,Pitch/Own Source,DHAKA,House 385 Road 6 Beside Central Mosjid Mirpur Dohs Dhaka 1216,5/19/2026,Home Appliance,5,0,0,0,N/A,0,0,0,N/A,0,0,0,N/A,0,0,0,N/A,15,"8,000",6,8,"2,930",7,8,"6,576",7,0,0,0,Zero Transacting,N/A,-100.00%,6,High Dormancy - Review
1958499946,Calcutta Dry Cleaners,Shahriar Shamim,KA,ISD,MMBO,1.15%,Pitch/Own Source,DHAKA,Plot 335 Block D Alhajj Abdus Sobhan Road Bashundhara R/A Bhatara Dhaka 1229,5/19/2026,Home Appliance,5,0,0,0,N/A,0,0,0,N/A,0,0,0,N/A,0,0,0,N/A,4,"2,422",4,0,0,0,2,3,1,0,0,0,Zero Transacting,N/A,-100.00%,6,High Dormancy - Review
1954903101,Calcutta Dry Cleaners,Shahriar Shamim,KA,ISD,MMBO,1.15%,Pitch/Own Source,DHAKA,Dhanshiri Orchid Plaza Block C Mirpur 6 Dhaka 1216,5/19/2026,Home Appliance,5,0,0,0,N/A,0,0,0,N/A,0,0,0,N/A,0,0,0,N/A,0,0,0,0,0,0,1,1,1,0,0,0,Zero Transacting,N/A,-100.00%,5,High Dormancy - Review
1958499935,Calcutta Dry Cleaners,Shahriar Shamim,KA,ISD,MMBO,1.15%,Pitch/Own Source,DHAKA,House 1 Road 1 Sector 5 Uttara Dhaka 1230,5/19/2026,Home Appliance,5,0,0,0,N/A,0,0,0,N/A,0,0,0,N/A,0,0,0,N/A,0,0,0,0,0,0,0,0,0,0,0,0,Zero Transacting,N/A,New,5,High Dormancy - Review
1714293670,Dipti,Md. Meraj Ali Akash,Online Payments,ISD,Lite A,1.29%,Pitch/Own Source,DHAKA,"33/M, Azimpur Mouchak Colony, Azimpur, New Market, Dhaka-1205",5/19/2026,E-Commerce,5,0,0,0,N/A,0,0,0,N/A,0,0,0,N/A,0,0,0,N/A,3,"1,300",3,1,"6,310",1,3,"1,652",3,0,0,0,Zero Transacting,N/A,-100.00%,5,High Dormancy - Review
1624288560,Kazirhat Associates,Md. Meraj Ali Akash,Online Payments,ISD,Lite A,1.29%,Pitch/Own Source,DHAKA,53/Ka Uttar Bisir Mirpur 1 Shah Ali Dhaka 1216,5/19/2026,E-Commerce,5,0,0,0,N/A,0,0,0,N/A,0,0,0,N/A,0,0,0,N/A,3,"1,350",3,0,0,0,0,0,0,0,0,0,Zero Transacting,N/A,New,4,Monitor
1410782986,Smile Dental Care,Md. Sazzad Hossain Sojan,KA,ISD,Pay Bill,1.15%,Pitch/Own Source,DHAKA,"House No 94/1, Block E, Road 3, Kalshi Bus Stand, Dosh Road, Mirpur Dhaka 1216",5/19/2026,Hospital,5,0,0,0,N/A,0,0,0,N/A,0,0,0,N/A,0,0,0,N/A,3,"1,002",3,0,0,0,3,"1,902",3,0,0,0,Zero Transacting,N/A,-100.00%,4,Monitor
1705182950,Ibn Haysam Biggan Madrasha (campus 1),Md. Sazzad Hossain Sojan,Education,OSD,Pay Bill,1.30%,Pitch/Own Source,SIRAJGANJ,Sb Fazlul Haque Road Goshala Sirajganj Sadar Sirajganj 6700,5/20/2026,National Curriculum-Private,5,0,0,0,N/A,0,0,0,N/A,0,0,0,N/A,0,0,0,N/A,0,0,0,0,0,0,4,"7,600",4,15,"30,700",13,Active,2046.666667,303.95%,6,High Dormancy - Review
1334766321,Ibn Haysam Biggan Madrasha (campus 2),Md. Sazzad Hossain Sojan,Education,ISD,Pay Bill,1.30%,Pitch/Own Source,SIRAJGANJ,Sb Fazlul Haque Road Goshala Sirajganj Sadar Sirajganj 6700,5/20/2026,National Curriculum-Private,5,0,0,0,N/A,0,0,0,N/A,0,0,0,N/A,0,0,0,N/A,0,0,0,0,0,0,2,"2,350",2,15,"29,800",14,Active,1986.666667,1168.09%,4,Monitor
1864628797,Jahangirnagar Society Laboraory School,Md. Meraj Ali Akash,Education,OSD,Pay Bill,1.30%,Pitch/Own Source,DHAKA,"Jahangirnagar Society Co-Operative Housing Vatpara, Savar, Dhaka-1340",5/20/2026,National Curriculum-Private,5,0,0,0,N/A,0,0,0,N/A,0,0,0,N/A,0,0,0,N/A,0,0,0,4,"1,510",4,9,"11,400",7,21,"28,300",16,Active,1347.619048,148.25%,5,High Dormancy - Review
1883088802,Suggar Clothing,Md. Meraj Ali Akash,KA,ISD,MMBO,1.15%,Pitch/Own Source,DHAKA,Shop 56 Block C Level 5 Bashundhara City Shopping Complex Tejgaon Dhaka 1215,5/22/2026,Apparel Standalone,5,0,0,0,N/A,0,0,0,N/A,0,0,0,N/A,0,0,0,N/A,8,"12,981",8,0,0,0,10,"22,100",10,20,"37,600",19,Active,1880,70.14%,4,Monitor
1323883998,Study Hub,Shahriar Shamim,Education,ISD,M+,1.30%,Pitch/Own Source,DHAKA,"Plot-30 Sonar Gaon Janapath Road, Sec-11 Uttara Dhaka-1230",5/22/2026,Coaching Center,5,0,0,0,N/A,0,0,0,N/A,0,0,0,N/A,0,0,0,N/A,7,"15,465",6,0,0,0,1,"11,000",1,4,"29,676",3,Active,7419,169.78%,4,Monitor
1334929560,Unity Tourism Limited,Md. Sazzad Hossain Sojan,Travel & Tourism,ISD,Lite A,1.29%,Pitch/Own Source,DHAKA,"Plot-4, Main Road-1, Room-189 O 190, 8Th Floor, Mukto Bangla Shopping Complex Mirpur 1, Dhaka-1216",5/22/2026,Offline,5,0,0,0,N/A,0,0,0,N/A,0,0,0,N/A,0,0,0,N/A,3,"1,000",3,3,"44,900",3,0,0,0,4,"22,601",4,Active,5650.25,New,4,Sudden Reactivation - Review
1410136900,AB Seed,Shahriar Shamim,Online Payments,ISD,Lite A,1.29%,Pitch/Own Source,DHAKA,"18/6, Block-C, Main Road, Mohammadia Housing Limited, Mohammadpur, Dhaka-1207",5/22/2026,E-Commerce,5,0,0,0,N/A,0,0,0,N/A,0,0,0,N/A,0,0,0,N/A,5,"2,000",3,58,"25,839",52,57,"29,049",56,43,"21,780",42,Active,506.5116279,-25.02%,4,Monitor
1805048472,Gray Life Style,Md. Meraj Ali Akash,KA,ISD,MMBO,1.15%,Pitch/Own Source,MADARIPUR,"Near Nrbc Bank Plc Puran Bazar, Madaripur Sadar, Madaripur-7900",5/22/2026,Apparel Standalone,5,0,0,0,N/A,0,0,0,N/A,0,0,0,N/A,0,0,0,N/A,0,0,0,0,0,0,8,"9,552",7,15,"24,361",12,Active,1624.066667,155.04%,4,Monitor
1805565359,Buyveq Limited,Md. Meraj Ali Akash,Online Payments,ISD,Lite A,1.29%,Pitch/Own Source,DHAKA,"House-2, Road-27, Block-K, Banani, Dhaka-1213",5/22/2026,E-Commerce,5,0,0,0,N/A,0,0,0,N/A,0,0,0,N/A,0,0,0,N/A,6,"12,431",4,5,"3,877",5,9,"12,197",7,27,"21,182",22,Active,784.5185185,73.67%,4,Monitor
1844487555,Wist Bangladesh,Shahriar Shamim,KA,ISD,Lite A,1.29%,Pitch/Own Source,DHAKA,"Plot-02, 9Th Floor, Road-144, Police Plaza Concord, Gulshan-01, Gulshan Dhaka-1212",5/22/2026,Service Center,5,0,0,0,N/A,0,0,0,N/A,0,0,0,N/A,0,0,0,N/A,5,"1,151",3,0,0,0,22,"11,730",19,30,"19,985",23,Active,666.1666667,70.38%,6,High Dormancy - Review
1714117827,Raj Auto Care,Fahim Kazi,KA,ISD,M+,1.15%,Pitch/Own Source,DHAKA,"373, Tejgaon Industrial Area, Dhaka-1208",5/22/2026,Service Center,5,0,0,0,N/A,0,0,0,N/A,0,0,0,N/A,0,0,0,N/A,3,"1,000",3,6,"42,300",6,1,600,1,4,"11,850",4,Active,2962.5,1875.00%,6,High Dormancy - Review
1799202014,Soapy Bodics,Md. Sazzad Hossain Sojan,Online Payments,OSD,Lite A,1.29%,Pitch/Own Source,BRAHMANBARIA,"Budhairkandi Dakshinpara-442, 5 No Word Ujanchar Union Bancharampur Brahmanbaria-3420",5/22/2026,E-Commerce,5,0,0,0,N/A,0,0,0,N/A,0,0,0,N/A,0,0,0,N/A,3,"1,100",3,5,"5,004",3,6,646,3,31,"9,960",21,Active,321.2903226,1441.80%,5,High Dormancy - Review
1759379735,Femis Heaven,Md. Ashraful Islam,Online Payments,ISD,Lite A,1.29%,Pitch/Own Source,BAGERHAT,"Boyar Shinga, K-Depara, Kochua, Bagerhat-9300",5/22/2026,E-Commerce,5,0,0,0,N/A,0,0,0,N/A,0,0,0,N/A,0,0,0,N/A,11,"4,012",10,43,"23,320",40,74,"25,765",73,33,"9,680",32,Active,293.3333333,-62.43%,4,Monitor
1886682222,Camera and Gadget,Md. Ashraful Islam,Online Payments,ISD,Lite A,1.29%,Pitch/Own Source,DHAKA,"Ba-C/1, 2, 3, 4, 6 And C/1, 2, 3, 4, 5, 6, Road-1/1, Block-Ka/Kha, Sec-6, Ko O Market, Mirpur Shopping Center Do, 601, 6Th Floor, Mirpur, Dhaka-1216",5/22/2026,E-Commerce,5,0,0,0,N/A,0,0,0,N/A,0,0,0,N/A,0,0,0,N/A,2,"7,700",2,6,"1,752",6,8,"2,780",8,12,"3,950",12,Active,329.1666667,42.09%,6,High Dormancy - Review
1893431555,iliya International,Fahim Kazi,Online Payments,ISD,Lite A,1.29%,Pitch/Own Source,DHAKA,"81, Tejgaon I/A, Dhaka-1208",5/22/2026,E-Commerce,5,0,0,0,N/A,0,0,0,N/A,0,0,0,N/A,0,0,0,N/A,8,"1,702",6,4,"11,509",4,0,0,0,3,"3,022",2,Amber,1007.333333,New,4,Sudden Reactivation - Review
1601228388,Banglar Fresh,Fahim Kazi,Online Payments,ISD,Lite A,1.29%,Pitch/Own Source,SIRAJGANJ,"Dhubil Mehmanshahi, Dhubil, Royganj, Sirajganj-6721",5/22/2026,E-Commerce,5,0,0,0,N/A,0,0,0,N/A,0,0,0,N/A,0,0,0,N/A,5,"1,256",5,6,501,6,3,"2,250",3,3,"1,050",3,Active,350,-53.33%,4,Monitor
1711994648,Anira,Md. Meraj Ali Akash,Online Payments,ISD,Lite A,1.29%,Pitch/Own Source,DHAKA,"House-37, Road-4, Block-F, Banani, Dhaka-1213",5/22/2026,E-Commerce,5,0,0,0,N/A,0,0,0,N/A,0,0,0,N/A,0,0,0,N/A,3,"1,300",3,0,0,0,0,0,0,0,0,0,Zero Transacting,N/A,New,4,Monitor
1711646494,saffron jolshiri,Md. Sazzad Hossain Sojan,KA,ISD,M+,1.15%,Pitch/Own Source,DHAKA,"Business Point Block-I, Road-3, Plot-77, 78 Basundara Aa/A Bhatara Dhaka-1212",5/22/2026,Restaurant & Cafe,5,0,0,0,N/A,0,0,0,N/A,0,0,0,N/A,0,0,0,N/A,1,1,1,0,0,0,0,0,0,0,0,0,Zero Transacting,N/A,New,5,High Dormancy - Review
1805464916,Mooggimama global Ltd,Md. Sazzad Hossain Sojan,KA,ISD,MMBO,1.15%,Pitch/Own Source,DHAKA,Iba Hospital Opposite Green Road 73/1/Ka Tejgaon Dhaka-1215,5/23/2026,Restaurant & Cafe,5,0,0,0,N/A,0,0,0,N/A,0,0,0,N/A,0,0,0,N/A,0,0,0,107,"48,671",97,90,"42,404",80,92,"52,005",82,Active,565.2717391,22.64%,5,High Dormancy - Review
1805464914,Mooggimama global Ltd,Md. Sazzad Hossain Sojan,KA,ISD,MMBO,1.15%,Pitch/Own Source,NARAYANGANJ,"Jamtola Sahin Doctor Goli, Chashara Naraynganj Sadar-1400",5/23/2026,Restaurant & Cafe,5,0,0,0,N/A,0,0,0,N/A,0,0,0,N/A,0,0,0,N/A,36,"29,669",27,87,"63,679",83,49,"32,537",45,69,"46,777",58,Active,677.9275362,43.77%,7,High Dormancy - Review
1321118071,Greenland Service Ltd.,Fahim Kazi,Online Payments,ISD,M+,1.20%,Pitch/Own Source,DHAKA,"Plot-Swh 8/A Puraton, 1/A Notun Bir Uttom Mir Soukot Sarak, Gulshan-1 Dhaka-1212",5/23/2026,Restaurant & Cafe,5,0,0,0,N/A,0,0,0,N/A,0,0,0,N/A,0,0,0,N/A,0,0,0,0,0,0,0,0,0,4,"3,915",4,Active,978.75,New,5,High Dormancy - Review
1901359960,Pickbuzz Dot Com,Shahriar Shamim,Online Payments,ISD,Lite A,1.29%,CIMT,DHAKA,Uday Green Garden Diu Road Shatarkul Badda Dhaka 1212,5/23/2026,E-Commerce,5,0,0,0,N/A,0,0,0,N/A,0,0,0,N/A,0,0,0,N/A,5,"2,002",4,2,2,1,3,480,1,1,200,1,Amber,200,-58.33%,5,High Dormancy - Review
1757158871,Outrim Lifestyle,Md. Ashraful Islam,Online Payments,ISD,Lite A,1.29%,Pitch/Own Source,DHAKA,363/B/A Uttor Pirerbag Mirpur Dhaka-1216,5/23/2026,E-Commerce,5,0,0,0,N/A,0,0,0,N/A,0,0,0,N/A,0,0,0,N/A,3,"1,000",3,3,"1,010",3,3,"1,020",3,3,"1,104",3,Active,368,8.24%,4,Monitor
1326676099,The Fabulous Men's Wear,Md. Ashraful Islam,KA,ISD,M+,1.15%,Pitch/Own Source,SYLHET,"Bakht Market, Gachbari Bazar, Kanaighat, Sylhet 3180",5/23/2026,Apparel Standalone,5,0,0,0,N/A,0,0,0,N/A,0,0,0,N/A,0,0,0,N/A,4,"2,379",3,1,350,1,0,0,0,1,1,1,Amber,1,New,6,High Dormancy - Review
1805023000,Institute of Science Trade & Technology (ISTT),Md. Ashraful Islam,Education,ISD,M+,1.30%,Pitch/Own Source,DHAKA,"Plot 1/9, Road 2 Block D Section 15 Mirpur Sec 15 Block D, 4 Dhaka North City Corporation Ward No 4 Kafrul Dhaka 1216",5/23/2026,College-Private,5,0,0,0,N/A,0,0,0,N/A,0,0,0,N/A,0,0,0,N/A,4,"1,048",3,3,"1,912",3,0,0,0,0,0,0,Zero Transacting,N/A,New,4,Monitor
1718507828,M/S M A Kafi Sarker,Shahriar Shamim,Travel & Tourism,ISD,MMBO,1.15%,Pitch/Own Source,DHAKA,"Beside Mohona Pump, Technical More, Dhaka Mirpur-1216",5/23/2026,Offline,5,0,0,0,N/A,0,0,0,N/A,0,0,0,N/A,0,0,0,N/A,4,"2,403",4,1,700,1,0,0,0,0,0,0,Zero Transacting,N/A,New,6,High Dormancy - Review
1725442643,M/S M A Kafi Sarker,Shahriar Shamim,Travel & Tourism,OSD,MMBO,1.15%,Pitch/Own Source,PABNA,"Holding-1086, Shop No-0 Gopalpur Pabna Sadar-6600",5/23/2026,Offline,5,0,0,0,N/A,0,0,0,N/A,0,0,0,N/A,0,0,0,N/A,0,0,0,0,0,0,0,0,0,0,0,0,Zero Transacting,N/A,New,4,Monitor
1973301809,Mashta,Md. Ashraful Islam,Online Payments,ISD,Lite A,1.29%,Pitch/Own Source,DHAKA,"Plot No 13, Block B, Kolwalapara, Mainroad, Mirpur 1, Mirpur, Dhaka 1216",5/23/2026,E-Commerce,5,0,0,0,N/A,0,0,0,N/A,0,0,0,N/A,0,0,0,N/A,2,"1,000",2,3,900,2,0,0,0,0,0,0,Zero Transacting,N/A,New,4,Monitor
1703900306,Wear House,Md. Meraj Ali Akash,Online Payments,ISD,Lite A,1.29%,Pitch/Own Source,DHAKA,"31 Hoseni Dalan Road, Chakbazar, Dhaka 1211",5/23/2026,E-Commerce,5,0,0,0,N/A,0,0,0,N/A,0,0,0,N/A,0,0,0,N/A,3,"4,780",3,8,"18,806",8,0,0,0,0,0,0,Zero Transacting,N/A,New,5,High Dormancy - Review
1862646780,Saif Nursing Coaching,Md. Meraj Ali Akash,Education,OSD,M+,1.50%,CIMT,DHAKA,"Katibar Hall, Shyamnagar, Satkhira-9450",5/24/2026,Coaching Center,5,0,0,0,N/A,0,0,0,N/A,0,0,0,N/A,0,0,0,N/A,3,"1,610",3,11,"4,890",8,189,"48,250",185,20,"10,540",20,Active,527,-78.16%,5,High Dormancy - Review
1898244144,Chabaw,Md. Sazzad Hossain Sojan,KA,ISD,MMBO,1.15%,Pitch/Own Source,DHAKA,"536, Doniya, Goyal Barir More, Doniya, Kadamtoli, Dhaka-1236",5/25/2026,Restaurant & Cafe,5,0,0,0,N/A,0,0,0,N/A,0,0,0,N/A,0,0,0,N/A,0,0,0,0,0,0,31,"19,001",30,220,"133,531",199,Active,606.9590909,602.76%,6,High Dormancy - Review
1537048379,Gulshan central mosjod and iddgah society,Md. Sazzad Hossain Sojan,KA,ISD,M+,1.15%,Pitch/Own Source,DHAKA,"111 Gulshan Avenue, Gulshan Model Town, Dhaka-1212",5/25/2026,Clubs & Associations,5,0,0,0,N/A,0,0,0,N/A,0,0,0,N/A,0,0,0,N/A,1,50,1,13,"143,050",7,11,"121,000",4,3,"54,001",3,Active,18000.33333,-55.37%,5,High Dormancy - Review
1898244140,Chabaw,Md. Sazzad Hossain Sojan,KA,ISD,MMBO,1.15%,Pitch/Own Source,DHAKA,"Rose Velley Shopping Mall, Lift 3, Ranking Street, Wari, Dhaka-1100",5/25/2026,Restaurant & Cafe,5,0,0,0,N/A,0,0,0,N/A,0,0,0,N/A,0,0,0,N/A,0,0,0,0,0,0,44,"30,655",43,77,"47,570",76,Active,617.7922078,55.18%,5,High Dormancy - Review
1927874034,Manage Tutor,Shahriar Shamim,Online Payments,ISD,Lite A,1.29%,CIMT,DHAKA,"144/1, Rahim Bepari Ghat, Katashur, Mohammadpur, Dhaka-1207",5/25/2026,E-Commerce,5,0,0,0,N/A,0,0,0,N/A,0,0,0,N/A,0,0,0,N/A,3,"1,100",3,18,"19,800",10,28,"9,901",28,33,"31,350",31,Active,950,216.63%,5,High Dormancy - Review
1775300163,Fashion X,Shahriar Shamim,Online Payments,ISD,Lite A,1.29%,CIMT,DHAKA,"House-29, Dag-6145, Madani Aveune, Bhatara, Dhaka-1212",5/25/2026,E-Commerce,5,0,0,0,N/A,0,0,0,N/A,0,0,0,N/A,0,0,0,N/A,3,"1,002",3,5,11,3,5,56,2,1,910,1,Amber,910,1525.00%,5,High Dormancy - Review
1839476573,Talesai,Md. Ashraful Islam,Online Payments,ISD,Lite A,1.29%,Pitch/Own Source,DHAKA,"Bari No 376, Road No 06, Baytul Aman Housing Society, Adabor Dhaka-1207",5/25/2026,E-Commerce,5,0,0,0,N/A,0,0,0,N/A,0,0,0,N/A,0,0,0,N/A,3,"1,020",3,3,"1,000",3,0,0,0,0,0,0,Zero Transacting,N/A,New,5,High Dormancy - Review
1805484300,BD Star agro foods,Talha Yusuf,KA,ISD,M+,1.15%,Pitch/Own Source,DHAKA,"Holding-400, Faridabad, Kathaltola, Dakshinkhan, Dhaka-1230",6/3/2026,Restaurant & Cafe,6,0,0,0,N/A,0,0,0,N/A,0,0,0,N/A,0,0,0,N/A,0,0,0,6,"37,071",4,5,"6,002",3,5,"23,100",1,Amber,4620,284.87%,5,High Dormancy - Review
1323993388,AJWAD TECHNOLOGIES,Fahim Kazi,Online Payments,OSD,Lite A,1.29%,Whatsapp Group,DHAKA,15/A Ground Floor Holy Lane Shamoly Adabor Dhaka 1207,6/3/2026,E-Commerce,6,0,0,0,N/A,0,0,0,N/A,0,0,0,N/A,0,0,0,N/A,0,0,0,0,0,0,2,"1,760",2,3,"5,140",2,Amber,1713.333333,192.05%,5,High Dormancy - Review
1335290310,Alada Fashion,Talha Yusuf,Online Payments,ISD,Lite A,1.29%,Pitch/Own Source,RAJSHAHI,"Shop 10, 2Nd Floor, Theme Omor Plaza Gourhanga Boalia Rajshahi-6100",6/3/2026,E-Commerce,6,0,0,0,N/A,0,0,0,N/A,0,0,0,N/A,0,0,0,N/A,0,0,0,5,"1,240",3,0,0,0,1,"2,020",1,Amber,2020,New,6,High Dormancy - Review
1728070236,M/S. Sonapahar Farmhouse resort,Fahim Kazi,Travel & Tourism,ISD,Lite A,1.29%,Pitch/Own Source,CHITTAGONG,"Dokkhin Sonapahar Sonapahar Station Road, Mostan Nagar Joarganj Mirsharai Chittagong-4320",6/7/2026,Offline,6,0,0,0,N/A,0,0,0,N/A,0,0,0,N/A,0,0,0,N/A,0,0,0,47,"435,720",41,64,"428,520",54,54,"373,910",45,Active,6924.259259,-12.74%,6,High Dormancy - Review
1810140650,Global Travel & Tours,Talha Yusuf,Travel & Tourism,ISD,Lite A,1.29%,Pitch/Own Source,DHAKA,"78/E, Purana Paltan Line 5Th Floor, Bijoynagar, Paltan, Dhaka-1000",6/7/2026,Offline,6,0,0,0,N/A,0,0,0,N/A,0,0,0,N/A,0,0,0,N/A,0,0,0,14,"168,140",11,13,"103,357",12,19,"157,234",19,Active,8275.473684,52.13%,7,High Dormancy - Review
1345300901,Symphony of Tangua,Talha Yusuf,Travel & Tourism,ISD,Lite A,1.29%,Pitch/Own Source,KUSHTIA,Khagorbaria Khoksa Kushtia-7020,6/7/2026,Offline,6,0,0,0,N/A,0,0,0,N/A,0,0,0,N/A,0,0,0,N/A,0,0,0,30,"151,630",25,25,"157,830",23,21,"150,198",19,Active,7152.285714,-4.84%,5,High Dormancy - Review
1632292129,Red Team Bangladesh,Talha Yusuf,Online Payments,ISD,M+,2%,Pitch/Own Source,GAZIPUR,"Chapair, Kaliakoir Gazipur-1750",6/7/2026,Content,6,0,0,0,N/A,0,0,0,N/A,0,0,0,N/A,0,0,0,N/A,0,0,0,3,"1,200",3,10,"50,821",10,10,"58,644",10,Active,5864.4,15.39%,5,High Dormancy - Review
1716039219,Gifty Barakah,Md. Meraj Ali Akash,Online Payments,ISD,Lite A,1.29%,Pitch/Own Source,DHAKA,"Sarkari Colony Jame Masjid Complex Dokan No 4, Motijheel, Dhaka 1000",6/7/2026,Gifts and Wearables,6,0,0,0,N/A,0,0,0,N/A,0,0,0,N/A,0,0,0,N/A,0,0,0,7,"1,760",3,4,"1,500",4,14,"25,050",13,Active,1789.285714,1570.00%,5,High Dormancy - Review
1303178220,Jagoron scholastic school,Talha Yusuf,Education,OSD,M+,1.50%,CIMT,BOGRA,Kunderhat Nandigram Bogra-5860,6/7/2026,National Curriculum-Private,6,0,0,0,N/A,0,0,0,N/A,0,0,0,N/A,0,0,0,N/A,0,0,0,21,"10,922",13,2,522,2,1,720,1,Amber,720,37.93%,6,High Dormancy - Review
1330002829,Mega Marts,Talha Yusuf,Online Payments,ISD,Lite A,1.29%,Pitch/Own Source,DHAKA,House 25 Road 3 Block F Banashre Rampura Dhaka 1219,6/7/2026,E-Commerce,6,0,0,0,N/A,0,0,0,N/A,0,0,0,N/A,0,0,0,N/A,0,0,0,4,"1,001",4,0,0,0,0,0,0,Zero Transacting,N/A,New,6,High Dormancy - Review
1601699288,purekini,Fahim Kazi,Online Payments,ISD,Lite A,1.29%,Pitch/Own Source,DHAKA,"House 04, Road-1/B, Nikunja-2, Khilkhet, Dhaka-1229",6/7/2026,E-Commerce,6,0,0,0,N/A,0,0,0,N/A,0,0,0,N/A,0,0,0,N/A,0,0,0,3,"1,000",3,0,0,0,0,0,0,Zero Transacting,N/A,New,6,High Dormancy - Review
1956448128,SAHEEL,Talha Yusuf,Online Payments,ISD,Lite A,1.29%,Pitch/Own Source,DHAKA,House 36 Road 3 Shahjalal Housing Bosila Mohammadpur Dhaka 1207,6/7/2026,E-Commerce,6,0,0,0,N/A,0,0,0,N/A,0,0,0,N/A,0,0,0,N/A,0,0,0,0,0,0,0,0,0,0,0,0,Zero Transacting,N/A,New,5,High Dormancy - Review
1991121130,Scholars Education,Md. Meraj Ali Akash,Travel & Tourism,ISD,Lite A,1.29%,Pitch/Own Source,DHAKA,107 Kazi Nazrul Islam Avenue Room No 265 2Nd Floor Pan Pecefic Sonargaon Hotel Tejgaon Dhaka 1215,6/8/2026,Offline,6,0,0,0,N/A,0,0,0,N/A,0,0,0,N/A,0,0,0,N/A,0,0,0,6,"104,600",5,1,"8,100",1,4,"70,451",4,Active,17612.75,769.77%,5,High Dormancy - Review
1617784718,Packroma,Shahriar Shamim,Online Payments,ISD,Lite A,1.29%,Pitch/Own Source,CHITTAGONG,1674 Mayor Goli Punobarshon Area Khulshi Chattogram 4000,6/8/2026,E-Commerce,6,0,0,0,N/A,0,0,0,N/A,0,0,0,N/A,0,0,0,N/A,0,0,0,30,"5,080",26,97,"29,445",93,157,"40,283",151,Active,256.5796178,36.81%,5,High Dormancy - Review
1901642092,Uncle Bobo's,Md. Sazzad Hossain Sojan,KA,ISD,M+,1.15%,Pitch/Own Source,DHAKA,House 22 Road 13/C Block E Banani Dhaka 1213,6/8/2026,Restaurant & Cafe,6,0,0,0,N/A,0,0,0,N/A,0,0,0,N/A,0,0,0,N/A,0,0,0,24,"8,450",21,86,"33,855",76,64,"23,200",57,Active,362.5,-31.47%,5,High Dormancy - Review
1601060430,Boostlab Automobiles,Talha Yusuf,KA,ISD,M+,1.15%,Pitch/Own Source,DHAKA,"House No 140/6, Mostul Main Road, Thana Khilkhet, Dhaka 1229",6/8/2026,Service Center,6,0,0,0,N/A,0,0,0,N/A,0,0,0,N/A,0,0,0,N/A,0,0,0,5,"8,670",5,8,"54,000",5,0,0,0,Zero Transacting,N/A,-100.00%,5,High Dormancy - Review
1805423790,RANCON CADET COACHING,Talha Yusuf,Education,ISD,M+,1.50%,Pitch/Own Source,CHITTAGONG,85 Road No 07 Or Nizam R/A Gec Beside Sanmar Ocean City Panchlaish Chattogram 4212,6/8/2026,Coaching Center,6,0,0,0,N/A,0,0,0,N/A,0,0,0,N/A,0,0,0,N/A,0,0,0,3,"1,200",3,0,0,0,0,0,0,Zero Transacting,N/A,New,6,High Dormancy - Review
1345300888,Travel Tools,Talha Yusuf,Travel & Tourism,ISD,Lite A,1.29%,Pitch/Own Source,DHAKA,5Th Floor Lift 4 Mahbub Plaza Shopping Complex 4/A Indira Road Farmgate Tejgaon Dhaka 1215,6/8/2026,Online,6,0,0,0,N/A,0,0,0,N/A,0,0,0,N/A,0,0,0,N/A,0,0,0,3,"1,200",3,0,0,0,0,0,0,Zero Transacting,N/A,New,5,High Dormancy - Review
1351654484,Hanzal Cloth Store,Shahriar Shamim,KA,ISD,Lite A,1.29%,Pitch/Own Source,DHAKA,Ka-52/A Jogonnathpur Bhatara Dhaka-1229,6/9/2026,Apparel Standalone,6,0,0,0,N/A,0,0,0,N/A,0,0,0,N/A,0,0,0,N/A,0,0,0,11,"30,920",10,45,"140,190",44,70,"203,970",67,Active,2913.857143,45.50%,5,High Dormancy - Review
1906808731,Sima Dental Care,Md. Meraj Ali Akash,KA,OSD,M+,1.15%,Whatsapp Group,TANGAIL,"Holding No-1195, Elenga Busstand, Kalihati, Tangail-1976",6/9/2026,Diagnostics,6,0,0,0,N/A,0,0,0,N/A,0,0,0,N/A,0,0,0,N/A,0,0,0,18,"8,260",5,13,"2,881",3,1,250,1,Amber,250,-91.32%,5,High Dormancy - Review
1337206663,STEP BHALUKA,Talha Yusuf,Online Payments,OSD,Lite A,1.29%,Whatsapp Group,MYMENSINGH,"Secound Floor, Tilak Tower, Bus Stand Bhaluka Mymensingh-2240",6/10/2026,E-Commerce,6,0,0,0,N/A,0,0,0,N/A,0,0,0,N/A,0,0,0,N/A,0,0,0,6,"1,203",6,611,"932,636",580,221,"327,753",212,Active,1483.045249,-64.86%,6,High Dormancy - Review
1768385156,Shikkha Plus Learning School,Md. Ashraful Islam,Education,OSD,M+,1.50%,CIMT,FARIDPUR,Gazariya Bazar Kunjanagar Faridpur Sadar Faridpur 7821,6/10/2026,Coaching Center,6,0,0,0,N/A,0,0,0,N/A,0,0,0,N/A,0,0,0,N/A,0,0,0,6,"4,051",6,12,"19,400",11,11,"18,300",11,Active,1663.636364,-5.67%,5,High Dormancy - Review
1922666360,Globa Grid,Md. Ashraful Islam,KA,ISD,M+,1.15%,Pitch/Own Source,SIRAJGANJ,Jublibagan 5 Sirajganj Sadar Sirajganj-6700,6/10/2026,Apparel Standalone,6,0,0,0,N/A,0,0,0,N/A,0,0,0,N/A,0,0,0,N/A,0,0,0,2,230,2,54,"66,591",52,5,"2,504",5,Active,500.8,-96.24%,5,High Dormancy - Review
1789649019,YoungHeart,Md. Ashraful Islam,Online Payments,ISD,Lite A,1.29%,Pitch/Own Source,DHAKA,"House-14, Road-7 Ranavola Turag Dhaka-1230",6/10/2026,E-Commerce,6,0,0,0,N/A,0,0,0,N/A,0,0,0,N/A,0,0,0,N/A,0,0,0,3,"1,000",3,5,"3,482",4,0,0,0,Zero Transacting,N/A,-100.00%,5,High Dormancy - Review
1949888858,Oli Sir Online Academy,Talha Yusuf,Online Payments,ISD,M+,2%,Pitch/Own Source,MYMENSINGH,"Mokam Shosshomala, Mymensing Sadar, Mymensing 2200",6/14/2026,Training Institute,6,0,0,0,N/A,0,0,0,N/A,0,0,0,N/A,0,0,0,N/A,0,0,0,12,"8,100",5,6,"4,010",5,32,"6,445",24,Active,201.40625,60.72%,5,High Dormancy - Review
1904525558,mensbez,Md. Ashraful Islam,KA,ISD,M+,1.15%,Pitch/Own Source,DHAKA,Kathgora Ashulia Savar Dhaka 1330,6/14/2026,Apparel Standalone,6,0,0,0,N/A,0,0,0,N/A,0,0,0,N/A,0,0,0,N/A,0,0,0,4,"1,100",3,0,0,0,3,"2,600",3,Active,866.6666667,New,5,High Dormancy - Review
1340141802,Delight Moms BD,Shahriar Shamim,Online Payments,ISD,Lite A,1.29%,Pitch/Own Source,DHAKA,"Dohs, 16, Savar Cantonment, Ashulia, Savar, Dhaka 1340",6/14/2026,E-Commerce,6,0,0,0,N/A,0,0,0,N/A,0,0,0,N/A,0,0,0,N/A,0,0,0,4,"8,780",4,5,"14,620",5,3,"2,452",3,Active,817.3333333,-83.23%,5,High Dormancy - Review
1319446677,SPER,Talha Yusuf,Online Payments,ISD,Lite A,1.29%,Pitch/Own Source,COMILLA,"Mamun Plaza Thana Road, Do Pa, Barura Bazar, Barura, Cumilla 3560",6/14/2026,E-Commerce,6,0,0,0,N/A,0,0,0,N/A,0,0,0,N/A,0,0,0,N/A,0,0,0,3,"1,100",3,1,150,1,0,0,0,Zero Transacting,N/A,-100.00%,5,High Dormancy - Review
1711767103,DHL Global Forwarding (Bangladesh) Limited,Shahriar Shamim,KA,ISD,M+,1.15%,Pitch/Own Source,DHAKA,"S M C Tower, Plot-33, Road-17, Banani Ba/A, Dhaka-1213",6/15/2026,Service Center,6,0,0,0,N/A,0,0,0,N/A,0,0,0,N/A,0,0,0,N/A,0,0,0,145,"957,403",111,797,"4,701,596",367,"1,006","5,976,952",402,Active,5941.304175,27.13%,5,High Dormancy - Review
1624598906,Solar Lifestyle By Goxo,Md. Meraj Ali Akash,KA,ISD,M+,1.15%,Pitch/Own Source,DHAKA,"Trust Shopping Complex, Shop-09, Mirpur-2, Mirpur, Dhaka-1216",6/15/2026,Restaurant & Cafe,6,0,0,0,N/A,0,0,0,N/A,0,0,0,N/A,0,0,0,N/A,0,0,0,9,"4,679",8,13,"6,720",13,120,"151,477",117,Active,1262.308333,2154.12%,5,High Dormancy - Review
1810140651,The best fly,Talha Yusuf,Travel & Tourism,ISD,Lite A,1.29%,Pitch/Own Source,DHAKA,"78/E, Purana Platan Line 3Rd Floor, Bijoy Nagar Paltan Dhaka-1000",6/15/2026,Online,6,0,0,0,N/A,0,0,0,N/A,0,0,0,N/A,0,0,0,N/A,0,0,0,4,"5,783",3,11,"73,425",8,15,"88,249",6,Active,5883.266667,20.19%,7,High Dormancy - Review
1914242732,Bangla Channel( eshop),Md. Sazzad Hossain Sojan,KA,ISD,M+,1.15%,Pitch/Own Source,DHAKA,"House-05, Road-01, Section-12/E, Kalshi Main Road, Mirpur, Dhaka-1216",6/15/2026,Home Appliance,6,0,0,0,N/A,0,0,0,N/A,0,0,0,N/A,0,0,0,N/A,0,0,0,3,"1,000",3,10,"33,230",9,7,"20,010",7,Active,2858.571429,-39.78%,6,High Dormancy - Review
1349565929,Kinso Store,Md. Sazzad Hossain Sojan,KA,ISD,MMBO,1.15%,Pitch/Own Source,DHAKA,"Solaiman School Goli, Sahjadpur, Vatara, Dhaka 1212",6/15/2026,Superstore Chain,6,0,0,0,N/A,0,0,0,N/A,0,0,0,N/A,0,0,0,N/A,0,0,0,3,"1,002",3,36,"45,470",8,12,"35,745",8,Active,2978.75,-21.39%,6,High Dormancy - Review
1618608060,ARCA FOAM & MATTRESS INDUSTRIES,Talha Yusuf,Online Payments,ISD,Lite A,1.29%,CIMT,DHAKA,"House/Dag-4311, Lane-26, Purbanchal Road, North Badda Dhaka-1212",6/15/2026,E-Commerce,6,0,0,0,N/A,0,0,0,N/A,0,0,0,N/A,0,0,0,N/A,0,0,0,6,"4,300",6,9,"9,800",9,6,"11,800",5,Active,1966.666667,20.41%,6,High Dormancy - Review
1349565927,Kinso Store,Md. Sazzad Hossain Sojan,KA,ISD,MMBO,1.15%,Pitch/Own Source,DHAKA,"Mia Bari Jame Mosjid Road, Kuril Chowrasta, Vatara, Dhaka 1212",6/15/2026,Superstore Chain,6,0,0,0,N/A,0,0,0,N/A,0,0,0,N/A,0,0,0,N/A,0,0,0,3,"1,002",3,18,"18,952",9,4,"3,500",3,Active,875,-81.53%,7,High Dormancy - Review
1349565930,Kinso Store,Md. Sazzad Hossain Sojan,KA,ISD,MMBO,1.15%,Pitch/Own Source,DHAKA,"Nurerchala Board Ghat Bazar, Vatara, Dhaka 1212",6/15/2026,Superstore Chain,6,0,0,0,N/A,0,0,0,N/A,0,0,0,N/A,0,0,0,N/A,0,0,0,3,"1,002",3,20,"11,525",4,5,"2,530",3,Active,506,-78.05%,6,High Dormancy - Review
1349565928,Kinso Store,Md. Sazzad Hossain Sojan,KA,ISD,MMBO,1.15%,Pitch/Own Source,DHAKA,"Sankarbari, Jame Mosjid, Norda, Vatara 1212",6/15/2026,Superstore Chain,6,0,0,0,N/A,0,0,0,N/A,0,0,0,N/A,0,0,0,N/A,0,0,0,3,"1,002",3,14,"24,855",9,3,"1,096",3,Active,365.3333333,-95.59%,6,High Dormancy - Review
1805036888,Adnex tour and travel,Fahim Kazi,Travel & Tourism,ISD,Lite A,1.29%,CIMT,DHAKA,"H-B 4, R-50, Block-Nwk, Gulshan-2, Gulshan, Dhaka-1212",6/15/2026,Offline,6,0,0,0,N/A,0,0,0,N/A,0,0,0,N/A,0,0,0,N/A,0,0,0,0,0,0,0,0,0,0,0,0,Zero Transacting,N/A,New,7,High Dormancy - Review
1914242736,Bangla Channel( eshop),Md. Sazzad Hossain Sojan,KA,ISD,M+,1.15%,Pitch/Own Source,DHAKA,"House-15/C, 18/C, Joint Quarter, Tikkapara, Mohammadpur, Dhaka-1207",6/15/2026,Home Appliance,6,0,0,0,N/A,0,0,0,N/A,0,0,0,N/A,0,0,0,N/A,0,0,0,4,"1,001",3,0,0,0,0,0,0,Zero Transacting,N/A,New,5,High Dormancy - Review
1914242735,Bangla Channel( eshop),Md. Sazzad Hossain Sojan,KA,ISD,M+,1.15%,Pitch/Own Source,DHAKA,"House-1/11, East Basabo, Near Kadamtola Bridge, Sobujbagh, Dhaka-1214",6/15/2026,Home Appliance,6,0,0,0,N/A,0,0,0,N/A,0,0,0,N/A,0,0,0,N/A,0,0,0,3,"1,000",3,0,0,0,0,0,0,Zero Transacting,N/A,New,5,High Dormancy - Review
1841112227,Bangla Channel( eshop),Md. Sazzad Hossain Sojan,Online Payments,ISD,Lite A,1.29%,Pitch/Own Source,DHAKA,"12/D, Road-25/B, Plot-S/10, Pallabi, Mirpur, Dhaka-1216",6/15/2026,E-Commerce,6,0,0,0,N/A,0,0,0,N/A,0,0,0,N/A,0,0,0,N/A,0,0,0,3,"1,000",3,0,0,0,0,0,0,Zero Transacting,N/A,New,5,High Dormancy - Review
1403942587,Globa Grid,Md. Ashraful Islam,Online Payments,ISD,Lite A,1.29%,Pitch/Own Source,SIRAJGANJ,"Jublibagan 5, Sirajganj-6700, Sirajganj Sadar, Sirajganj-6700",6/15/2026,E-Commerce,6,0,0,0,N/A,0,0,0,N/A,0,0,0,N/A,0,0,0,N/A,0,0,0,0,0,0,0,0,0,0,0,0,Zero Transacting,N/A,New,5,High Dormancy - Review
1805466626,Lifitex Abroad,Md. Meraj Ali Akash,Travel & Tourism,ISD,M+,1.50%,Merchant Referral,DHAKA,"House-2, Road-4, Block-E, Banasree, Rampura, Dhaka-1219",6/15/2026,Online,6,0,0,0,N/A,0,0,0,N/A,0,0,0,N/A,0,0,0,N/A,0,0,0,2,302,1,3,"2,002",3,0,0,0,Zero Transacting,N/A,-100.00%,5,High Dormancy - Review
1810415488,Nur Alom Fashion Design Training Institute,Talha Yusuf,Education,ISD,M+,1.50%,CIMT,DHAKA,"H-725, W-45, Uttar Khan, Mazar Road, Ajompur, Uttara, Dhaka-1230",6/15/2026,Training Institute,6,0,0,0,N/A,0,0,0,N/A,0,0,0,N/A,0,0,0,N/A,0,0,0,3,"1,015",3,0,0,0,0,0,0,Zero Transacting,N/A,New,7,High Dormancy - Review
1607329152,Taza Hair Oil,Md. Ashraful Islam,Online Payments,ISD,Lite A,1.29%,Pitch/Own Source,DHAKA,"Daag-15733, Kawlar Moddhopara, Daskhinkhan Uttara Dhaka-1230",6/15/2026,E-Commerce,6,0,0,0,N/A,0,0,0,N/A,0,0,0,N/A,0,0,0,N/A,0,0,0,0,0,0,0,0,0,0,0,0,Zero Transacting,N/A,New,6,High Dormancy - Review
1605957236,IELTS Bangladesh,Md. Ashraful Islam,Education,OSD,M+,1.50%,Pitch/Own Source,NARAYANGANJ,1/16 Sher E Bangla Road Old Afsar Villa 3Rd Floor Masdair Narayanganj Sadar Narayanganj 1400,6/17/2026,Coaching Center,6,0,0,0,N/A,0,0,0,N/A,0,0,0,N/A,0,0,0,N/A,0,0,0,3,"1,000",3,28,"30,601",28,229,"251,000",228,Active,1096.069869,720.23%,5,High Dormancy - Review
1347383743,Reverie School,Md. Sazzad Hossain Sojan,Education,ISD,M+,1.50%,Pitch/Own Source,DHAKA,Plot 166-167 Block L Road 1 Bashundjara Bhatara Dhaka 1229,6/17/2026,National Curriculum-Private,6,0,0,0,N/A,0,0,0,N/A,0,0,0,N/A,0,0,0,N/A,0,0,0,4,"1,020",3,21,"231,900",17,49,"198,965",44,Active,4060.510204,-14.20%,5,High Dormancy - Review
1897660128,next Gen media Academy,Fahim Kazi,Education,ISD,M+,1.50%,CIMT,DHAKA,Cha-70/70/A Uttor Badda Badda Dhaka-1212,6/17/2026,Training Institute,6,0,0,0,N/A,0,0,0,N/A,0,0,0,N/A,0,0,0,N/A,0,0,0,10,"15,000",9,35,"92,500",30,52,"121,400",47,Active,2334.615385,31.24%,5,High Dormancy - Review
1821155665,Asteera,Fahim Kazi,Online Payments,ISD,Lite A,1.29%,CIMT,DHAKA,"House-10, Road-4, Mohammadpur Dhaka-1207",6/17/2026,E-Commerce,6,0,0,0,N/A,0,0,0,N/A,0,0,0,N/A,0,0,0,N/A,0,0,0,22,"12,580",18,63,"41,949",53,43,"24,382",43,Active,567.0232558,-41.88%,5,High Dormancy - Review
1711277605,Farsee,Shahriar Shamim,Online Payments,ISD,Lite A,1.29%,CIMT,BARISAL,Bown Compound Barisal Sadar Barisal 8205,6/17/2026,E-Commerce,6,0,0,0,N/A,0,0,0,N/A,0,0,0,N/A,0,0,0,N/A,0,0,0,3,"1,020",3,2,"2,190",2,9,"21,250",8,Active,2361.111111,870.32%,5,High Dormancy - Review
1901026278,Purela Dairy,Md. Meraj Ali Akash,KA,ISD,M+,1.15%,Pitch/Own Source,DHAKA,House 15/1 Lane 8 Block B Section 6 Mirpur Dhaka 1216,6/17/2026,Gifts and Wearables,6,0,0,0,N/A,0,0,0,N/A,0,0,0,N/A,0,0,0,N/A,0,0,0,0,0,0,0,0,0,0,0,0,Zero Transacting,N/A,New,5,High Dormancy - Review
1339937931,Witen Academy,Md. Meraj Ali Akash,Education,OSD,M+,1.50%,CIMT,BOGRA,2Nd Floor Mehedi Complex Bus Stand Sherpur Bogra 5840,6/17/2026,Training Institute,6,0,0,0,N/A,0,0,0,N/A,0,0,0,N/A,0,0,0,N/A,0,0,0,3,"4,500",3,1,20,1,0,0,0,Zero Transacting,N/A,-100.00%,5,High Dormancy - Review
1339867230,M/S China Mall,Shahriar Shamim,KA,ISD,M+,1.15%,Pitch/Own Source,DHAKA,"Ka-244 Kuril Jamuna Future Park, Shop No-3C-022B And Band 22C, Bhatara Dhaka-1229",6/19/2026,Apparel Standalone,6,0,0,0,N/A,0,0,0,N/A,0,0,0,N/A,0,0,0,N/A,0,0,0,10,"24,752",9,47,"86,480",47,58,"139,136",55,Active,2398.896552,60.89%,5,High Dormancy - Review
1901516933,Nokshi Kuthir,Md. Meraj Ali Akash,Online Payments,ISD,Lite A,1.29%,Pitch/Own Source,DHAKA,"Flat 2B, Plot 117, Chalabon, Dakshin Khan, Mazar Road, Uttara, Dhaka 1230",6/19/2026,E-Commerce,6,0,0,0,N/A,0,0,0,N/A,0,0,0,N/A,0,0,0,N/A,0,0,0,48,"49,210",47,175,"105,736",167,220,"140,620",200,Active,639.1818182,32.99%,5,High Dormancy - Review
1313965511,Let’s Talk,Talha Yusuf,Online Payments,ISD,Lite A,1.29%,Pitch/Own Source,DHAKA,"Flat-7B, House-836, Road-12, Avenue-4, Mirpur Dohs, Mirpur, Dhaka-1216",6/19/2026,E-Commerce,6,0,0,0,N/A,0,0,0,N/A,0,0,0,N/A,0,0,0,N/A,0,0,0,7,"14,200",7,42,"73,500",28,41,"82,795",28,Active,2019.390244,12.65%,7,High Dormancy - Review
1805560872,olympia bakery and confectionary ltd,Md. Sazzad Hossain Sojan,KA,ISD,MMBO,1.15%,Merchant Referral,DHAKA,7 Ranking Street Wari Dhaka-1100,6/19/2026,Bakery & Sweets,6,0,0,0,N/A,0,0,0,N/A,0,0,0,N/A,0,0,0,N/A,0,0,0,3,"1,002",3,28,"20,675",23,55,"24,732",45,Active,449.6727273,19.62%,6,High Dormancy - Review
1633000207,Madina Mart BD,Shahriar Shamim,Online Payments,ISD,Lite A,1.29%,CIMT,DHAKA,"80, 80/B, Indira Road Farmgate Tejgaon Dhaka 1215",6/19/2026,E-Commerce,6,0,0,0,N/A,0,0,0,N/A,0,0,0,N/A,0,0,0,N/A,0,0,0,14,"23,230",8,9,"21,698",9,4,"8,889",4,Active,2222.25,-59.03%,6,High Dormancy - Review
1303772255,Z & Z Corporation,Talha Yusuf,Online Payments,OSD,Lite A,1.29%,Pitch/Own Source,NARAYANGANJ,"West Masdair, Fatullah, Narayanganj Sadar, Narayanganj-1400",6/19/2026,E-Commerce,6,0,0,0,N/A,0,0,0,N/A,0,0,0,N/A,0,0,0,N/A,0,0,0,4,"3,270",4,9,"18,870",9,4,"8,440",4,Active,2110,-55.27%,6,High Dormancy - Review
1852044440,Aritreek,Md. Meraj Ali Akash,Online Payments,OSD,Lite A,1.29%,Pitch/Own Source,BOGRA,Dakshin Bhag Shekher Kola Bogura Sadar Bogura 5800,6/19/2026,E-Commerce,6,0,0,0,N/A,0,0,0,N/A,0,0,0,N/A,0,0,0,N/A,0,0,0,1,100,1,6,"6,562",3,5,"5,602",3,Active,1120.4,-14.63%,6,High Dormancy - Review
1711747497,JKT Holidays,Md. Meraj Ali Akash,Travel & Tourism,ISD,Lite A,1.29%,CIMT,DHAKA,House 37 Level 6 Road 15 Block D Banani Dhaka 1213,6/19/2026,Offline,6,0,0,0,N/A,0,0,0,N/A,0,0,0,N/A,0,0,0,N/A,0,0,0,3,"8,226",3,4,"25,502",3,4,"2,007",4,Active,501.75,-92.13%,6,High Dormancy - Review
1772420050,Gadgetwala24,Talha Yusuf,Online Payments,ISD,Lite A,1.29%,Pitch/Own Source,RAJBARI,"Magurangy, Pangsha, Rajbari-7720",6/19/2026,E-Commerce,6,0,0,0,N/A,0,0,0,N/A,0,0,0,N/A,0,0,0,N/A,0,0,0,3,"1,200",3,3,680,2,1,100,1,Amber,100,-85.29%,5,High Dormancy - Review
1791197492,Essentia,Md. Ashraful Islam,Online Payments,ISD,Lite A,1.29%,Pitch/Own Source,DHAKA,51/A Road 4 Block D Bashundhara R/A Vatara Dhaka 1229,6/19/2026,E-Commerce,6,0,0,0,N/A,0,0,0,N/A,0,0,0,N/A,0,0,0,N/A,0,0,0,0,0,0,0,0,0,0,0,0,Zero Transacting,N/A,New,5,High Dormancy - Review
1805560869,olympia bakery and confectionary ltd,Md. Sazzad Hossain Sojan,KA,ISD,MMBO,1.15%,Merchant Referral,DHAKA,"43 Baitul Mukarrom, Motijheel, Dhaka-1000",6/19/2026,Bakery & Sweets,6,0,0,0,N/A,0,0,0,N/A,0,0,0,N/A,0,0,0,N/A,0,0,0,3,"1,002",3,0,0,0,0,0,0,Zero Transacting,N/A,New,6,High Dormancy - Review
1805560870,olympia bakery and confectionary ltd,Md. Sazzad Hossain Sojan,KA,ISD,MMBO,1.15%,Merchant Referral,DHAKA,"57/A Baitul Mukarrom, Motijheel, Dhaka-1000",6/19/2026,Bakery & Sweets,6,0,0,0,N/A,0,0,0,N/A,0,0,0,N/A,0,0,0,N/A,0,0,0,3,"1,002",3,0,0,0,0,0,0,Zero Transacting,N/A,New,6,High Dormancy - Review
1805560871,olympia bakery and confectionary ltd,Md. Sazzad Hossain Sojan,KA,ISD,MMBO,1.15%,Merchant Referral,DHAKA,417 Dhali Bari Vatara Progoti Shoroni Vatara Dhaka-1229,6/19/2026,Bakery & Sweets,6,0,0,0,N/A,0,0,0,N/A,0,0,0,N/A,0,0,0,N/A,0,0,0,3,"1,002",3,0,0,0,0,0,0,Zero Transacting,N/A,New,5,High Dormancy - Review
1519800200,Shutki Bazar. com,Shahriar Shamim,Online Payments,OSD,Lite A,1.29%,Social Media Lead,CHITTAGONG,"Liakot Mansion 4Th Floor, Gausia Housing Roufabad Panchlaish Chittagong-4212",6/19/2026,E-Commerce,6,0,0,0,N/A,0,0,0,N/A,0,0,0,N/A,0,0,0,N/A,0,0,0,3,"1,002",3,2,"1,720",2,0,0,0,Zero Transacting,N/A,-100.00%,6,High Dormancy - Review
1798859913,standard dental care,Fahim Kazi,KA,ISD,M+,1.15%,Pitch/Own Source,DHAKA,Dag-1134 Nurer Chala Bhatara Dhaka-1212,6/19/2026,Diagnostics,6,0,0,0,N/A,0,0,0,N/A,0,0,0,N/A,0,0,0,N/A,0,0,0,6,"5,900",4,1,"1,500",1,0,0,0,Zero Transacting,N/A,-100.00%,5,High Dormancy - Review
1768385156,Shikkha Plus Learning School,Md. Ashraful Islam,Education,OSD,M+,1.50%,CIMT,FARIDPUR,Gazariya Bazar Kunjanagar Faridpur Sadar Faridpur 7821,6/21/2026,Coaching Center,6,0,0,0,N/A,0,0,0,N/A,0,0,0,N/A,0,0,0,N/A,0,0,0,6,"4,051",6,12,"19,400",11,11,"18,300",11,Active,1663.636364,-5.67%,5,High Dormancy - Review
1922666360,Globa Grid,Md. Ashraful Islam,KA,ISD,M+,1.15%,Pitch/Own Source,SIRAJGANJ,Jublibagan 5 Sirajganj Sadar Sirajganj-6700,6/21/2026,Apparel Standalone,6,0,0,0,N/A,0,0,0,N/A,0,0,0,N/A,0,0,0,N/A,0,0,0,2,230,2,54,"66,591",52,5,"2,504",5,Active,500.8,-96.24%,5,High Dormancy - Review
1789649019,YoungHeart,Md. Ashraful Islam,Online Payments,ISD,Lite A,1.29%,Pitch/Own Source,DHAKA,"House-14, Road-7 Ranavola Turag Dhaka-1230",6/21/2026,E-Commerce,6,0,0,0,N/A,0,0,0,N/A,0,0,0,N/A,0,0,0,N/A,0,0,0,3,"1,000",3,5,"3,482",4,0,0,0,Zero Transacting,N/A,-100.00%,6,High Dormancy - Review
1615583409,mejhera gawla shamsul ulum eatimkhana,Fahim Kazi,Education,OSD,M+,1.30%,CIMT,BAGERHAT,"Mejhra Gaola, Gaola Bazar, Mollahat, Bagerhat 9381",6/22/2026,National Curriculum-Private,6,0,0,0,N/A,0,0,0,N/A,0,0,0,N/A,0,0,0,N/A,0,0,0,0,0,0,0,0,0,2,11,2,Amber,5.5,New,5,High Dormancy - Review
1340446025,Ed Ed Group,Md. Meraj Ali Akash,Online Payments,ISD,M+,2%,Pitch/Own Source,DHAKA,"D/31, Eastern Housing Pallabi 2Nd Parba Rupnagar, Mirpur Dhaka-1216",6/24/2026,Content,6,0,0,0,N/A,0,0,0,N/A,0,0,0,N/A,0,0,0,N/A,0,0,0,3,"1,210",3,101,"153,404",99,125,"261,824",119,Active,2094.592,70.68%,5,High Dormancy - Review
1339945119,Brown Coffee Roasters,Fahim Kazi,KA,ISD,M+,1.15%,Pitch/Own Source,DHAKA,House 53 Road 4/A Dhanmondi Dhaka 1209,6/24/2026,Restaurant & Cafe,6,0,0,0,N/A,0,0,0,N/A,0,0,0,N/A,0,0,0,N/A,0,0,0,0,0,0,145,"102,439",123,180,"104,775",152,Active,582.0833333,2.28%,5,High Dormancy - Review
1748747574,Day Break,Md. Ashraful Islam,Online Payments,ISD,Lite A,1.29%,Pitch/Own Source,DHAKA,"House 154, Road 04, Mohammadi Housing Society, Mohammadpur, Dhaka 1207",6/24/2026,E-Commerce,6,0,0,0,N/A,0,0,0,N/A,0,0,0,N/A,0,0,0,N/A,0,0,0,1,100,1,16,"32,240",15,26,"66,640",24,Active,2563.076923,106.70%,6,High Dormancy - Review
1711726386,Sarah Travels BD,Md. Ashraful Islam,Travel & Tourism,ISD,Lite A,1.29%,CIMT,DHAKA,"258/259, Monzil Samir Tower, Flat A/B, South Mollartek, Dakshinkhan, Uttara, Dhaka 1230",6/24/2026,Offline,6,0,0,0,N/A,0,0,0,N/A,0,0,0,N/A,0,0,0,N/A,0,0,0,4,"2,000",4,5,"15,040",4,4,"62,201",4,Active,15550.25,313.57%,6,High Dormancy - Review
1805767072,The Hawkers,Md. Ashraful Islam,KA,ISD,M+,1.15%,Pitch/Own Source,DHAKA,"Sec 2, Ave 3, Ba Plot 12, Hazi Road, Mirpur, Dhaka 1216",6/24/2026,Apparel Standalone,6,0,0,0,N/A,0,0,0,N/A,0,0,0,N/A,0,0,0,N/A,0,0,0,8,"3,310",8,14,"10,240",14,20,"9,120",19,Active,456,-10.94%,7,High Dormancy - Review
1788050269,Rahman Traders,Md. Ashraful Islam,KA,ISD,M+,1.15%,Pitch/Own Source,DHAKA,"Plot 71, Rajuk Razib Kosmo Shopping Room, Shop 26, Ground Floor, Sector 7, Uttara, Dhaka 1230",6/24/2026,Footwear,6,0,0,0,N/A,0,0,0,N/A,0,0,0,N/A,0,0,0,N/A,0,0,0,0,0,0,0,0,0,4,"8,702",4,Active,2175.5,New,5,High Dormancy - Review
1886897330,Ira clinic and diagnostic centre,Md. Sazzad Hossain Sojan,KA,OSD,M+,1.15%,Pitch/Own Source,CHITTAGONG,"Chapatoli Vola Shah Mazar Gate, Anowara Chattogram-4376",6/24/2026,Hospital,6,0,0,0,N/A,0,0,0,N/A,0,0,0,N/A,0,0,0,N/A,0,0,0,3,"1,000",3,0,0,0,4,"9,917",1,Amber,2479.25,New,5,High Dormancy - Review
1711337366,Nona Mitha,Fahim Kazi,Online Payments,ISD,Lite A,1.29%,Pitch/Own Source,SATKHIRA,Naoabeki Bazar Shamnagar Satkhira 9450,6/24/2026,E-Commerce,6,0,0,0,N/A,0,0,0,N/A,0,0,0,N/A,0,0,0,N/A,0,0,0,4,"2,750",4,2,"2,500",2,4,"1,340",4,Active,335,-46.40%,5,High Dormancy - Review
1711337366,Standard Dental care,Fahim Kazi,KA,ISD,M+,1.15%,Pitch/Own Source,SATKHIRA,Naoabeki Bazar Shamnagar Satkhira 9450,6/24/2026,E-Commerce,6,0,0,0,N/A,0,0,0,N/A,0,0,0,N/A,0,0,0,N/A,0,0,0,4,"2,750",4,2,"2,500",2,4,"1,340",4,Active,335,-46.40%,5,High Dormancy - Review
1341416061,Nibras International School,Shahriar Shamim,Education,ISD,M+,1.30%,CIMT,DHAKA,House 227 Road 12 Block B Mirpur 11 Dhaka 1216,6/24/2026,National Curriculum-Private,6,0,0,0,N/A,0,0,0,N/A,0,0,0,N/A,0,0,0,N/A,0,0,0,4,602,4,0,0,0,0,0,0,Zero Transacting,N/A,New,5,High Dormancy - Review
1551129770,Prothoma Training Center,Shahriar Shamim,Education,ISD,M+,1.50%,Pitch/Own Source,DHAKA,Plot 41 Ab Super Market Sector 03 Uttara Dhaka 1230,6/24/2026,Training Institute,6,0,0,0,N/A,0,0,0,N/A,0,0,0,N/A,0,0,0,N/A,0,0,0,3,"3,650",3,0,0,0,0,0,0,Zero Transacting,N/A,New,6,High Dormancy - Review
1730739002,Tripcut Ltd.,Md. Ashraful Islam,Travel & Tourism,ISD,Lite A,1.29%,CIMT,DHAKA,"10/1, City Heart Building, 67 Nayapaltan, Paltan, Dhaka 1000",6/24/2026,Offline,6,0,0,0,N/A,0,0,0,N/A,0,0,0,N/A,0,0,0,N/A,0,0,0,0,0,0,0,0,0,0,0,0,Zero Transacting,N/A,New,5,High Dormancy - Review
1805965743,OneMart BD Ltd.,Md. Ashraful Islam,Online Payments,ISD,Lite A,1.29%,Pitch/Own Source,DHAKA,Rupayon Milinium Squre 4Th Floor Cha 69-71 Uttor Badda Progati Shoroni Badda Dhaka 1212,6/25/2026,E-Commerce,6,0,0,0,N/A,0,0,0,N/A,0,0,0,N/A,0,0,0,N/A,0,0,0,3,"3,000",3,48,"83,542",31,128,"298,533",70,Active,2332.289063,257.34%,6,High Dormancy - Review
1317242704,Nusrat Collection,Md. Sazzad Hossain Sojan,Online Payments,ISD,Lite A,1.29%,Pitch/Own Source,DHAKA,"Road-12, House-36, Flat-A3, Sector-4, Uttara, Dhaka-1230",6/25/2026,E-Commerce,6,0,0,0,N/A,0,0,0,N/A,0,0,0,N/A,0,0,0,N/A,0,0,0,6,"18,020",5,12,"114,930",11,20,"118,226",20,Active,5911.3,2.87%,6,High Dormancy - Review
1712575846,Islam Pharma,Md. Meraj Ali Akash,KA,ISD,M+,1.15%,Pitch/Own Source,DHAKA,"Shop-17/C, Aziz Co Operative Super Market, Shahbagh, Dhaka-1000",6/25/2026,Pharmacy,6,0,0,0,N/A,0,0,0,N/A,0,0,0,N/A,0,0,0,N/A,0,0,0,11,"17,020",10,40,"53,244",35,62,"68,962",59,Active,1112.290323,29.52%,6,High Dormancy - Review
1762015206,Flowers Pick,Fahim Kazi,KA,ISD,M+,1.15%,Pitch/Own Source,DHAKA,"2/A, Monipuri Para, Sangsad Avenue, Tejgaon, Dhaka 1215",6/25/2026,Home Accessories,6,0,0,0,N/A,0,0,0,N/A,0,0,0,N/A,0,0,0,N/A,0,0,0,3,"1,000",3,0,0,0,25,"51,474",20,Active,2058.96,New,5,High Dormancy - Review
1878819096,Perfume Station,Md. Sazzad Hossain Sojan,KA,ISD,M+,1.15%,Pitch/Own Source,SYLHET,"Shop No 120, Rangmahal Tower, Sylhet Sadar, Sylhet 3100",6/25/2026,Gifts and Wearables,6,0,0,0,N/A,0,0,0,N/A,0,0,0,N/A,0,0,0,N/A,0,0,0,4,"1,228",2,8,"24,250",8,9,"48,560",8,Active,5395.555556,100.25%,6,High Dormancy - Review
1864094663,NUR,Talha Yusuf,KA,ISD,MMBO,1.15%,Pitch/Own Source,DHAKA,"2Nd Floor, Uttara Square, Sector-13, Uttara, Dhaka-1230",6/25/2026,Apparel Chain,6,0,0,0,N/A,0,0,0,N/A,0,0,0,N/A,0,0,0,N/A,0,0,0,0,0,0,3,"2,652",3,12,"26,320",11,Active,2193.333333,892.46%,6,High Dormancy - Review
1897633331,Unicare Corporation,Shahriar Shamim,KA,ISD,M+,1.15%,Pitch/Own Source,DHAKA,"28/A 5, Khan Mension, Toyenabi Circular Road, Suit 10A, Motijheel, Dhaka 1000",6/25/2026,Footwear,6,0,0,0,N/A,0,0,0,N/A,0,0,0,N/A,0,0,0,N/A,0,0,0,3,"1,002",3,1,780,1,7,"10,568",7,Active,1509.714286,1254.87%,6,High Dormancy - Review
1806404030,R M International,Shahriar Shamim,Travel & Tourism,ISD,Lite A,1.29%,CIMT,DHAKA,"112, Green Road, Farmgate, Tejgaon, Sher E Bangla Nagar, Dhaka-1215",6/25/2026,Offline,6,0,0,0,N/A,0,0,0,N/A,0,0,0,N/A,0,0,0,N/A,0,0,0,0,0,0,5,"67,682",5,3,"10,002",3,Active,3334,-85.22%,6,High Dormancy - Review
1635303024,NUR,Talha Yusuf,KA,ISD,MMBO,1.15%,Pitch/Own Source,DHAKA,"Shop-417, North Tower, Sector-7, Uttara, Dhaka-1230",6/25/2026,Apparel Chain,6,0,0,0,N/A,0,0,0,N/A,0,0,0,N/A,0,0,0,N/A,0,0,0,0,0,0,0,0,0,3,"4,751",3,Active,1583.666667,New,6,High Dormancy - Review
1971103524,NUR,Talha Yusuf,KA,ISD,MMBO,1.15%,Pitch/Own Source,DHAKA,"3Rd Floor, Centre Point Shopping Mall, Beside Dhaka Airport, Dhaka Mymensingh Highway, Uttara, Dhaka-1230",6/25/2026,Apparel Chain,6,0,0,0,N/A,0,0,0,N/A,0,0,0,N/A,0,0,0,N/A,0,0,0,0,0,0,4,"3,702",4,1,"4,200",1,Amber,4200,13.45%,6,High Dormancy - Review
1341552460,Happy Paper House,Md. Ashraful Islam,Online Payments,OSD,Lite A,1.29%,Pitch/Own Source,NATORE,"Kazi Tower, 1St Floor, Room No 1, Alaipur, Natore Sadar, Natore 6400",6/25/2026,E-Commerce,6,0,0,0,N/A,0,0,0,N/A,0,0,0,N/A,0,0,0,N/A,0,0,0,4,"1,000",4,6,"1,336",3,5,"1,470",2,Amber,294,10.03%,6,High Dormancy - Review
1946541114,PFDA Vocational Training Center Trust,Md. Meraj Ali Akash,Education,ISD,M+,1.15%,Pitch/Own Source,DHAKA,"House 5, Road 2, Block H, Jahurul Islam City, Aftabnagar, Badda, Dhaka 1212",6/25/2026,Training Institute,6,0,0,0,N/A,0,0,0,N/A,0,0,0,N/A,0,0,0,N/A,0,0,0,3,"1,012",3,0,0,0,0,0,0,Zero Transacting,N/A,New,6,High Dormancy - Review
1333885511,Sip and Savoy,Shahriar Shamim,KA,ISD,M+,1.15%,Pitch/Own Source,DHAKA,"House 94/1, Road 2, Mohammadia Housing Society, Mohammadpur, Dhaka 1207",6/25/2026,Restaurant & Cafe,6,0,0,0,N/A,0,0,0,N/A,0,0,0,N/A,0,0,0,N/A,0,0,0,3,"1,002",3,96,"33,285",87,0,0,0,Zero Transacting,N/A,-100.00%,6,High Dormancy - Review
1333885522,Turk Flemming Donor,Shahriar Shamim,KA,ISD,M+,1.15%,Pitch/Own Source,DHAKA,"25/7, Tajmahal Road, Block C, Mohammadpur, Dhaka 1207",6/25/2026,Restaurant & Cafe,6,0,0,0,N/A,0,0,0,N/A,0,0,0,N/A,0,0,0,N/A,0,0,0,3,"1,002",3,200,"73,040",186,0,0,0,Zero Transacting,N/A,-100.00%,6,High Dormancy - Review
1929506080,Vencon,Talha Yusuf,Online Payments,OSD,Lite A,1.29%,Pitch/Own Source,JESSORE,"Sheikhhati, D I G Road, Jessore Sadar, Jessore 7400",6/25/2026,E-Commerce,6,0,0,0,N/A,0,0,0,N/A,0,0,0,N/A,0,0,0,N/A,0,0,0,3,"1,200",3,37,"2,503",33,0,0,0,Zero Transacting,N/A,-100.00%,6,High Dormancy - Review
1761114071,Rajendrapur English Medium School,Md. Meraj Ali Akash,Education,OSD,Pay Bill,1.30%,Pitch/Own Source,GAZIPUR,Noyonpur Rajendrapur Cant Gazipur Sadar Gazipur 1712,6/26/2026,National Curriculum-Private,6,0,0,0,N/A,0,0,0,N/A,0,0,0,N/A,0,0,0,N/A,0,0,0,0,0,0,4,"4,501",3,7,"17,666",5,Active,2523.714286,292.49%,6,High Dormancy - Review
1811497452,THO,Md. Meraj Ali Akash,Online Payments,OSD,Lite A,1.29%,CIMT,GAZIPUR,"Hazi Bahadur Khan Gate Modina Para, Satais Tongi, Gazipur Sadar, Gazipur-1711",6/27/2026,E-Commerce,6,0,0,0,N/A,0,0,0,N/A,0,0,0,N/A,0,0,0,N/A,0,0,0,0,0,0,11,"28,371",6,37,"185,536",13,Active,5014.486486,553.96%,6,High Dormancy - Review
1925997441,Bulk Apparels,Md. Sazzad Hossain Sojan,Online Payments,ISD,Lite A,1.29%,Pitch/Own Source,DHAKA,"House-20, Road-1, Sector-9, Uttara, Dhaka-1230",6/27/2026,E-Commerce,6,0,0,0,N/A,0,0,0,N/A,0,0,0,N/A,0,0,0,N/A,0,0,0,0,0,0,8,"57,750",7,17,"157,280",14,Active,9251.764706,172.35%,6,High Dormancy - Review
1344414234,Booking paper,Md. Sazzad Hossain Sojan,Travel & Tourism,ISD,M+,1.15%,Pitch/Own Source,DHAKA,Ka-19 Kalachadpur Gulshan Dhaka-1212,6/27/2026,Offline,6,0,0,0,N/A,0,0,0,N/A,0,0,0,N/A,0,0,0,N/A,0,0,0,0,0,0,16,"58,610",14,20,"90,089",20,Active,4504.45,53.71%,6,High Dormancy - Review
1635303047,NUR,Talha Yusuf,KA,ISD,MMBO,1.15%,Pitch/Own Source,DHAKA,"Shop-518/519 Zamzam Tower, Sec-13 Uttara Dhaka-1230",6/27/2026,Apparel Chain,6,0,0,0,N/A,0,0,0,N/A,0,0,0,N/A,0,0,0,N/A,0,0,0,0,0,0,5,"10,100",5,19,"77,100",17,Active,4057.894737,663.37%,6,High Dormancy - Review
1606700289,Laam,Md. Meraj Ali Akash,Online Payments,ISD,Lite A,1.29%,Pitch/Own Source,DHAKA,"4Th Floor, Lift 4, House E-1, Block-E, Eastern Housing , Pallabi 2Nd Phase, Mirpur, Dhaka-1216",6/27/2026,E-Commerce,6,0,0,0,N/A,0,0,0,N/A,0,0,0,N/A,0,0,0,N/A,0,0,0,0,0,0,311,"74,204",305,246,"66,542",242,Active,270.495935,-10.33%,7,High Dormancy - Review
1334913198,Discover Thailand Co.,Md. Ashraful Islam,Travel & Tourism,ISD,M+,1.15%,CIMT,DHAKA,151/Cha Habib Market Wapda Road Hatir Jhil Rampura Dhaka 1219,6/27/2026,Offline,6,0,0,0,N/A,0,0,0,N/A,0,0,0,N/A,0,0,0,N/A,0,0,0,0,0,0,3,"1,000",3,3,"21,701",3,Active,7233.666667,2070.10%,7,High Dormancy - Review
1337525366,Falgun Shop,Md. Ashraful Islam,Online Payments,OSD,Lite A,1.29%,CIMT,DHAKA,"122, Lalbag Road, Lalbag, Dhaka 1211",6/27/2026,E-Commerce,6,0,0,0,N/A,0,0,0,N/A,0,0,0,N/A,0,0,0,N/A,0,0,0,0,0,0,74,"16,569",72,67,"10,800",67,Active,161.1940299,-34.82%,7,High Dormancy - Review
1811223382,flycity travel,Fahim Kazi,Travel & Tourism,ISD,M+,1.15%,Pitch/Own Source,DHAKA,"House-07, Road-12, Level-2 Dit Project Merul Badda Dhaka-1212",6/27/2026,Offline,6,0,0,0,N/A,0,0,0,N/A,0,0,0,N/A,0,0,0,N/A,0,0,0,0,0,0,2,220,2,1,"8,080",1,Amber,8080,3572.73%,7,High Dormancy - Review
1830101878,A I FOR ALL,Talha Yusuf,Education,ISD,M+,1.50%,CIMT,DHAKA,"09, Atish Dipankar Road, Sabujbag, Dhaka 1214",6/27/2026,Training Institute,6,0,0,0,N/A,0,0,0,N/A,0,0,0,N/A,0,0,0,N/A,0,0,0,0,0,0,68,"32,001",68,15,"8,510",15,Active,567.3333333,-73.41%,7,High Dormancy - Review
1335194273,COMPLIANCE BD LTD,Md. Ashraful Islam,Online Payments,ISD,Lite A,1.29%,Pitch/Own Source,DHAKA,Razzak Plaza 14Th Floor 2 Shohid Tajuddin Ahmed Shoroni Ramna Dhaka 1217,6/27/2026,E-Commerce,6,0,0,0,N/A,0,0,0,N/A,0,0,0,N/A,0,0,0,N/A,0,0,0,0,0,0,2,72,2,1,1,1,Amber,1,-98.61%,7,High Dormancy - Review
1328252284,Four s collection,Fahim Kazi,Online Payments,ISD,Lite A,1.29%,Pitch/Own Source,DHAKA,1/2 Pallabi Mirpur Dhaka-1216,6/27/2026,Apparel Chain,6,0,0,0,N/A,0,0,0,N/A,0,0,0,N/A,0,0,0,N/A,0,0,0,0,0,0,1,"1,000",1,1,300,1,Amber,300,-70.00%,6,High Dormancy - Review
1881177738,Innovative Travels,Md. Sazzad Hossain Sojan,Travel & Tourism,ISD,M+,1.15%,Pitch/Own Source,DHAKA,"Shop No-6 Abed Ali Super Market Ka-59 Progoti Sarani Sarak, Jagannathpur Dhaka-1229",6/27/2026,Offline,6,0,0,0,N/A,0,0,0,N/A,0,0,0,N/A,0,0,0,N/A,0,0,0,0,0,0,3,"1,302",3,0,0,0,Zero Transacting,N/A,-100.00%,6,High Dormancy - Review
1711923394,Lady Shop,Md. Ashraful Islam,Online Payments,ISD,Lite A,1.29%,Pitch/Own Source,DHAKA,"30/B, Manik Nagar, Wari, Dhaka-1203",6/27/2026,E-Commerce,6,0,0,0,N/A,0,0,0,N/A,0,0,0,N/A,0,0,0,N/A,0,0,0,0,0,0,0,0,0,0,0,0,Zero Transacting,N/A,New,6,High Dormancy - Review
1648681279,North Arena,Talha Yusuf,Travel & Tourism,ISD,Lite A,1.15%,Pitch/Own Source,DHAKA,"Plot-2, Road-31/A, Sector-7, Uttara, Dhaka-1230",6/27/2026,Offline,6,0,0,0,N/A,0,0,0,N/A,0,0,0,N/A,0,0,0,N/A,0,0,0,0,0,0,0,0,0,0,0,0,Zero Transacting,N/A,New,6,High Dormancy - Review
1335285014,Stylia Bangladesh,Shahriar Shamim,KA,ISD,M+,1.15%,Pitch/Own Source,DHAKA,"Road 28/Ka, Plot 5, Rupnagar Ba/A, Mirpur, Dhaka 1216",6/27/2026,Apparel Standalone,6,0,0,0,N/A,0,0,0,N/A,0,0,0,N/A,0,0,0,N/A,0,0,0,0,0,0,0,0,0,0,0,0,Zero Transacting,N/A,New,6,High Dormancy - Review
1609961450,Uranto,Fahim Kazi,Online Payments,ISD,M+,1.15%,Pitch/Own Source,NILPHAMARI,"Bamunia Kadari Bazar, Domar Nilphamari-5340",6/27/2026,Mobile & Gadget,6,0,0,0,N/A,0,0,0,N/A,0,0,0,N/A,0,0,0,N/A,0,0,0,0,0,0,6,"1,109",3,0,0,0,Zero Transacting,N/A,-100.00%,6,High Dormancy - Review
1779933317,Vermilion,Shahriar Shamim,Online Payments,ISD,Lite A,1.29%,Pitch/Own Source,SUNAMGANJ,"Holding No-Shop No-Mohona-4, Jamaipara, Sunamganj Sadar, Sunamganj-3001",6/27/2026,E-Commerce,6,0,0,0,N/A,0,0,0,N/A,0,0,0,N/A,0,0,0,N/A,0,0,0,0,0,0,0,0,0,0,0,0,Zero Transacting,N/A,New,6,High Dormancy - Review
1403510331,Arabian store,Fahim Kazi,KA,ISD,M+,1.15%,Pitch/Own Source,DHAKA,"43/2 Purbo Rampura, Dhaka-1219",6/30/2026,Department Store,6,0,0,0,N/A,0,0,0,N/A,0,0,0,N/A,0,0,0,N/A,0,0,0,0,0,0,18,"35,490",18,54,"101,551",50,Active,1880.574074,186.14%,6,High Dormancy - Review
1711774629,kozymart,Shahriar Shamim,Online Payments,ISD,Lite A,1.29%,Pitch/Own Source,DHAKA,"Alif 8, Block E, Jakir Hosen Road, Mohammadpur, Dhaka-1207",6/30/2026,E-Commerce,6,0,0,0,N/A,0,0,0,N/A,0,0,0,N/A,0,0,0,N/A,0,0,0,0,0,0,10,"36,424",7,15,"40,301",12,Active,2686.733333,10.64%,7,High Dormancy - Review
1898828680,Arabian store,Fahim Kazi,Online Payments,ISD,Lite A,1.29%,Pitch/Own Source,DHAKA,"43/2, East Rampura, Rampura, Dhaka 1219",6/30/2026,E-Commerce,6,0,0,0,N/A,0,0,0,N/A,0,0,0,N/A,0,0,0,N/A,0,0,0,0,0,0,20,"32,270",20,20,"33,630",20,Active,1681.5,4.21%,7,High Dormancy - Review
1886861062,Tekzy,Md. Sazzad Hossain Sojan,Online Payments,ISD,Lite A,1.29%,Pitch/Own Source,DHAKA,"Anando Bhabon, Merul Badda, Jhilpur, Anadonagaor, Badda, Dhaka 1212",6/30/2026,E-Commerce,6,0,0,0,N/A,0,0,0,N/A,0,0,0,N/A,0,0,0,N/A,0,0,0,0,0,0,33,"36,986",29,29,"20,577",28,Active,709.5517241,-44.37%,7,High Dormancy - Review
1410200230,elonas,Fahim Kazi,Online Payments,OSD,Lite A,1.29%,CIMT,CHANDPUR,"Bakila Bazar, Ward No 9, Bakila, Hajiganj, Chandpur-3610",6/30/2026,E-Commerce,6,0,0,0,N/A,0,0,0,N/A,0,0,0,N/A,0,0,0,N/A,0,0,0,0,0,0,1,"5,520",1,5,"17,500",2,Amber,3500,217.03%,7,High Dormancy - Review
1710515470,WESTERNBD,Talha Yusuf,Online Payments,ISD,Lite A,1.29%,Pitch/Own Source,DHAKA,"Ka 27/G, Shahid Abdul Aziz Sorok, Jagannathpur, Vatara, Dhaka-1229",6/30/2026,E-Commerce,6,0,0,0,N/A,0,0,0,N/A,0,0,0,N/A,0,0,0,N/A,0,0,0,0,0,0,8,"2,276",5,6,"16,415",6,Active,2735.833333,621.22%,7,High Dormancy - Review
1703939221,pustok prokashon,Md. Sazzad Hossain Sojan,Online Payments,ISD,Lite A,1.29%,Pitch/Own Source,DHAKA,"606/1, Kafrul Dhaka Cantonment, Dhaka 1206",6/30/2026,E-Commerce,6,0,0,0,N/A,0,0,0,N/A,0,0,0,N/A,0,0,0,N/A,0,0,0,0,0,0,4,216,3,39,"14,439",37,Active,370.2307692,6584.72%,6,High Dormancy - Review
1805030080,Luxco Trading Limited,Fahim Kazi,KA,ISD,M+,1.15%,Whatsapp Group,DHAKA,"House-06, Road-124, Gulshan, Dhaka-1212",6/30/2026,Home Accessories,6,0,0,0,N/A,0,0,0,N/A,0,0,0,N/A,0,0,0,N/A,0,0,0,0,0,0,8,"16,015",7,2,701,2,Amber,350.5,-95.62%,7,High Dormancy - Review
1749813907,Adil Digital Academy,Talha Yusuf,Education,ISD,M+,1.50%,CIMT,BRAHMANBARIA,"Holding No-816/22, Dokan No- Poshchim Medda, Brahmanbaria Sadar, Brahmanbaria-3450",6/30/2026,Training Institute,6,0,0,0,N/A,0,0,0,N/A,0,0,0,N/A,0,0,0,N/A,0,0,0,0,0,0,0,0,0,0,0,0,Zero Transacting,N/A,New,7,High Dormancy - Review
1867835021,Anjuman Glow Studio,Fahim Kazi,Online Payments,ISD,Lite A,1.29%,Pitch/Own Source,DHAKA,"Plot 70, Gausul Azam Avenue, Sector 12, Uttara, Dhaka 1230",6/30/2026,E-Commerce,6,0,0,0,N/A,0,0,0,N/A,0,0,0,N/A,0,0,0,N/A,0,0,0,0,0,0,1,20,1,0,0,0,Zero Transacting,N/A,-100.00%,7,High Dormancy - Review
1867835021,Anjuman Glow Studio,Fahim Kazi,Online Payments,ISD,Lite A,1.29%,Pitch/Own Source,DHAKA,"Plot 70, Gausul Azam Avenue, Sector 12, Uttara, Dhaka 1230",6/30/2026,E-Commerce,6,0,0,0,N/A,0,0,0,N/A,0,0,0,N/A,0,0,0,N/A,0,0,0,0,0,0,1,20,1,0,0,0,Zero Transacting,N/A,-100.00%,6,High Dormancy - Review
1312805504,dibbles,Fahim Kazi,Online Payments,ISD,Lite A,1.29%,Pitch/Own Source,DHAKA,"House-37, Road-01, Section-4, Uttara, Dhaka-1230",6/30/2026,E-Commerce,6,0,0,0,N/A,0,0,0,N/A,0,0,0,N/A,0,0,0,N/A,0,0,0,0,0,0,0,0,0,0,0,0,Zero Transacting,N/A,New,6,High Dormancy - Review
1888016999,Fanal,Fahim Kazi,Online Payments,OSD,Lite A,1.29%,Pitch/Own Source,DHAKA,"23/1, Narinda Road, Wari, Dhaka-1100",6/30/2026,E-Commerce,6,0,0,0,N/A,0,0,0,N/A,0,0,0,N/A,0,0,0,N/A,0,0,0,0,0,0,0,0,0,0,0,0,Zero Transacting,N/A,New,6,High Dormancy - Review
1759599692,WESTERN BD,Talha Yusuf,KA,ISD,M+,1.15%,Pitch/Own Source,#N/A,#N/A,7/1/2026,#N/A,7,0,0,0,N/A,0,0,0,N/A,0,0,0,N/A,0,0,0,N/A,0,0,0,0,0,0,16,"9,082",10,17,"11,113",12,Active,653.7058824,22.36%,6,High Dormancy - Review
1613944190,Garden Science,Fahim Kazi,Online Payments,ISD,Lite A,1.29%,Pitch/Own Source,#N/A,#N/A,7/1/2026,#N/A,7,0,0,0,N/A,0,0,0,N/A,0,0,0,N/A,0,0,0,N/A,0,0,0,0,0,0,3,"1,400",3,0,0,0,Zero Transacting,N/A,-100.00%,6,High Dormancy - Review
1521100974,Osmani Medicine Corner,Shahriar Shamim,KA,ISD,Lite A,1.15%,Whatsapp Group,#N/A,#N/A,7/1/2026,#N/A,7,0,0,0,N/A,0,0,0,N/A,0,0,0,N/A,0,0,0,N/A,0,0,0,0,0,0,6,"7,801",4,0,0,0,Zero Transacting,N/A,-100.00%,7,High Dormancy - Review
1540391902,Uranto,Fahim Kazi,Online Payments,ISD,Lite A,1.29%,Pitch/Own Source,#N/A,#N/A,7/1/2026,#N/A,7,0,0,0,N/A,0,0,0,N/A,0,0,0,N/A,0,0,0,N/A,0,0,0,0,0,0,6,"1,087",4,0,0,0,Zero Transacting,N/A,-100.00%,7,High Dormancy - Review
1346064426,USA Content Creator and YouTube Automation Hub Bangladesh,Talha Yusuf,Education,ISD,M+,1.15%,Pitch/Own Source,#N/A,#N/A,7/5/2026,#N/A,7,0,0,0,N/A,0,0,0,N/A,0,0,0,N/A,0,0,0,N/A,0,0,0,0,0,0,54,"293,200",49,83,"447,000",77,Active,5385.542169,52.46%,6,High Dormancy - Review
1708116991,Mobil Mart,Md. Meraj Ali Akash,KA,ISD,MMBO,1.15%,Pitch/Own Source,#N/A,#N/A,7/5/2026,#N/A,7,0,0,0,N/A,0,0,0,N/A,0,0,0,N/A,0,0,0,N/A,0,0,0,0,0,0,33,"60,415",33,59,"197,010",58,Active,3339.152542,226.09%,6,High Dormancy - Review
1350128388,Jamiatut Tarabiah Al Islamia,Md. Ashraful Islam,Education,ISD,M+,1.15%,CIMT,#N/A,#N/A,7/5/2026,#N/A,7,0,0,0,N/A,0,0,0,N/A,0,0,0,N/A,0,0,0,N/A,0,0,0,0,0,0,5,270,5,817,"132,005",726,Active,161.5728274,48790.74%,6,High Dormancy - Review
1350128388,Jamiatut Tarbiah Al Islamia,Md. Ashraful Islam,Education,OSD,M+,1.15%,CIMT,#N/A,#N/A,7/5/2026,#N/A,7,0,0,0,N/A,0,0,0,N/A,0,0,0,N/A,0,0,0,N/A,0,0,0,0,0,0,5,270,5,817,"132,005",726,Active,161.5728274,48790.74%,6,High Dormancy - Review
1303042554,X Axis Digital,Md. Meraj Ali Akash,KA,ISD,M+,1.15%,Pitch/Own Source,#N/A,#N/A,7/5/2026,#N/A,7,0,0,0,N/A,0,0,0,N/A,0,0,0,N/A,0,0,0,N/A,0,0,0,0,0,0,9,"5,700",8,17,"19,341",15,Active,1137.705882,239.32%,7,High Dormancy - Review
1608753220,pustok prokashon,Md. Sazzad Hossain Sojan,KA,ISD,M+,1.15%,Pitch/Own Source,#N/A,#N/A,7/5/2026,#N/A,7,0,0,0,N/A,0,0,0,N/A,0,0,0,N/A,0,0,0,N/A,0,0,0,0,0,0,3,"1,050",3,0,0,0,Zero Transacting,N/A,-100.00%,#N/A,#N/A
1759853943,Snapshot,Md. Ashraful Islam,Online Payments,ISD,Lite A,1.29%,Pitch/Own Source,#N/A,#N/A,7/5/2026,#N/A,7,0,0,0,N/A,0,0,0,N/A,0,0,0,N/A,0,0,0,N/A,0,0,0,0,0,0,3,"2,000",3,0,0,0,Zero Transacting,N/A,-100.00%,6,High Dormancy - Review
1314346430,Precise Publication,Talha Yusuf,Education,ISD,M+,1.50%,Pitch/Own Source,#N/A,#N/A,7/6/2026,#N/A,7,0,0,0,N/A,0,0,0,N/A,0,0,0,N/A,0,0,0,N/A,0,0,0,0,0,0,194,"85,901",180,472,"227,610",452,Active,482.2245763,164.97%,6,High Dormancy - Review
1345188444,The Noor,Md. Meraj Ali Akash,Online Payments,ISD,Lite A,1.29%,Pitch/Own Source,#N/A,#N/A,7/6/2026,#N/A,7,0,0,0,N/A,0,0,0,N/A,0,0,0,N/A,0,0,0,N/A,0,0,0,0,0,0,23,"56,789",23,68,"179,303",65,Active,2636.808824,215.74%,6,High Dormancy - Review
1955629200,Well Being Distribution,Talha Yusuf,Online Payments,ISD,Lite A,1.29%,Pitch/Own Source,#N/A,#N/A,7/6/2026,#N/A,7,0,0,0,N/A,0,0,0,N/A,0,0,0,N/A,0,0,0,N/A,0,0,0,0,0,0,5,"2,470",5,11,"8,941",11,Active,812.8181818,261.98%,6,High Dormancy - Review
1817774009,Creative Sign,Md. Meraj Ali Akash,Online Payments,ISD,Lite A,1.29%,Pitch/Own Source,#N/A,#N/A,7/6/2026,#N/A,7,0,0,0,N/A,0,0,0,N/A,0,0,0,N/A,0,0,0,N/A,0,0,0,0,0,0,5,"7,150",5,2,950,2,Amber,475,-86.71%,6,High Dormancy - Review
1704662853,Kairo,Md. Ashraful Islam,Online Payments,ISD,Lite A,1.29%,Pitch/Own Source,#N/A,#N/A,7/6/2026,#N/A,7,0,0,0,N/A,0,0,0,N/A,0,0,0,N/A,0,0,0,N/A,0,0,0,0,0,0,7,"6,586",5,0,0,0,Zero Transacting,N/A,-100.00%,7,High Dormancy - Review
1973147628,Irin Method,Md. Sazzad Hossain Sojan,Online Payments,OSD,M+,2.00%,CIMT,#N/A,#N/A,7/7/2026,#N/A,7,#N/A,,,#N/A,,,,N/A,,,,N/A,,,,N/A,,,,,,,,,,0,0,0,Zero Transacting,N/A,New,7,High Dormancy - Review
1896214900,azampur darul ulum madrasa & yeatimkhana,Md. Sazzad Hossain Sojan,Education,ISD,Pay Bill,1.30%,Pitch/Own Source,#N/A,#N/A,7/7/2026,#N/A,7,0,0,0,N/A,0,0,0,N/A,0,0,0,N/A,0,0,0,N/A,0,0,0,0,0,0,0,0,0,4,"10,805",4,Active,2701.25,New,6,High Dormancy - Review
1896214900,azampur darul ulum madrasa & yeatimkhana,Md. Sazzad Hossain Sojan,Education,OSD,Pay Bill,1.30%,Merchant Referral,#N/A,#N/A,7/7/2026,#N/A,7,0,0,0,N/A,0,0,0,N/A,0,0,0,N/A,0,0,0,N/A,0,0,0,0,0,0,0,0,0,4,"10,805",4,Active,2701.25,New,6,High Dormancy - Review
1819230695,Poshaak by Tannas,Talha Yusuf,KA,ISD,M+,1.15%,Pitch/Own Source,#N/A,#N/A,7/7/2026,#N/A,7,0,0,0,N/A,0,0,0,N/A,0,0,0,N/A,0,0,0,N/A,0,0,0,0,0,0,0,0,0,15,"4,343",15,Active,289.5333333,New,6,High Dormancy - Review
1978316932,M/S Haque Enterprise,Md. Ashraful Islam,KA,ISD,M+,1.15%,Pitch/Own Source,#N/A,#N/A,7/7/2026,#N/A,7,0,0,0,N/A,0,0,0,N/A,0,0,0,N/A,0,0,0,N/A,0,0,0,0,0,0,3,"1,100",3,4,"2,046",3,Active,511.5,86.00%,6,High Dormancy - Review
1711338173,Raya,Md. Ashraful Islam,Online Payments,ISD,Lite A,1.29%,Pitch/Own Source,#N/A,#N/A,7/7/2026,#N/A,7,0,0,0,N/A,0,0,0,N/A,0,0,0,N/A,0,0,0,N/A,0,0,0,0,0,0,6,810,3,3,340,3,Amber,113.3333333,-58.02%,6,High Dormancy - Review
1886433483,INSPIRATION,Talha Yusuf,Education,ISD,M+,1.15%,Pitch/Own Source,#N/A,#N/A,7/7/2026,#N/A,7,0,0,0,N/A,0,0,0,N/A,0,0,0,N/A,0,0,0,N/A,0,0,0,0,0,0,3,"1,400",3,0,0,0,Zero Transacting,N/A,-100.00%,6,High Dormancy - Review
1828130254,Rivore Lifestyle,Shahriar Shamim,Online Payments,ISD,Lite A,1.29%,Pitch/Own Source,#N/A,#N/A,7/7/2026,#N/A,7,0,0,0,N/A,0,0,0,N/A,0,0,0,N/A,0,0,0,N/A,0,0,0,0,0,0,0,0,0,0,0,0,Zero Transacting,N/A,New,6,High Dormancy - Review
1853818456,Munshi Academy,Md. Meraj Ali Akash,Education,ISD,M+,1.15%,Pitch/Own Source,#N/A,#N/A,7/9/2026,#N/A,7,0,0,0,N/A,0,0,0,N/A,0,0,0,N/A,0,0,0,N/A,0,0,0,0,0,0,46,"40,212",45,312,"228,790",306,Active,733.3012821,468.96%,6,High Dormancy - Review
1521741585,jadughor ptokashoni,Md. Sazzad Hossain Sojan,Online Payments,ISD,Lite A,1.29%,Pitch/Own Source,#N/A,#N/A,7/9/2026,#N/A,7,0,0,0,N/A,0,0,0,N/A,0,0,0,N/A,0,0,0,N/A,0,0,0,0,0,0,12,"7,674",11,176,"180,311",166,Active,1024.494318,2249.64%,7,High Dormancy - Review
1521790943,jadughor ptokashoni,Md. Sazzad Hossain Sojan,KA,ISD,M+,1.15%,Pitch/Own Source,#N/A,#N/A,7/9/2026,#N/A,7,0,0,0,N/A,0,0,0,N/A,0,0,0,N/A,0,0,0,N/A,0,0,0,0,0,0,3,"1,500",3,116,"97,527",106,Active,840.75,6401.80%,7,High Dormancy - Review
1773791081,legend tour and travels,Shahriar Shamim,Travel & Tourism,ISD,Lite A,1.29%,Pitch/Own Source,#N/A,#N/A,7/9/2026,#N/A,7,0,0,0,N/A,0,0,0,N/A,0,0,0,N/A,0,0,0,N/A,0,0,0,0,0,0,14,"10,659",7,44,"77,135",37,Active,1753.068182,623.66%,6,High Dormancy - Review
1335244490,Chaya,Md. Sazzad Hossain Sojan,KA,ISD,MMBO,1.15%,Pitch/Own Source,#N/A,#N/A,7/9/2026,#N/A,7,0,0,0,N/A,0,0,0,N/A,0,0,0,N/A,0,0,0,N/A,0,0,0,0,0,0,84,"34,643",71,67,"48,159",54,Active,718.7910448,39.02%,7,High Dormancy - Review
1929778176,Real Dream,Md. Meraj Ali Akash,KA,ISD,M+,1.15%,Pitch/Own Source,#N/A,#N/A,7/9/2026,#N/A,7,0,0,0,N/A,0,0,0,N/A,0,0,0,N/A,0,0,0,N/A,0,0,0,0,0,0,15,"22,463",15,31,"51,283",28,Active,1654.290323,128.30%,6,High Dormancy - Review
1956326004,Derisu,Md. Meraj Ali Akash,Online Payments,ISD,Lite A,1.29%,Pitch/Own Source,#N/A,#N/A,7/9/2026,#N/A,7,0,0,0,N/A,0,0,0,N/A,0,0,0,N/A,0,0,0,N/A,0,0,0,0,0,0,12,"47,507",10,7,"17,735",7,Active,2533.571429,-62.67%,6,High Dormancy - Review
1608129389,Tech and more,Fahim Kazi,Online Payments,ISD,Lite A,1.29%,Pitch/Own Source,#N/A,#N/A,7/9/2026,#N/A,7,0,0,0,N/A,0,0,0,N/A,0,0,0,N/A,0,0,0,N/A,0,0,0,0,0,0,6,"1,360",5,47,"7,576",46,Active,161.1914894,457.06%,6,High Dormancy - Review
1329711914,CCECC Bangladesh Limited,Shahriar Shamim,KA,ISD,M+,1.15%,Pitch/Own Source,#N/A,#N/A,7/9/2026,#N/A,7,0,0,0,N/A,0,0,0,N/A,0,0,0,N/A,0,0,0,N/A,0,0,0,0,0,0,0,0,0,0,0,0,Zero Transacting,N/A,New,6,High Dormancy - Review
1517827737,Doctor’s Medical Point,Fahim Kazi,KA,ISD,M+,1.15%,Pitch/Own Source,#N/A,#N/A,7/9/2026,#N/A,7,0,0,0,N/A,0,0,0,N/A,0,0,0,N/A,0,0,0,N/A,0,0,0,0,0,0,3,"1,010",3,0,0,0,Zero Transacting,N/A,-100.00%,6,High Dormancy - Review
1321118087,Greenland service limited,Md. Sazzad Hossain Sojan,Online Payments,ISD,M+,1.20%,Merchant Referral,#N/A,#N/A,7/10/2026,#N/A,7,0,0,0,N/A,0,0,0,N/A,0,0,0,N/A,0,0,0,N/A,0,0,0,0,0,0,6,"1,825",3,3,"1,001",3,Active,333.6666667,-45.15%,6,High Dormancy - Review
1896042212,live etas limited,Md. Sazzad Hossain Sojan,KA,ISD,M+,1.15%,Pitch/Own Source,#N/A,#N/A,7/10/2026,#N/A,7,0,0,0,N/A,0,0,0,N/A,0,0,0,N/A,0,0,0,N/A,0,0,0,0,0,0,7,600,7,0,0,0,Zero Transacting,N/A,-100.00%,6,High Dormancy - Review
1621999964,Edubase,Talha Yusuf,Travel & Tourism,ISD,Lite A,1.15%,Pitch/Own Source,#N/A,#N/A,7/12/2026,#N/A,7,0,0,0,N/A,0,0,0,N/A,0,0,0,N/A,0,0,0,N/A,0,0,0,0,0,0,13,"57,000",13,15,"47,001",15,Active,3133.4,-17.54%,6,High Dormancy - Review
1894777643,Edubase,Talha Yusuf,Education,ISD,M+,1.50%,Pitch/Own Source,#N/A,#N/A,7/12/2026,#N/A,7,0,0,0,N/A,0,0,0,N/A,0,0,0,N/A,0,0,0,N/A,0,0,0,0,0,0,3,"1,200",3,1,"5,000",1,Amber,5000,316.67%,7,High Dormancy - Review
1344473068,BHC JOBS,Md. Meraj Ali Akash,Education,ISD,M+,1.50%,CIMT,#N/A,#N/A,7/14/2026,#N/A,7,0,0,0,N/A,0,0,0,N/A,0,0,0,N/A,0,0,0,N/A,0,0,0,0,0,0,5,"1,794",5,48,"23,987",28,Active,499.7291667,1237.07%,7,High Dormancy - Review
1773435556,M/S Rokeya Health Care Pharmacy,Md. Meraj Ali Akash,KA,ISD,Lite A,1.15%,Pitch/Own Source,#N/A,#N/A,7/14/2026,#N/A,7,0,0,0,N/A,0,0,0,N/A,0,0,0,N/A,0,0,0,N/A,0,0,0,0,0,0,5,"7,105",3,20,"11,208",10,Active,560.4,57.75%,6,High Dormancy - Review
1722130825,Saifuliya Mart,Shahriar Shamim,KA,ISD,Lite A,1.15%,Pitch/Own Source,#N/A,#N/A,7/14/2026,#N/A,7,0,0,0,N/A,0,0,0,N/A,0,0,0,N/A,0,0,0,N/A,0,0,0,0,0,0,3,"21,317",1,3,"2,501",3,Active,833.6666667,-88.27%,6,High Dormancy - Review
1345667334,Deshaj,Fahim Kazi,Online Payments,ISD,Lite A,1.15%,Pitch/Own Source,#N/A,#N/A,7/14/2026,#N/A,7,0,0,0,N/A,0,0,0,N/A,0,0,0,N/A,0,0,0,N/A,0,0,0,0,0,0,3,"1,200",3,1,500,1,Amber,500,-58.33%,6,High Dormancy - Review
1357073262,Go-Eventy,Md. Meraj Ali Akash,Travel & Tourism,ISD,M+,1.50%,Pitch/Own Source,#N/A,#N/A,7/14/2026,#N/A,7,0,0,0,N/A,0,0,0,N/A,0,0,0,N/A,0,0,0,N/A,0,0,0,0,0,0,3,"1,500",3,1,10,1,Amber,10,-99.33%,6,High Dormancy - Review
1313574050,Go-Eventy,Md. Meraj Ali Akash,Education,ISD,M+,1.50%,Pitch/Own Source,#N/A,#N/A,7/14/2026,#N/A,7,0,0,0,N/A,0,0,0,N/A,0,0,0,N/A,0,0,0,N/A,0,0,0,0,0,0,3,"1,500",3,6,7,5,Amber,1.166666667,-99.53%,6,High Dormancy - Review
1601670331,Leona,Talha Yusuf,Online Payments,ISD,Lite A,1.15%,Pitch/Own Source,#N/A,#N/A,7/14/2026,#N/A,7,0,0,0,N/A,0,0,0,N/A,0,0,0,N/A,0,0,0,N/A,0,0,0,0,0,0,4,"1,601",3,0,0,0,Zero Transacting,N/A,-100.00%,6,High Dormancy - Review
1840541131,Pookies,Shahriar Shamim,Online Payments,ISD,Lite A,1.15%,Pitch/Own Source,#N/A,#N/A,7/14/2026,#N/A,7,0,0,0,N/A,0,0,0,N/A,0,0,0,N/A,0,0,0,N/A,0,0,0,0,0,0,3,"1,030",3,0,0,0,Zero Transacting,N/A,-100.00%,6,High Dormancy - Review
1334142511,Dear You Gifting,Md. Ashraful Islam,KA,ISD,M+,1.15%,Pitch/Own Source,#N/A,#N/A,7/16/2026,#N/A,7,0,0,0,N/A,0,0,0,N/A,0,0,0,N/A,0,0,0,N/A,0,0,0,0,0,0,147,"359,833",123,438,"930,518",298,Active,2124.47032,158.60%,7,High Dormancy - Review
1769055129,Station Headquarters Dhaka,Shahriar Shamim,Travel & Tourism,ISD,Lite A,1.29%,Pitch/Own Source,#N/A,#N/A,7/16/2026,#N/A,7,0,0,0,N/A,0,0,0,N/A,0,0,0,N/A,0,0,0,N/A,0,0,0,0,0,0,63,"105,662",51,127,"115,630",82,Active,910.4724409,9.43%,6,High Dormancy - Review
1774419029,Qheal,Md. Meraj Ali Akash,KA,ISD,M+,1.15%,Pitch/Own Source,#N/A,#N/A,7/16/2026,#N/A,7,0,0,0,N/A,0,0,0,N/A,0,0,0,N/A,0,0,0,N/A,0,0,0,0,0,0,5,"4,836",5,23,"80,315",21,Active,3491.956522,1560.77%,6,High Dormancy - Review
1349522067,Adi Korai Gosto Limited,Md. Meraj Ali Akash,KA,ISD,MMBO,1.15%,Pitch/Own Source,#N/A,#N/A,7/16/2026,#N/A,7,0,0,0,N/A,0,0,0,N/A,0,0,0,N/A,0,0,0,N/A,0,0,0,0,0,0,10,"10,573",9,59,"80,905",54,Active,1371.271186,665.20%,6,High Dormancy - Review
1972592765,Catelyn Pet Shop,Md. Ashraful Islam,Online Payments,ISD,Lite A,1.15%,Pitch/Own Source,#N/A,#N/A,7/16/2026,#N/A,7,0,0,0,N/A,0,0,0,N/A,0,0,0,N/A,0,0,0,N/A,0,0,0,0,0,0,3,"3,000",3,37,"43,305",27,Active,1170.405405,1343.50%,6,High Dormancy - Review
1350141323,La Primrose,Md. Ashraful Islam,Online Payments,ISD,Lite A,1.15%,Pitch/Own Source,#N/A,#N/A,7/16/2026,#N/A,7,0,0,0,N/A,0,0,0,N/A,0,0,0,N/A,0,0,0,N/A,0,0,0,0,0,0,4,"1,040",4,40,"42,580",37,Active,1064.5,3994.23%,7,High Dormancy - Review
1338522244,Travox,Md. Ashraful Islam,KA,ISD,M+,1.15%,Pitch/Own Source,#N/A,#N/A,7/16/2026,#N/A,7,0,0,0,N/A,0,0,0,N/A,0,0,0,N/A,0,0,0,N/A,0,0,0,0,0,0,3,"5,010",3,6,"23,972",6,Active,3995.333333,378.48%,6,High Dormancy - Review
1335188958,Aline Global Ltd,Shahriar Shamim,Online Payments,ISD,Lite A,1.29%,Pitch/Own Source,#N/A,#N/A,7/16/2026,#N/A,7,0,0,0,N/A,0,0,0,N/A,0,0,0,N/A,0,0,0,N/A,0,0,0,0,0,0,0,0,0,0,0,0,Zero Transacting,N/A,New,6,High Dormancy - Review
1940261863,Search Tutor,Md. Sazzad Hossain Sojan,Online Payments,ISD,Lite A,1.15%,CIMT,#N/A,#N/A,7/19/2026,#N/A,7,0,0,0,N/A,0,0,0,N/A,0,0,0,N/A,0,0,0,N/A,0,0,0,0,0,0,4,"1,680",3,419,"119,100",392,Active,284.24821,6989.29%,6,High Dormancy - Review
1345158181,Rijik Super Shop,Md. Ashraful Islam,KA,ISD,M+,1.15%,Pitch/Own Source,#N/A,#N/A,7/19/2026,#N/A,7,0,0,0,N/A,0,0,0,N/A,0,0,0,N/A,0,0,0,N/A,0,0,0,0,0,0,15,"16,985",15,46,"28,607",33,Active,621.8913043,68.43%,6,High Dormancy - Review
1958486948,Amriss,Md. Sazzad Hossain Sojan,Online Payments,ISD,Lite A,1.15%,Pitch/Own Source,#N/A,#N/A,7/19/2026,#N/A,7,0,0,0,N/A,0,0,0,N/A,0,0,0,N/A,0,0,0,N/A,0,0,0,0,0,0,3,"1,300",3,21,"18,325",20,Active,872.6190476,1309.62%,6,High Dormancy - Review
1335246646,Tanin Industries Limited,Shahriar Shamim,Online Payments,ISD,Lite A,1.15%,CIMT,#N/A,#N/A,7/19/2026,#N/A,7,0,0,0,N/A,0,0,0,N/A,0,0,0,N/A,0,0,0,N/A,0,0,0,0,0,0,1,"1,000",1,3,"2,602",3,Active,867.3333333,160.20%,6,High Dormancy - Review
1901657947,Al Amin Tour & Travels,Md. Sazzad Hossain Sojan,Travel & Tourism,OSD,M+,1.50%,CIMT,#N/A,#N/A,7/19/2026,#N/A,7,0,0,0,N/A,0,0,0,N/A,0,0,0,N/A,0,0,0,N/A,0,0,0,0,0,0,0,0,0,0,0,0,Zero Transacting,N/A,New,7,High Dormancy - Review
1829773773,Seven Sea Holidays,Md. Meraj Ali Akash,Travel & Tourism,ISD,Lite A,1.15%,Pitch/Own Source,#N/A,#N/A,7/20/2026,#N/A,7,0,0,0,N/A,0,0,0,N/A,0,0,0,N/A,0,0,0,N/A,0,0,0,0,0,0,6,"20,650",4,13,"97,190",13,Active,7476.153846,370.65%,6,High Dormancy - Review
1829773773,Seven Sea Holidays,Md. Meraj Ali Akash,Travel & Tourism,ISD,Lite A,1.15%,Pitch/Own Source,#N/A,#N/A,7/20/2026,#N/A,7,0,0,0,N/A,0,0,0,N/A,0,0,0,N/A,0,0,0,N/A,0,0,0,0,0,0,6,"20,650",4,13,"97,190",13,Active,7476.153846,370.65%,6,High Dormancy - Review
1615451527,adc.mdpur@gmail.com,Md. Ashraful Islam,Education,ISD,M+,1.15%,CIMT,#N/A,#N/A,7/20/2026,#N/A,7,0,0,0,N/A,0,0,0,N/A,0,0,0,N/A,0,0,0,N/A,0,0,0,0,0,0,8,"53,000",6,8,"72,900",7,Active,9112.5,37.55%,6,High Dormancy - Review
1615451527,Agrani College of Physiotherapy & Health Science,Md. Ashraful Islam,Education,ISD,Lite A,1.15%,Pitch/Own Source,#N/A,#N/A,7/20/2026,#N/A,7,0,0,0,N/A,0,0,0,N/A,0,0,0,N/A,0,0,0,N/A,0,0,0,0,0,0,8,"53,000",6,8,"72,900",7,Active,9112.5,37.55%,6,High Dormancy - Review
1975794194,Coral Tech Solutions Ltd,Shahriar Shamim,Online Payments,ISD,Lite A,1.29%,CIMT,#N/A,#N/A,7/20/2026,#N/A,7,0,0,0,N/A,0,0,0,N/A,0,0,0,N/A,0,0,0,N/A,0,0,0,0,0,0,2,"1,010",1,7,"2,180",7,Active,311.4285714,115.84%,6,High Dormancy - Review
1346068887,Baktier Ahmed Rony & Associates Ltd.,Md. Ashraful Islam,Online Payments,ISD,Lite A,1.15%,Whatsapp Group,#N/A,#N/A,7/20/2026,#N/A,7,0,0,0,N/A,0,0,0,N/A,0,0,0,N/A,0,0,0,N/A,0,0,0,0,0,0,0,0,0,4,"1,001",4,Active,250.25,New,6,High Dormancy - Review
1332115764,M/S Annesa Air International,Md. Ashraful Islam,Travel & Tourism,ISD,M+,1.15%,Pitch/Own Source,#N/A,#N/A,7/20/2026,#N/A,7,0,0,0,N/A,0,0,0,N/A,0,0,0,N/A,0,0,0,N/A,0,0,0,0,0,0,0,0,0,0,0,0,Zero Transacting,N/A,New,6,High Dormancy - Review
1345808880,Otomatic,Shahriar Shamim,Online Payments,ISD,Lite A,1.29%,Pitch/Own Source,#N/A,#N/A,7/21/2026,#N/A,7,0,0,0,N/A,0,0,0,N/A,0,0,0,N/A,0,0,0,N/A,0,0,0,0,0,0,4,"23,600",3,50,"368,810",38,Active,7376.2,1462.75%,6,High Dormancy - Review
1610936745,Headshot Life Style Saloon,Shahriar Shamim,KA,ISD,Lite B,1.15%,Merchant Referral,#N/A,#N/A,7/21/2026,#N/A,7,0,0,0,N/A,0,0,0,N/A,0,0,0,N/A,0,0,0,N/A,0,0,0,0,0,0,41,"65,440",34,79,"140,540",60,Active,1778.987342,114.76%,6,High Dormancy - Review
1300280316,On Item Zone,Md. Meraj Ali Akash,KA,ISD,M+,1.15%,Pitch/Own Source,#N/A,#N/A,7/21/2026,#N/A,7,0,0,0,N/A,0,0,0,N/A,0,0,0,N/A,0,0,0,N/A,0,0,0,0,0,0,174,"55,220",166,372,"126,710",363,Active,340.6182796,129.46%,6,High Dormancy - Review
1805507474,Mystic Fashion,Md. Ashraful Islam,KA,ISD,Lite A,1.15%,Pitch/Own Source,#N/A,#N/A,7/21/2026,#N/A,7,0,0,0,N/A,0,0,0,N/A,0,0,0,N/A,0,0,0,N/A,0,0,0,0,0,0,59,"34,660",57,114,"97,575",102,Active,855.9210526,181.52%,6,High Dormancy - Review
1540196991,Royal Courant,Talha Yusuf,Online Payments,ISD,Lite A,1.15%,Pitch/Own Source,#N/A,#N/A,7/21/2026,#N/A,7,0,0,0,N/A,0,0,0,N/A,0,0,0,N/A,0,0,0,N/A,0,0,0,0,0,0,15,"12,924",15,46,"48,197",46,Active,1047.76087,272.93%,6,High Dormancy - Review
1994800544,A.H.khan Enterprise,Md. Sazzad Hossain Sojan,Online Payments,ISD,Lite A,1.15%,Pitch/Own Source,#N/A,#N/A,7/21/2026,#N/A,7,0,0,0,N/A,0,0,0,N/A,0,0,0,N/A,0,0,0,N/A,0,0,0,0,0,0,19,"23,018",19,43,"41,615",41,Active,967.7906977,80.79%,6,High Dormancy - Review
1805507473,Mystic Fashion,Md. Ashraful Islam,Online Payments,ISD,Lite A,1.15%,Pitch/Own Source,#N/A,#N/A,7/21/2026,#N/A,7,0,0,0,N/A,0,0,0,N/A,0,0,0,N/A,0,0,0,N/A,0,0,0,0,0,0,15,"4,761",14,63,"20,900",62,Active,331.7460317,338.98%,6,High Dormancy - Review
1783978474,kidurio,Md. Sazzad Hossain Sojan,Online Payments,ISD,Lite A,1.15%,Pitch/Own Source,#N/A,#N/A,7/21/2026,#N/A,7,0,0,0,N/A,0,0,0,N/A,0,0,0,N/A,0,0,0,N/A,0,0,0,0,0,0,4,"1,600",4,17,"22,120",17,Active,1301.176471,1282.50%,6,High Dormancy - Review
1404033164,Optimity Access Ltd,Fahim Kazi,Travel & Tourism,ISD,Lite A,1.15%,Pitch/Own Source,#N/A,#N/A,7/21/2026,#N/A,7,0,0,0,N/A,0,0,0,N/A,0,0,0,N/A,0,0,0,N/A,0,0,0,0,0,0,1,"10,000",1,1,"20,000",1,Amber,20000,100.00%,6,High Dormancy - Review
1350916011,M/S Shah Dewan Bagi Fish Enterprise,Fahim Kazi,KA,ISD,M+,1.15%,Pitch/Own Source,#N/A,#N/A,7/21/2026,#N/A,7,0,0,0,N/A,0,0,0,N/A,0,0,0,N/A,0,0,0,N/A,0,0,0,0,0,0,0,0,0,49,"19,030",36,Active,388.3673469,New,6,High Dormancy - Review
1622200777,SELLBAZ ENTERPRISE,Talha Yusuf,Online Payments,ISD,Lite A,1.15%,Pitch/Own Source,#N/A,#N/A,7/21/2026,#N/A,7,0,0,0,N/A,0,0,0,N/A,0,0,0,N/A,0,0,0,N/A,0,0,0,0,0,0,7,"3,902",5,18,"16,050",17,Active,891.6666667,311.33%,6,High Dormancy - Review
1750019240,Nagar Digital,Talha Yusuf,Online Payments,ISD,Lite A,1.15%,Pitch/Own Source,#N/A,#N/A,7/21/2026,#N/A,7,0,0,0,N/A,0,0,0,N/A,0,0,0,N/A,0,0,0,N/A,0,0,0,0,0,0,10,"79,715",6,6,"10,815",5,Active,1802.5,-86.43%,6,High Dormancy - Review
1722201273,Neo Steps To Win,Md. Meraj Ali Akash,Education,ISD,M+,1.50%,Pitch/Own Source,#N/A,#N/A,7/21/2026,#N/A,7,0,0,0,N/A,0,0,0,N/A,0,0,0,N/A,0,0,0,N/A,0,0,0,0,0,0,4,"1,002",3,3,"6,502",3,Active,2167.333333,548.90%,6,High Dormancy - Review
1335358302,Bigba,Shahriar Shamim,KA,ISD,M+,1.15%,Pitch/Own Source,#N/A,#N/A,7/21/2026,#N/A,7,0,0,0,N/A,0,0,0,N/A,0,0,0,N/A,0,0,0,N/A,0,0,0,0,0,0,1,"1,000",1,9,"2,480",7,Active,275.5555556,148.00%,6,High Dormancy - Review
1567976310,Naeemul Uloom Nurani Madrasha,Talha Yusuf,Education,OSD,Lite A,1.15%,CIMT,#N/A,#N/A,7/21/2026,#N/A,7,0,0,0,N/A,0,0,0,N/A,0,0,0,N/A,0,0,0,N/A,0,0,0,0,0,0,3,"1,220",3,2,"1,700",2,Amber,850,39.34%,6,High Dormancy - Review
1346129628,Wafia Academy,Talha Yusuf,Online Payments,ISD,M+,2%,Pitch/Own Source,#N/A,#N/A,7/21/2026,#N/A,7,0,0,0,N/A,0,0,0,N/A,0,0,0,N/A,0,0,0,N/A,0,0,0,0,0,0,4,"1,250",3,8,"1,570",2,Amber,196.25,25.60%,6,High Dormancy - Review
1550672838,Adarsha,Talha Yusuf,Online Payments,ISD,Lite A,1.15%,Pitch/Own Source,#N/A,#N/A,7/21/2026,#N/A,7,0,0,0,N/A,0,0,0,N/A,0,0,0,N/A,0,0,0,N/A,0,0,0,0,0,0,3,"1,200",3,1,4,1,Amber,4,-99.67%,6,High Dormancy - Review
1677772424,Tech and gear,Md. Sazzad Hossain Sojan,KA,ISD,M+,1.15%,Pitch/Own Source,#N/A,#N/A,7/21/2026,#N/A,7,0,0,0,N/A,0,0,0,N/A,0,0,0,N/A,0,0,0,N/A,0,0,0,0,0,0,0,0,0,1,1,1,Amber,1,New,6,High Dormancy - Review
1730353300,Key Host,Shahriar Shamim,Travel & Tourism,ISD,Lite A,1.15%,Pitch/Own Source,#N/A,#N/A,7/23/2026,#N/A,7,0,0,0,N/A,0,0,0,N/A,0,0,0,N/A,0,0,0,N/A,0,0,0,0,0,0,9,"18,710",6,126,"475,327",59,Active,3772.436508,2440.50%,6,High Dormancy - Review
1347351173,cellbox,Fahim Kazi,KA,ISD,Lite A,1.15%,Pitch/Own Source,#N/A,#N/A,7/23/2026,#N/A,7,0,0,0,N/A,0,0,0,N/A,0,0,0,N/A,0,0,0,N/A,0,0,0,0,0,0,5,"2,700",5,266,"318,282",256,Active,1196.548872,11688.22%,6,High Dormancy - Review
1511182030,English Lab,Fahim Kazi,Travel & Tourism,ISD,Lite A,1.15%,Pitch/Own Source,#N/A,#N/A,7/23/2026,#N/A,7,0,0,0,N/A,0,0,0,N/A,0,0,0,N/A,0,0,0,N/A,0,0,0,0,0,0,3,"1,000",3,10,"92,200",7,Active,9220,9120.00%,6,High Dormancy - Review
1974476971,SRA Method English Center,Md. Meraj Ali Akash,Education,ISD,Lite A,1.15%,Pitch/Own Source,#N/A,#N/A,7/23/2026,#N/A,7,0,0,0,N/A,0,0,0,N/A,0,0,0,N/A,0,0,0,N/A,0,0,0,0,0,0,4,"1,251",3,10,"3,215",5,Active,321.5,156.99%,6,High Dormancy - Review
1815358335,AI Ready Bangladesh,Md. Ashraful Islam,Online Payments,ISD,Lite A,1.15%,CIMT,#N/A,#N/A,7/26/2026,#N/A,7,0,0,0,N/A,0,0,0,N/A,0,0,0,N/A,0,0,0,N/A,0,0,0,0,0,0,5,"6,000",5,237,"355,340",236,Active,1499.324895,5822.33%,7,High Dormancy - Review
1961394010,Theme dokan,Md. Ashraful Islam,Online Payments,ISD,Lite A,1.15%,CIMT,#N/A,#N/A,7/26/2026,#N/A,7,0,0,0,N/A,0,0,0,N/A,0,0,0,N/A,0,0,0,N/A,0,0,0,0,0,0,19,"4,562",8,50,"20,757",23,Active,415.14,355.00%,7,High Dormancy - Review
1334930487,Herblife Nutrition Limited,Md. Meraj Ali Akash,KA,ISD,MMBO,1.15%,Pitch/Own Source,#N/A,#N/A,7/26/2026,#N/A,7,0,0,0,N/A,0,0,0,N/A,0,0,0,N/A,0,0,0,N/A,0,0,0,0,0,0,0,0,0,28,"17,329",28,Active,618.8928571,New,7,High Dormancy - Review
1324680044,Healing Haven,Md. Sazzad Hossain Sojan,Online Payments,ISD,Lite A,1.15%,Pitch/Own Source,#N/A,#N/A,7/26/2026,#N/A,7,0,0,0,N/A,0,0,0,N/A,0,0,0,N/A,0,0,0,N/A,0,0,0,0,0,0,4,"2,900",4,4,"4,841",4,Active,1210.25,66.93%,7,High Dormancy - Review
1334930486,Herblife Nutrition Limited,Md. Meraj Ali Akash,KA,ISD,MMBO,1.15%,Pitch/Own Source,#N/A,#N/A,7/26/2026,#N/A,7,0,0,0,N/A,0,0,0,N/A,0,0,0,N/A,0,0,0,N/A,0,0,0,0,0,0,0,0,0,13,"7,276",12,Active,559.6923077,New,7,High Dormancy - Review
1314096803,Bike Doctor,Talha Yusuf,Online Payments,ISD,Lite A,1.15%,Pitch/Own Source,#N/A,#N/A,7/26/2026,#N/A,7,0,0,0,N/A,0,0,0,N/A,0,0,0,N/A,0,0,0,N/A,0,0,0,0,0,0,3,"1,200",3,2,"1,019",2,Amber,509.5,-15.08%,7,High Dormancy - Review
1713787848,JUI ELECTRIC,Talha Yusuf,KA,OSD,Lite A,1.15%,Pitch/Own Source,#N/A,#N/A,7/26/2026,#N/A,7,0,0,0,N/A,0,0,0,N/A,0,0,0,N/A,0,0,0,N/A,0,0,0,0,0,0,4,"11,580",4,1,1,1,Amber,1,-99.99%,7,High Dormancy - Review
1740411452,Artifact Fashion,Talha Yusuf,Online Payments,ISD,Lite A,1.15%,Pitch/Own Source,#N/A,#N/A,7/26/2026,#N/A,7,0,0,0,N/A,0,0,0,N/A,0,0,0,N/A,0,0,0,N/A,0,0,0,0,0,0,4,"1,200",3,0,0,0,Zero Transacting,N/A,-100.00%,7,High Dormancy - Review
1335225995,Bela obela,Md. Sazzad Hossain Sojan,Online Payments,ISD,Lite A,1.15%,Pitch/Own Source,#N/A,#N/A,7/26/2026,#N/A,7,0,0,0,N/A,0,0,0,N/A,0,0,0,N/A,0,0,0,N/A,0,0,0,0,0,0,3,"1,000",3,0,0,0,Zero Transacting,N/A,-100.00%,6,High Dormancy - Review
1886675849,Catch Bangladesh limited,Md. Meraj Ali Akash,Online Payments,ISD,M+,10%,Merchant Referral,#N/A,#N/A,7/26/2026,#N/A,7,0,0,0,N/A,0,0,0,N/A,0,0,0,N/A,0,0,0,N/A,0,0,0,0,0,0,3,"1,300",3,0,0,0,Zero Transacting,N/A,-100.00%,6,High Dormancy - Review
1799624263,Green Light,Md. Sazzad Hossain Sojan,Online Payments,ISD,Lite A,1.15%,Pitch/Own Source,#N/A,#N/A,7/26/2026,#N/A,7,0,0,0,N/A,0,0,0,N/A,0,0,0,N/A,0,0,0,N/A,0,0,0,0,0,0,3,"1,000",3,0,0,0,Zero Transacting,N/A,-100.00%,6,High Dormancy - Review
1748705186,MediBuy BD,Talha Yusuf,Online Payments,OSD,Lite A,1.15%,Pitch/Own Source,#N/A,#N/A,7/26/2026,#N/A,7,0,0,0,N/A,0,0,0,N/A,0,0,0,N/A,0,0,0,N/A,0,0,0,0,0,0,3,"1,200",3,0,0,0,Zero Transacting,N/A,-100.00%,6,High Dormancy - Review
1805565950,MERAKI,Talha Yusuf,KA,ISD,Lite A,1.15%,Pitch/Own Source,#N/A,#N/A,7/26/2026,#N/A,7,0,0,0,N/A,0,0,0,N/A,0,0,0,N/A,0,0,0,N/A,0,0,0,0,0,0,2,"1,100",2,0,0,0,Zero Transacting,N/A,-100.00%,6,High Dormancy - Review
1748389042,Tashrif,Md. Meraj Ali Akash,Online Payments,ISD,Lite A,1.15%,Pitch/Own Source,#N/A,#N/A,7/26/2026,#N/A,7,0,0,0,N/A,0,0,0,N/A,0,0,0,N/A,0,0,0,N/A,0,0,0,0,0,0,0,0,0,0,0,0,Zero Transacting,N/A,New,6,High Dormancy - Review
1407021833,Nibras International School,Shahriar Shamim,Education,ISD,Pay Bill,1.30%,Pitch/Own Source,#N/A,#N/A,7/27/2026,#N/A,7,0,0,0,N/A,0,0,0,N/A,0,0,0,N/A,0,0,0,N/A,0,0,0,0,0,0,0,0,0,0,0,0,Zero Transacting,N/A,New,6,High Dormancy - Review
1305966507,Monologue Education,Md. Ashraful Islam,Education,ISD,M+,1.30%,Pitch/Own Source,#N/A,#N/A,7/28/2026,#N/A,7,0,0,0,N/A,0,0,0,N/A,0,0,0,N/A,0,0,0,N/A,0,0,0,0,0,0,10,"8,250",10,296,"289,944",286,Active,979.5405405,3414.47%,6,High Dormancy - Review
1783826302,BREWHAUS COFFEE ROASTERS,Talha Yusuf,KA,ISD,Lite A,1.15%,Pitch/Own Source,#N/A,#N/A,7/28/2026,#N/A,7,0,0,0,N/A,0,0,0,N/A,0,0,0,N/A,0,0,0,N/A,0,0,0,0,0,0,3,"1,350",3,48,"29,566",26,Active,615.9583333,2090.07%,6,High Dormancy - Review
1354310512,Focus Education,Md. Ashraful Islam,Education,ISD,Lite A,1.15%,CIMT,#N/A,#N/A,7/28/2026,#N/A,7,0,0,0,N/A,0,0,0,N/A,0,0,0,N/A,0,0,0,N/A,0,0,0,0,0,0,3,"1,090",3,4,"18,601",3,Active,4650.25,1606.51%,6,High Dormancy - Review
1901350340,JUI ELECTRIC,Talha Yusuf,Online Payments,OSD,Lite A,1.15%,Pitch/Own Source,#N/A,#N/A,7/28/2026,#N/A,7,0,0,0,N/A,0,0,0,N/A,0,0,0,N/A,0,0,0,N/A,0,0,0,0,0,0,3,"1,250",3,1,"13,350",1,Amber,13350,968.00%,6,High Dormancy - Review
1886711267,Magura Paint Garden,Md. Ashraful Islam,KA,OSD,Lite A,1.15%,CIMT,#N/A,#N/A,7/28/2026,#N/A,7,0,0,0,N/A,0,0,0,N/A,0,0,0,N/A,0,0,0,N/A,0,0,0,0,0,0,3,"1,200",3,5,"10,420",5,Active,2084,768.33%,7,High Dormancy - Review
1805565954,MERAKI,Talha Yusuf,KA,ISD,MMBO,1.15%,Pitch/Own Source,#N/A,#N/A,7/28/2026,#N/A,7,0,0,0,N/A,0,0,0,N/A,0,0,0,N/A,0,0,0,N/A,0,0,0,0,0,0,2,900,2,5,"9,095",5,Active,1819,910.56%,7,High Dormancy - Review
1805565955,MERAKI,Talha Yusuf,KA,ISD,MMBO,1.15%,Pitch/Own Source,#N/A,#N/A,7/28/2026,#N/A,7,0,0,0,N/A,0,0,0,N/A,0,0,0,N/A,0,0,0,N/A,0,0,0,0,0,0,2,900,2,1,"1,740",1,Amber,1740,93.33%,7,High Dormancy - Review
1805487199,Rust and Revive,Md. Meraj Ali Akash,Online Payments,ISD,Lite A,1.15%,Pitch/Own Source,#N/A,#N/A,7/28/2026,#N/A,7,0,0,0,N/A,0,0,0,N/A,0,0,0,N/A,0,0,0,N/A,0,0,0,0,0,0,4,"1,210",3,6,"1,062",6,Active,177,-12.23%,7,High Dormancy - Review
1711999739,Coconut Pot,Talha Yusuf,Online Payments,ISD,Lite A,1.15%,Pitch/Own Source,#N/A,#N/A,7/28/2026,#N/A,7,0,0,0,N/A,0,0,0,N/A,0,0,0,N/A,0,0,0,N/A,0,0,0,0,0,0,3,"1,200",3,1,680,1,Amber,680,-43.33%,7,High Dormancy - Review
1605585177,open shop bd,Talha Yusuf,Online Payments,ISD,Lite A,1.15%,Pitch/Own Source,#N/A,#N/A,7/28/2026,#N/A,7,0,0,0,N/A,0,0,0,N/A,0,0,0,N/A,0,0,0,N/A,0,0,0,0,0,0,25,"3,973",19,2,279,1,Amber,139.5,-92.98%,7,High Dormancy - Review
1975476971,SRA Method English Center,Md. Ashraful Islam,Education,OSD,M+,1.30%,CIMT,#N/A,#N/A,7/28/2026,#N/A,7,0,0,0,N/A,0,0,0,N/A,0,0,0,N/A,0,0,0,N/A,0,0,0,0,0,0,3,"1,020",3,5,43,2,Amber,8.5,-95.83%,7,High Dormancy - Review
1350201350,M/S Aporupa Enterprise,Md. Sazzad Hossain Sojan,KA,ISD,Lite A,1.15%,Pitch/Own Source,#N/A,#N/A,7/28/2026,#N/A,7,0,0,0,N/A,0,0,0,N/A,0,0,0,N/A,0,0,0,N/A,0,0,0,0,0,0,4,"7,100",4,0,0,0,Zero Transacting,N/A,-100.00%,6,High Dormancy - Review
1805565951,MERAKI,Talha Yusuf,KA,ISD,MMBO,1.15%,Pitch/Own Source,#N/A,#N/A,7/28/2026,#N/A,7,0,0,0,N/A,0,0,0,N/A,0,0,0,N/A,0,0,0,N/A,0,0,0,0,0,0,2,900,2,0,0,0,Zero Transacting,N/A,-100.00%,6,High Dormancy - Review
1805565952,MERAKI,Talha Yusuf,KA,ISD,MMBO,1.15%,Pitch/Own Source,#N/A,#N/A,7/28/2026,#N/A,7,0,0,0,N/A,0,0,0,N/A,0,0,0,N/A,0,0,0,N/A,0,0,0,0,0,0,2,900,2,0,0,0,Zero Transacting,N/A,-100.00%,6,High Dormancy - Review
1805565953,MERAKI,Talha Yusuf,KA,ISD,MMBO,1.15%,Pitch/Own Source,#N/A,#N/A,7/28/2026,#N/A,7,0,0,0,N/A,0,0,0,N/A,0,0,0,N/A,0,0,0,N/A,0,0,0,0,0,0,2,900,2,0,0,0,Zero Transacting,N/A,-100.00%,6,High Dormancy - Review
1805565956,MERAKI,Talha Yusuf,KA,ISD,MMBO,1.15%,Pitch/Own Source,#N/A,#N/A,7/28/2026,#N/A,7,0,0,0,N/A,0,0,0,N/A,0,0,0,N/A,0,0,0,N/A,0,0,0,0,0,0,2,900,2,0,0,0,Zero Transacting,N/A,-100.00%,6,High Dormancy - Review
1616745554,proyash,Talha Yusuf,Education,ISD,M+,1.15%,Pitch/Own Source,#N/A,#N/A,7/28/2026,#N/A,7,0,0,0,N/A,0,0,0,N/A,0,0,0,N/A,0,0,0,N/A,0,0,0,0,0,0,5,"1,379",5,0,0,0,Zero Transacting,N/A,-100.00%,6,High Dormancy - Review
1350817755,Trends By P.R,Md. Ashraful Islam,Online Payments,ISD,Lite A,1.15%,Pitch/Own Source,#N/A,#N/A,7/28/2026,#N/A,7,0,0,0,N/A,0,0,0,N/A,0,0,0,N/A,0,0,0,N/A,0,0,0,0,0,0,4,800,4,0,0,0,Zero Transacting,N/A,-100.00%,6,High Dormancy - Review
1351944030,Nari Fashion (Hoimonthy),Md. Ashraful Islam,Online Payments,ISD,Lite A,1.15%,Pitch/Own Source,#N/A,#N/A,7/29/2026,#N/A,7,0,0,0,N/A,0,0,0,N/A,0,0,0,N/A,0,0,0,N/A,0,0,0,0,0,0,3,"1,000",3,132,"366,913",126,Active,2779.643939,36591.30%,6,High Dormancy - Review
1897596722,MANHA MART,Talha Yusuf,Online Payments,ISD,Lite A,1.15%,Pitch/Own Source,#N/A,#N/A,7/29/2026,#N/A,7,0,0,0,N/A,0,0,0,N/A,0,0,0,N/A,0,0,0,N/A,0,0,0,0,0,0,19,"37,502",18,240,"374,649",215,Active,1561.0375,899.01%,6,High Dormancy - Review
1707737173,Arowa,Talha Yusuf,Online Payments,ISD,Lite A,1.15%,Pitch/Own Source,#N/A,#N/A,7/29/2026,#N/A,7,0,0,0,N/A,0,0,0,N/A,0,0,0,N/A,0,0,0,N/A,0,0,0,0,0,0,3,"1,500",3,23,"41,186",21,Active,1790.695652,2645.73%,6,High Dormancy - Review
1334972539,Mooggimama global limited,Md. Sazzad Hossain Sojan,KA,ISD,MMBO,1.15%,Pitch/Own Source,#N/A,#N/A,7/29/2026,#N/A,7,0,0,0,N/A,0,0,0,N/A,0,0,0,N/A,0,0,0,N/A,0,0,0,0,0,0,0,0,0,78,"36,190",67,Active,463.974359,New,6,High Dormancy - Review
1352492178,Wholesale Mart,Md. Meraj Ali Akash,Online Payments,ISD,Lite A,1.15%,Whatsapp Group,#N/A,#N/A,7/29/2026,#N/A,7,0,0,0,N/A,0,0,0,N/A,0,0,0,N/A,0,0,0,N/A,0,0,0,0,0,0,0,0,0,15,"29,188",12,Active,1945.866667,New,6,High Dormancy - Review
1610763407,Styleway,Shahriar Shamim,KA,ISD,Lite A,1.15%,Pitch/Own Source,#N/A,#N/A,7/29/2026,#N/A,7,0,0,0,N/A,0,0,0,N/A,0,0,0,N/A,0,0,0,N/A,0,0,0,0,0,0,0,0,0,6,"24,090",6,Active,4015,New,7,High Dormancy - Review
1404635973,A to Z Marketing,Md. Meraj Ali Akash,Online Payments,ISD,Lite A,1.15%,Whatsapp Group,#N/A,#N/A,7/29/2026,#N/A,7,0,0,0,N/A,0,0,0,N/A,0,0,0,N/A,0,0,0,N/A,0,0,0,0,0,0,11,"4,604",4,15,"18,697",14,Active,1246.466667,306.10%,7,High Dormancy - Review
1830749856,Shahin e mart,Md. Sazzad Hossain Sojan,Online Payments,ISD,Lite A,1.15%,Pitch/Own Source,#N/A,#N/A,7/29/2026,#N/A,7,0,0,0,N/A,0,0,0,N/A,0,0,0,N/A,0,0,0,N/A,0,0,0,0,0,0,2,875,2,9,"7,865",9,Active,873.8888889,798.86%,7,High Dormancy - Review
1322226688,Taqwa Library & Bookshop,Md. Ashraful Islam,KA,OSD,Lite A,1.15%,Pitch/Own Source,#N/A,#N/A,7/29/2026,#N/A,7,0,0,0,N/A,0,0,0,N/A,0,0,0,N/A,0,0,0,N/A,0,0,0,0,0,0,4,"1,011",3,7,"4,034",4,Active,576.2857143,299.01%,6,High Dormancy - Review
1511283384,M/S Aporupa Enterprise,Md. Sazzad Hossain Sojan,Online Payments,ISD,Lite A,1.15%,Pitch/Own Source,#N/A,#N/A,7/29/2026,#N/A,7,0,0,0,N/A,0,0,0,N/A,0,0,0,N/A,0,0,0,N/A,0,0,0,0,0,0,3,"3,000",3,3,"1,181",3,Active,393.6666667,-60.63%,6,High Dormancy - Review
1346099118,M/S shameem khaled salahuddin and Co,Md. Sazzad Hossain Sojan,Online Payments,ISD,M+,2%,Pitch/Own Source,#N/A,#N/A,7/29/2026,#N/A,7,0,0,0,N/A,0,0,0,N/A,0,0,0,N/A,0,0,0,N/A,0,0,0,0,0,0,3,"3,200",3,5,447,4,Amber,89.4,-86.03%,6,High Dormancy - Review
1895624255,YY Origins Mercantile,Md. Sazzad Hossain Sojan,Online Payments,ISD,Lite A,1.15%,Social Media Lead,#N/A,#N/A,7/29/2026,#N/A,7,0,0,0,N/A,0,0,0,N/A,0,0,0,N/A,0,0,0,N/A,0,0,0,0,0,0,3,"1,002",3,4,46,2,Amber,11.55,-95.39%,6,High Dormancy - Review
1901657949,Al amin tour and travel,Md. Sazzad Hossain Sojan,Travel & Tourism,ISD,M+,1.50%,Pitch/Own Source,#N/A,#N/A,7/29/2026,#N/A,7,0,0,0,N/A,0,0,0,N/A,0,0,0,N/A,0,0,0,N/A,0,0,0,0,0,0,3,"1,000",3,0,0,0,Zero Transacting,N/A,-100.00%,6,High Dormancy - Review
1606595759,Alorok,Md. Ashraful Islam,Travel & Tourism,OSD,M+,1.50%,CIMT,#N/A,#N/A,7/29/2026,#N/A,7,0,0,0,N/A,0,0,0,N/A,0,0,0,N/A,0,0,0,N/A,0,0,0,0,0,0,3,"1,000",3,0,0,0,Zero Transacting,N/A,-100.00%,7,High Dormancy - Review
1600075319,Trends By P.R ( Shefa's Fashion Gallery),Md. Ashraful Islam,Online Payments,ISD,Lite A,1.15%,Pitch/Own Source,#N/A,#N/A,7/29/2026,#N/A,7,0,0,0,N/A,0,0,0,N/A,0,0,0,N/A,0,0,0,N/A,0,0,0,0,0,0,4,800,4,0,0,0,Zero Transacting,N/A,-100.00%,7,High Dormancy - Review
1347119989,kadam,Md. Sazzad Hossain Sojan,Online Payments,ISD,Lite A,1.15%,Pitch/Own Source,#N/A,#N/A,7/31/2026,#N/A,7,0,0,0,N/A,0,0,0,N/A,0,0,0,N/A,0,0,0,N/A,0,0,0,0,0,0,0,0,0,80,"77,265",73,Active,965.8125,New,6,High Dormancy - Review
1800000775,Sterling You,Shahriar Shamim,Online Payments,ISD,Lite A,1.15%,Pitch/Own Source,#N/A,#N/A,7/31/2026,#N/A,7,0,0,0,N/A,0,0,0,N/A,0,0,0,N/A,0,0,0,N/A,0,0,0,0,0,0,0,0,0,55,"36,640",53,Active,666.1818182,New,6,High Dormancy - Review
1805033044,Dream Sea Edge,Md. Meraj Ali Akash,Online Payments,ISD,Lite A,1.15%,Pitch/Own Source,#N/A,#N/A,7/31/2026,#N/A,7,0,0,0,N/A,0,0,0,N/A,0,0,0,N/A,0,0,0,N/A,0,0,0,0,0,0,0,0,0,15,"19,352",8,Active,1290.133333,New,6,High Dormancy - Review
1703939221,pustok prokashon,Md. Sazzad Hossain Sojan,Online Payments,ISD,Lite A,1.29%,Pitch/Own Source,DHAKA,"606/1, Kafrul Dhaka Cantonment, Dhaka 1206",7/31/2026,E-Commerce,7,0,0,0,N/A,0,0,0,N/A,0,0,0,N/A,0,0,0,N/A,0,0,0,0,0,0,4,216,3,39,"14,439",37,Active,370.2307692,6584.72%,6,High Dormancy - Review
1819244154,Mehrima Enterprise,Md. Sazzad Hossain Sojan,Online Payments,ISD,Lite A,1.15%,Pitch/Own Source,#N/A,#N/A,7/31/2026,#N/A,7,0,0,0,N/A,0,0,0,N/A,0,0,0,N/A,0,0,0,N/A,0,0,0,0,0,0,0,0,0,7,"8,085",5,Active,1155,New,6,High Dormancy - Review
1341907713,English Lab,Fahim Kazi,Education,ISD,Lite A,1.15%,Pitch/Own Source,#N/A,#N/A,7/31/2026,#N/A,7,0,0,0,N/A,0,0,0,N/A,0,0,0,N/A,0,0,0,N/A,0,0,0,0,0,0,0,0,0,0,0,0,Zero Transacting,N/A,New,6,High Dormancy - Review
1819221036,INTERNATIONAL TRAVEL CORPORATION LTD.,Talha Yusuf,Travel & Tourism,ISD,M+,1.50%,Pitch/Own Source,#N/A,#N/A,7/31/2026,#N/A,7,0,0,0,N/A,0,0,0,N/A,0,0,0,N/A,0,0,0,N/A,0,0,0,0,0,0,0,0,0,0,0,0,Zero Transacting,N/A,New,6,High Dormancy - Review
1329728697,INTERNATIONAL TRAVEL CORPORATION LTD.,Talha Yusuf,Travel & Tourism,ISD,Lite A,1.15%,Pitch/Own Source,DHAKA,"12-14 Land Mark Gulshan, Uttor Ba/A, Gulshan, Dhaka-1212",8/1/2026,Offline,8,0,0,0,N/A,0,0,0,N/A,0,0,0,N/A,0,0,0,N/A,0,0,0,0,0,0,0,0,0,11,"57,119",10,Active,5192.636364,New,7,High Dormancy - Review
1720636243,Sweet Dreams Trade Limited,Shahriar Shamim,Key Accounts,ISD,MMBO,1.15%,Pitch/Own Source,DHAKA,"Ground Floor, G/A, Showroom No 11, Jamuna Future Park, Vatara, Dhaka-1229, Bangladesh",8/1/2026,Apparel Chain,8,0,0,0,N/A,0,0,0,N/A,0,0,0,N/A,0,0,0,N/A,0,0,0,0,0,0,0,0,0,9,"14,581",8,Active,1620.111111,New,7,High Dormancy - Review
1738411242,BD Talika Dot Com,Md. Meraj Ali Akash,Online Payments,ISD,Lite A,1.15%,Merchant Referral,DHAKA,"House-1405, East Shewrapara, North Kafrul, Mirpur, Dhaka-1216",8/1/2026,E-Commerce,8,0,0,0,N/A,0,0,0,N/A,0,0,0,N/A,0,0,0,N/A,0,0,0,0,0,0,0,0,0,18,"4,070",14,Active,226.1111111,New,6,High Dormancy - Review
1738411242,BD Talika Dot Com,Md. Meraj Ali Akash,Online Payments,ISD,Lite A,1.15%,Merchant Referral,DHAKA,"House-1405, East Shewrapara, North Kafrul, Mirpur, Dhaka-1216",8/1/2026,E-Commerce,8,0,0,0,N/A,0,0,0,N/A,0,0,0,N/A,0,0,0,N/A,0,0,0,0,0,0,0,0,0,18,"4,070",14,Active,226.1111111,New,6,High Dormancy - Review
1781385990,Sweet Dreams Trade Limited,Shahriar Shamim,Key Accounts,ISD,MMBO,1.15%,Pitch/Own Source,DHAKA,"13 No Natok Soroni, Pu-27, Siddessori Circular Road, Dokan-390 3Rd Floor, Ramna, Dhaka-1217",8/1/2026,Apparel Chain,8,0,0,0,N/A,0,0,0,N/A,0,0,0,N/A,0,0,0,N/A,0,0,0,0,0,0,0,0,0,3,"2,502",3,Active,834,New,6,High Dormancy - Review
1845303488,Starlin Enterprise,Md. Ashraful Islam,Key Accounts,ISD,Lite A,1.15%,Pitch/Own Source,DHAKA,"Dokan No 70, 2Nd Floor, Sks Tower, Mohakhali, Cantonment, Dhaka-1206",8/2/2026,Personal Care,8,0,0,0,N/A,0,0,0,N/A,0,0,0,N/A,0,0,0,N/A,0,0,0,0,0,0,0,0,0,53,"130,910",43,Active,2470,New,6,High Dormancy - Review
1552544193,Osmani Medicine Corner,Shahriar Shamim,Key Accounts,ISD,Lite B,1.15%,Merchant Referral,DHAKA,"Bari-01, Road-04, Block New N, Dokkhin Bonosree, Khilgaon, Dhaka-1219",8/2/2026,Pharmacy,8,0,0,0,N/A,0,0,0,N/A,0,0,0,N/A,0,0,0,N/A,0,0,0,0,0,0,0,0,0,29,"40,788",5,Active,1406.482759,New,7,High Dormancy - Review
1798519666,Edulog Global,Fahim Kazi,Online Payments,ISD,M+,2.00%,Pitch/Own Source,DHAKA,"358/3/A, Lift-05, Haji Bhobon, Hatirjheel, Shahjahanpur, Dhaka-1217",8/2/2026,E-Commerce,8,0,0,0,N/A,0,0,0,N/A,0,0,0,N/A,0,0,0,N/A,0,0,0,0,0,0,0,0,0,0,0,0,Zero Transacting,N/A,New,7,High Dormancy - Review
1798519666,Edulog Global,Fahim Kazi,Online Payments,ISD,M+,2.00%,Pitch/Own Source,DHAKA,"358/3/A, Lift-05, Haji Bhobon, Hatirjheel, Shahjahanpur, Dhaka-1217",8/2/2026,E-Commerce,8,0,0,0,N/A,0,0,0,N/A,0,0,0,N/A,0,0,0,N/A,0,0,0,0,0,0,0,0,0,0,0,0,Zero Transacting,N/A,New,6,High Dormancy - Review
1347119989,kadam,Md. Sazzad Hossain Sojan,Online Payments,ISD,Lite A,1.15%,Pitch/Own Source,DHAKA,House 54 Road 10 Block D Mirpur 12 Mirpur Dhaka 1216,8/3/2026,E-Commerce,8,0,0,0,N/A,0,0,0,N/A,0,0,0,N/A,0,0,0,N/A,0,0,0,0,0,0,0,0,0,80,"77,265",73,Active,965.8125,New,6,High Dormancy - Review
1805033044,Dream Sea Edge,Md. Meraj Ali Akash,Online Payments,ISD,Lite A,1.15%,Pitch/Own Source,DHAKA,House 335 Road 6 East Kazipara Mirpur Dhaka 1216,8/3/2026,E-Commerce,8,0,0,0,N/A,0,0,0,N/A,0,0,0,N/A,0,0,0,N/A,0,0,0,0,0,0,0,0,0,15,"19,352",8,Active,1290.133333,New,6,High Dormancy - Review
1805033044,Dream Sea Edge,Md. Meraj Ali Akash,Online Payments,ISD,Lite A,1.15%,Pitch/Own Source,DHAKA,House 335 Road 6 East Kazipara Mirpur Dhaka 1216,8/3/2026,E-Commerce,8,0,0,0,N/A,0,0,0,N/A,0,0,0,N/A,0,0,0,N/A,0,0,0,0,0,0,0,0,0,15,"19,352",8,Active,1290.133333,New,6,High Dormancy - Review
1819244154,Mehrima Enterprise,Md. Sazzad Hossain Sojan,Online Payments,ISD,Lite A,1.15%,Pitch/Own Source,DHAKA,"Bagdad Aftab Tower House No 1/D, Flat No B/02, Nabinagar Housing, Mohammadpur, Dhaka 1207",8/3/2026,E-Commerce,8,0,0,0,N/A,0,0,0,N/A,0,0,0,N/A,0,0,0,N/A,0,0,0,0,0,0,0,0,0,7,"8,085",5,Active,1155,New,6,High Dormancy - Review
1819221036,INTERNATIONAL TRAVEL CORPORATION LTD.,Talha Yusuf,Travel & Tourism,ISD,M+,1.50%,Pitch/Own Source,DHAKA,12-14 Land Mark Gulshan U Ba/A Dhaka Gulshan-1212,8/3/2026,Offline,8,0,0,0,N/A,0,0,0,N/A,0,0,0,N/A,0,0,0,N/A,0,0,0,0,0,0,0,0,0,0,0,0,Zero Transacting,N/A,New,6,High Dormancy - Review
1341907713,ENGLISH LAB,Fahim Kazi,Education Payments,ISD,Lite A,1.15%,Whatsapp Group,DHAKA,1041/3 Purbo Shewrapara Kafrul Mirpur Dhaka-1216,8/3/2026,Coaching Center,8,0,0,0,N/A,0,0,0,N/A,0,0,0,N/A,0,0,0,N/A,0,0,0,0,0,0,0,0,0,0,0,0,Zero Transacting,N/A,New,7,High Dormancy - Review
1337331133,Sell Plus Distribution,Md. Meraj Ali Akash,Key Accounts,ISD,MMBO,1.15%,Pitch/Own Source,DHAKA,"Plot-02, Road-144, Police Plaza Konkord Shopping Mall, 5Th Floor, Dokan-524, 525, Gulshan-1, Dhaka-1212",8/5/2026,Home Appliance,8,0,0,0,N/A,0,0,0,N/A,0,0,0,N/A,0,0,0,N/A,0,0,0,0,0,0,0,0,0,6,"96,701",5,Active,16116.83333,New,6,High Dormancy - Review
1956880340,PULSE CARE PHARMACYPULSE CARE PHARMACY,Shahriar Shamim,Key Accounts,ISD,Lite A,1.15%,Pitch/Own Source,DHAKA,"15/1, Hatkhola Road, Wari, Dhaka-1100",8/5/2026,Pharmacy,8,0,0,0,N/A,0,0,0,N/A,0,0,0,N/A,0,0,0,N/A,0,0,0,0,0,0,0,0,0,22,"16,005",17,Active,727.5,New,6,High Dormancy - Review
1632301333,Pickvi,Md. Ashraful Islam,Online Payments,OSD,Lite A,1.15%,Pitch/Own Source,MYMENSINGH,"Ward No-04, Road/Area/Block-405, Shibbari Road, Holding No-200/1, Area-Godaria, Upazila-Phulpur, Mymensingh-2410",8/5/2026,E-Commerce,8,0,0,0,N/A,0,0,0,N/A,0,0,0,N/A,0,0,0,N/A,0,0,0,0,0,0,0,0,0,54,"10,112",23,Active,187.2592593,New,6,High Dormancy - Review
1672010203,MADARIPUR EXPRESS,Fahim Kazi,Online Payments,OSD,Lite A,1.15%,Whatsapp Group,MADARIPUR,"Kamar Potti Road, Puran Bazar, Madaripur Sadar, Madaripur-7901",8/5/2026,E-Commerce,8,0,0,0,N/A,0,0,0,N/A,0,0,0,N/A,0,0,0,N/A,0,0,0,0,0,0,0,0,0,22,"5,362",13,Active,243.7272727,New,7,High Dormancy - Review
1351748151,CHINIGURA KITCHEN,Fahim Kazi,Key Accounts,ISD,Lite A,1.15%,Whatsapp Group,DHAKA,"1 Tcb Bhaban Ground Floor, 1 Kawran Bazar Dhaka Tejgaon-1215",8/6/2026,Restaurant & Cafe,8,0,0,0,N/A,0,0,0,N/A,0,0,0,N/A,0,0,0,N/A,0,0,0,0,0,0,0,0,0,12,"7,855",10,Active,654.5833333,New,7,High Dormancy - Review
1763363888,Moody Shop BD,Shahriar Shamim,Online Payments,ISD,Lite A,1.15%,CIMT,DHAKA,14/1 Shamoly Sher E Bangla Nagar Dhaka-1207,8/6/2026,E-Commerce,8,0,0,0,N/A,0,0,0,N/A,0,0,0,N/A,0,0,0,N/A,0,0,0,0,0,0,0,0,0,3,"1,002",3,Active,334,New,6,High Dormancy - Review
1337331122,Ringtone Mobile,Md. Meraj Ali Akash,Key Accounts,ISD,MMBO,1.15%,Pitch/Own Source,DHAKA,"Plot 02, Road 144, Police Plaza Concord Shopping Mall 5Th Floor, Shop 501, Gulshan 1, Gulshan Dhaka 1212",8/6/2026,Home Appliance,8,0,0,0,N/A,0,0,0,N/A,0,0,0,N/A,0,0,0,N/A,0,0,0,0,0,0,0,0,0,0,0,0,Zero Transacting,N/A,New,6,High Dormancy - Review
1912176192,Dash,Shahriar Shamim,Online Payments,ISD,Lite A,1.15%,Pitch/Own Source,DHAKA,14/1 Shamoly Sher E Bangla Nagar Dhaka 1207,8/10/2026,E-Commerce,8,0,0,0,N/A,0,0,0,N/A,0,0,0,N/A,0,0,0,N/A,0,0,0,0,0,0,0,0,0,99,"92,583",96,Active,935.1818182,New,6,High Dormancy - Review
1619637736,Wings n Fry,Md. Sazzad Hossain Sojan,Key Accounts,ISD,Lite A,1.15%,Pitch/Own Source,DHAKA,Plot 14 Shop 13/14 Block B Amin Mia Avenue Green City Mohammadpur Dhaka 1207,8/10/2026,Restaurant & Cafe,8,0,0,0,N/A,0,0,0,N/A,0,0,0,N/A,0,0,0,N/A,0,0,0,0,0,0,0,0,0,33,"13,530",31,Active,410,New,6,High Dormancy - Review
1600024341,Bigba,Shahriar Shamim,Online Payments,ISD,Lite A,1.15%,CIMT,DHAKA,38/11 1St Floor Azimpur Road Lalbagh New Market Dhaka 1205,8/10/2026,Gifts and Wearables,8,0,0,0,N/A,0,0,0,N/A,0,0,0,N/A,0,0,0,N/A,0,0,0,0,0,0,0,0,0,4,"1,003",3,Active,250.75,New,6,High Dormancy - Review
1534000325,Prudent Globexim Ltd,Shahriar Shamim,Online Payments,ISD,Lite A,1.15%,Pitch/Own Source,DHAKA,"Plot 7, Road 18/Ka, Rupnagar Commercial Area, Mirpur, Dhaka 1216",8/10/2026,E-Commerce,8,0,0,0,N/A,0,0,0,N/A,0,0,0,N/A,0,0,0,N/A,0,0,0,0,0,0,0,0,0,0,0,0,Zero Transacting,N/A,New,6,High Dormancy - Review
1709389388,Vibes,Md. Meraj Ali Akash,Key Accounts,ISD,MMBO,1.15%,Pitch/Own Source,DHAKA,"Mirpur New Market, Vtcb Tower 3 Main Road, Mirpur-1, Dhaka-1216",8/10/2026,Apparel Chain,8,0,0,0,N/A,0,0,0,N/A,0,0,0,N/A,0,0,0,N/A,0,0,0,0,0,0,0,0,0,0,0,0,Zero Transacting,N/A,New,6,High Dormancy - Review
1845228962,menzoa,Fahim Kazi,Online Payments,ISD,Lite A,1.15%,Pitch/Own Source,Dhaka,"54 Baishteki, Mirpur-13, Dhaka-1216, 54 Baishteki, Mirpur-13, Dhaka-1216, Mirpur TSO - 1216, Kafrul, Dhaka, Dhaka",8/11/2026,0,8,0,0,0,N/A,0,0,0,N/A,0,0,0,N/A,0,0,0,N/A,0,0,0,0,0,0,0,0,0,16,"7,068",14,Active,441.75,New,6,High Dormancy - Review
1749728043,Pretty Little Things (PLT),Md. Meraj Ali Akash,Online Payments,ISD,Lite A,1.15%,Whatsapp Group,DHAKA,"House-46, Road-7, Block-G, Banani, Dhaka-1213",8/11/2026,E-Commerce,8,0,0,0,N/A,0,0,0,N/A,0,0,0,N/A,0,0,0,N/A,0,0,0,0,0,0,0,0,0,5,"4,350",5,Active,870,New,6,High Dormancy - Review
1901932374,Mohsin’s,Shahriar Shamim,Education Payments,ISD,Lite A,1.15%,Pitch/Own Source,DHAKA,"Bari No-12, Road No-3, Pathosala Housing, Shekher Tech, Adabor, Mohammadpur, Dhaka-1207",8/11/2026,Training Institute,8,0,0,0,N/A,0,0,0,N/A,0,0,0,N/A,0,0,0,N/A,0,0,0,0,0,0,0,0,0,5,"4,205",5,Active,841,New,6,High Dormancy - Review
1329708831,Rupkatha Edu World,Shahriar Shamim,Travel & Tourism,ISD,Lite A,1.15%,Merchant Referral,DHAKA,"Plot-11, Sharif Auckland Center, 8Th Floor, Road No-6, Sector-4, Uttara, Dhaka-1230",8/12/2026,0,8,0,0,0,N/A,0,0,0,N/A,0,0,0,N/A,0,0,0,N/A,0,0,0,0,0,0,0,0,0,4,"19,003",4,Active,4750.75,New,6,High Dormancy - Review
1606420833,Overhunt,Md. Meraj Ali Akash,Online Payments,ISD,Lite A,1.15%,Pitch/Own Source,DHAKA,"House-32, Road-2, Block-G, Banasree, Rampura, Dhaka-1219",8/12/2026,0,8,0,0,0,N/A,0,0,0,N/A,0,0,0,N/A,0,0,0,N/A,0,0,0,0,0,0,0,0,0,11,"11,520",10,Active,1047.272727,New,6,High Dormancy - Review
1324717940,Natunatta Boutique and Handicraft,Md. Meraj Ali Akash,Key Accounts,ISD,MMBO,1.15%,CIMT,DHAKA,"4Th Floor, Lily Pond Center, 3Rd Mission Rd, Wari, Dhaka-1203",8/12/2026,0,8,0,0,0,N/A,0,0,0,N/A,0,0,0,N/A,0,0,0,N/A,0,0,0,0,0,0,0,0,0,3,"2,255",3,Active,751.6666667,New,6,High Dormancy - Review
1324717939,Natunatta Boutique and Handicraft,Md. Meraj Ali Akash,Online Payments,ISD,Lite A,1.15%,CIMT,DHAKA,"4Th Floor, Lily Pond Center, 3 Rk Mission Rd, Wari Dhaka-1100",8/12/2026,0,8,0,0,0,N/A,0,0,0,N/A,0,0,0,N/A,0,0,0,N/A,0,0,0,0,0,0,0,0,0,3,"2,055",3,Active,685,New,6,High Dormancy - Review
1938135544,Lamabu,Md. Ashraful Islam,Online Payments,ISD,Lite A,1.15%,CIMT,DHAKA,"531/Samim Sharani, Shewrapara, Mirpur, Dhaka-1216",8/12/2026,0,8,0,0,0,N/A,0,0,0,N/A,0,0,0,N/A,0,0,0,N/A,0,0,0,0,0,0,0,0,0,7,"1,457",4,Active,208.1428571,New,6,High Dormancy - Review
1606379251,headshot lifestyle Salon,Shahriar Shamim,Key Accounts,ISD,Lite B,1.15%,Pitch/Own Source,DHAKA,"House-53, Road-3/A, Ground Floor, Dhanmondi, Dhaka-1205",8/13/2026,0,8,0,0,0,N/A,0,0,0,N/A,0,0,0,N/A,0,0,0,N/A,0,0,0,0,0,0,0,0,0,70,"73,814",58,Active,1054.485714,New,6,High Dormancy - Review
1715596464,Sabina Secret,Md. Sazzad Hossain Sojan,Online Payments,ISD,Lite A,1.15%,CIMT,DHAKA,"Plot-2, Road-144, Shop-435, Level-3, Police Plaza, Concord Gulshan Dhaka-1212",8/13/2026,0,8,0,0,0,N/A,0,0,0,N/A,0,0,0,N/A,0,0,0,N/A,0,0,0,0,0,0,0,0,0,6,"11,515",6,Active,1919.166667,New,6,High Dormancy - Review
1773661652,Derham,Md. Meraj Ali Akash,Online Payments,ISD,Lite A,1.15%,CIMT,DHAKA,House 6 Road 11 Section 11 Lane 11 Pallabi Dhaka 1216,8/13/2026,0,8,0,0,0,N/A,0,0,0,N/A,0,0,0,N/A,0,0,0,N/A,0,0,0,0,0,0,0,0,0,3,"2,050",3,Active,683.3333333,New,6,High Dormancy - Review
1354430166,Let's Roll,Md. Meraj Ali Akash,Online Payments,ISD,Lite A,1.15%,CIMT,DHAKA,House 90 Block B Kalshi Road Mirpur 12 Pallabi Dhaka 1216,8/13/2026,0,8,0,0,0,N/A,0,0,0,N/A,0,0,0,N/A,0,0,0,N/A,0,0,0,0,0,0,0,0,0,4,"1,601",3,Active,400.25,New,6,High Dormancy - Review
1967828384,Dental Imperium,Md. Sazzad Hossain Sojan,Key Accounts,ISD,Lite A,1.15%,Pitch/Own Source,DHAKA,A M Plaza 76 Dit Road Shop No 108 Ground Floor Malibag Ramna Dhaka 1217,8/13/2026,0,8,0,0,0,N/A,0,0,0,N/A,0,0,0,N/A,0,0,0,N/A,0,0,0,0,0,0,0,0,0,3,"1,200",3,Active,400,New,6,High Dormancy - Review
1716091457,Phonix,Fahim Kazi,Key Accounts,ISD,Lite A,1.15%,Pitch/Own Source,#N/A,#N/A,8/17/2026,#N/A,8,0,0,0,N/A,0,0,0,N/A,0,0,0,N/A,0,0,0,N/A,0,0,0,0,0,0,0,0,0,740,"581,805",723,Active,786.222973,New,6,High Dormancy - Review
1313367969,Next Lifestyle,Shahriar Shamim,Online Payments,ISD,Lite A,1.15%,CIMT,#N/A,#N/A,8/17/2026,#N/A,8,0,0,0,N/A,0,0,0,N/A,0,0,0,N/A,0,0,0,N/A,0,0,0,0,0,0,0,0,0,24,"26,564",22,Active,1106.833333,New,6,High Dormancy - Review
1901409813,M/S Ummah Lifestyle and Retail BD,Shahriar Shamim,Key Accounts,ISD,MMBO,1.15%,Pitch/Own Source,#N/A,#N/A,8/17/2026,#N/A,8,0,0,0,N/A,0,0,0,N/A,0,0,0,N/A,0,0,0,N/A,0,0,0,0,0,0,0,0,0,10,"13,522",10,Active,1352.2,New,0,Sudden Reactivation - Review
1958106545,Ultima Environmental Technology Ltd,Shahriar Shamim,Online Payments,ISD,Lite A,1.15%,CIMT,#N/A,#N/A,8/17/2026,#N/A,8,0,0,0,N/A,0,0,0,N/A,0,0,0,N/A,0,0,0,N/A,0,0,0,0,0,0,0,0,0,1,"1,500",1,Amber,1500,New,6,High Dormancy - Review
1796224083,Saint's Eye Limited,Md. Meraj Ali Akash,Key Accounts,ISD,M+,1.15%,Whatsapp Group,#N/A,#N/A,8/17/2026,#N/A,8,0,0,0,N/A,0,0,0,N/A,0,0,0,N/A,0,0,0,N/A,0,0,0,0,0,0,0,0,0,3,"1,200",3,Active,400,New,6,High Dormancy - Review
1901409812,M/S Ummah Lifestyle and Retail BD,Shahriar Shamim,Key Accounts,ISD,MMBO,1.15%,Pitch/Own Source,#N/A,#N/A,8/17/2026,#N/A,8,0,0,0,N/A,0,0,0,N/A,0,0,0,N/A,0,0,0,N/A,0,0,0,0,0,0,0,0,0,3,"1,002",3,Active,334,New,6,High Dormancy - Review
1901409817,M/S Ummah Lifestyle and Retail BD,Shahriar Shamim,Key Accounts,OSD,MMBO,1.15%,Pitch/Own Source,#N/A,#N/A,8/17/2026,#N/A,8,0,0,0,N/A,0,0,0,N/A,0,0,0,N/A,0,0,0,N/A,0,0,0,0,0,0,0,0,0,3,"1,002",3,Active,334,New,6,High Dormancy - Review
1350933630,La Phonie,Fahim Kazi,Key Accounts,ISD,Lite A,1.15%,Pitch/Own Source,#N/A,#N/A,8/18/2026,#N/A,8,0,0,0,N/A,0,0,0,N/A,0,0,0,N/A,0,0,0,N/A,0,0,0,0,0,0,0,0,0,501,"481,436",481,Active,960.9500998,New,6,High Dormancy - Review
1601852829,Mirage perfumes,Md. Meraj Ali Akash,Online Payments,ISD,Lite A,1.15%,Pitch/Own Source,#N/A,#N/A,8/18/2026,#N/A,8,0,0,0,N/A,0,0,0,N/A,0,0,0,N/A,0,0,0,N/A,0,0,0,0,0,0,0,0,0,36,"136,446",30,Active,3790.166667,New,6,High Dormancy - Review
1805214659,Nasreen jamir and asssociates(Jonaki),Md. Sazzad Hossain Sojan,Online Payments,ISD,Lite A,1.15%,Pitch/Own Source,DHAKA,"Center Point, Level 1, Store No 37, Next To Airport, Khilkhet, Dhaka 1229",8/18/2026,Personal Care,8,4,"8,890",4,"2,223",7,"25,510",6,"3,644",5,"9,460",5,"1,892",1,"3,780",1,"3,780",2,"22,320",2,2,"5,950",2,2,"5,400",2,4,"11,130",2,Amber,2782.5,106.11%,6,High Dormancy - Review
1829002244,Bandhon Departmental store,Md. Sazzad Hossain Sojan,Key Accounts,ISD,Lite A,1.15%,Pitch/Own Source,#N/A,#N/A,8/18/2026,#N/A,8,0,0,0,N/A,0,0,0,N/A,0,0,0,N/A,0,0,0,N/A,0,0,0,0,0,0,0,0,0,40,"10,570",20,Active,264.25,New,6,High Dormancy - Review
1829002244,Bandhon Departmental store,Md. Sazzad Hossain Sojan,Key Accounts,ISD,Lite A,1.15%,Pitch/Own Source,#N/A,#N/A,8/18/2026,#N/A,8,0,0,0,N/A,0,0,0,N/A,0,0,0,N/A,0,0,0,N/A,0,0,0,0,0,0,0,0,0,40,"10,570",20,Active,264.25,New,#N/A,#N/A
1751738265,Solver desk,Md. Ashraful Islam,Online Payments,ISD,M+,10.00%,Pitch/Own Source,#N/A,#N/A,8/18/2026,#N/A,8,0,0,0,N/A,0,0,0,N/A,0,0,0,N/A,0,0,0,N/A,0,0,0,0,0,0,0,0,0,47,"8,820",45,Active,187.6595745,New,6,High Dormancy - Review
1750181216,Alpona By Sanjoy,Md. Meraj Ali Akash,Online Payments,ISD,Lite A,1.15%,Pitch/Own Source,#N/A,#N/A,8/18/2026,#N/A,8,0,0,0,N/A,0,0,0,N/A,0,0,0,N/A,0,0,0,N/A,0,0,0,0,0,0,0,0,0,5,"4,250",4,Active,850,New,7,High Dormancy - Review
1339939105,Authentic Essentials,Md. Meraj Ali Akash,Online Payments,ISD,Lite A,1.15%,Whatsapp Group,#N/A,#N/A,8/18/2026,#N/A,8,0,0,0,N/A,0,0,0,N/A,0,0,0,N/A,0,0,0,N/A,0,0,0,0,0,0,0,0,0,3,"1,250",3,Active,416.6666667,New,6,High Dormancy - Review
1869707216,Japanese Language Institute (JLI),Md. Ashraful Islam,Education Payments,ISD,Lite A,1.15%,CIMT,#N/A,#N/A,8/18/2026,#N/A,8,0,0,0,N/A,0,0,0,N/A,0,0,0,N/A,0,0,0,N/A,0,0,0,0,0,0,0,0,0,3,"1,150",3,Active,383.3333333,New,6,High Dormancy - Review
1901025490,M/S Legato Design and Fabrication,Shahriar Shamim,Key Accounts,ISD,Lite A,1.15%,Whatsapp Group,#N/A,#N/A,8/18/2026,#N/A,8,0,0,0,N/A,0,0,0,N/A,0,0,0,N/A,0,0,0,N/A,0,0,0,0,0,0,0,0,0,3,"1,002",3,Active,334,New,6,High Dormancy - Review
1925969380,Auto Smith,Fahim Kazi,Online Payments,ISD,Lite A,1.15%,Pitch/Own Source,#N/A,#N/A,8/18/2026,#N/A,8,0,0,0,N/A,0,0,0,N/A,0,0,0,N/A,0,0,0,N/A,0,0,0,0,0,0,0,0,0,4,"1,000",2,Amber,250,New,6,High Dormancy - Review
1787698268,Smart Living Bangladesh,Md. Ashraful Islam,Online Payments,ISD,Lite A,1.15%,Pitch/Own Source,#N/A,#N/A,8/18/2026,#N/A,8,#N/A,,,#N/A,,,,N/A,,,,N/A,,,,N/A,,,,,,,,,,3,"1,000",3,Active,333.3333333,New,6,High Dormancy - Review
1993333496,Smart Living Bangladesh (kohthaibd),Md. Ashraful Islam,Online Payments,ISD,Lite A,1.15%,Pitch/Own Source,#N/A,#N/A,8/18/2026,#N/A,8,0,0,0,N/A,0,0,0,N/A,0,0,0,N/A,0,0,0,N/A,0,0,0,0,0,0,0,0,0,3,"1,000",3,Active,333.3333333,New,6,High Dormancy - Review
1342500550,House of Classy Brands,Shahriar Shamim,Online Payments,ISD,Lite A,1.15%,Whatsapp Group,#N/A,#N/A,8/18/2026,#N/A,8,0,0,0,N/A,0,0,0,N/A,0,0,0,N/A,0,0,0,N/A,0,0,0,0,0,0,0,0,0,0,0,0,Zero Transacting,N/A,New,6,High Dormancy - Review
1898795843,Innovate,Md. Meraj Ali Akash,Key Accounts,ISD,MMBO,1.15%,Pitch/Own Source,#N/A,#N/A,8/18/2026,#N/A,8,0,0,0,N/A,0,0,0,N/A,0,0,0,N/A,0,0,0,N/A,0,0,0,0,0,0,0,0,0,3,"1,202",3,Active,400.6666667,New,6,High Dormancy - Review
1773035024,Jupiter Global Skill Development Ltd.,Talha Yusuf,Education Payments,ISD,Lite B,1.15%,Merchant Referral,#N/A,#N/A,8/19/2026,#N/A,8,0,0,0,N/A,0,0,0,N/A,0,0,0,N/A,0,0,0,N/A,0,0,0,0,0,0,0,0,0,1,"19,000",1,Amber,19000,New,6,High Dormancy - Review
1346810884,House of Chaiti,Md. Meraj Ali Akash,Key Accounts,ISD,Lite B,1.15%,Pitch/Own Source,#N/A,#N/A,8/19/2026,#N/A,8,0,0,0,N/A,0,0,0,N/A,0,0,0,N/A,0,0,0,N/A,0,0,0,0,0,0,0,0,0,6,"16,371",6,Active,2728.5,New,6,High Dormancy - Review
1911749752,jazak,Fahim Kazi,Key Accounts,ISD,Lite B,1.15%,Merchant Referral,#N/A,#N/A,8/19/2026,#N/A,8,0,0,0,N/A,0,0,0,N/A,0,0,0,N/A,0,0,0,N/A,0,0,0,0,0,0,0,0,0,3,"7,890",1,Amber,2630,New,6,High Dormancy - Review
1337003388,Shaandaar,Talha Yusuf,Online Payments,ISD,Lite A,1.15%,Merchant Referral,#N/A,#N/A,8/20/2026,#N/A,8,0,0,0,N/A,0,0,0,N/A,0,0,0,N/A,0,0,0,N/A,0,0,0,0,0,0,0,0,0,3,"29,908",1,Amber,9969.333333,New,7,High Dormancy - Review
1612995990,Shaandaar,Talha Yusuf,Online Payments,ISD,Lite A,1%,Merchant Referral,#N/A,#N/A,8/20/2026,#N/A,8,0,0,0,N/A,0,0,0,N/A,0,0,0,N/A,0,0,0,N/A,0,0,0,0,0,0,0,0,0,23,"8,190",21,Active,356.0869565,New,7,High Dormancy - Review
1540632982,Bairut Bistro,Md. Sazzad Hossain Sojan,Key Accounts,ISD,Lite A,1.15%,Pitch/Own Source,#N/A,#N/A,8/20/2026,#N/A,8,0,0,0,N/A,0,0,0,N/A,0,0,0,N/A,0,0,0,N/A,0,0,0,0,0,0,0,0,0,3,"1,500",3,Active,500,New,6,High Dormancy - Review
1354431333,Quickbrew Partners,Shahriar Shamim,Key Accounts,ISD,MMBO,1.15%,Pitch/Own Source,#N/A,#N/A,8/20/2026,#N/A,8,0,0,0,N/A,0,0,0,N/A,0,0,0,N/A,0,0,0,N/A,0,0,0,0,0,0,0,0,0,4,"1,002",3,Active,250.5,New,6,High Dormancy - Review
1893917020,Quickbrew Partners,Shahriar Shamim,Key Accounts,ISD,MMBO,1.15%,Pitch/Own Source,#N/A,#N/A,8/20/2026,#N/A,8,0,0,0,N/A,0,0,0,N/A,0,0,0,N/A,0,0,0,N/A,0,0,0,0,0,0,0,0,0,4,"1,002",3,Active,250.5,New,6,High Dormancy - Review
1711659583,Zays,Shahriar Shamim,Online Payments,ISD,Lite A,1.15%,Pitch/Own Source,#N/A,#N/A,8/20/2026,#N/A,8,0,0,0,N/A,0,0,0,N/A,0,0,0,N/A,0,0,0,N/A,0,0,0,0,0,0,0,0,0,3,"1,002",3,Active,334,New,6,High Dormancy - Review
1999422760,Sisters Products,Shahriar Shamim,Key Accounts,ISD,Lite A,1.15%,Pitch/Own Source,#N/A,#N/A,8/20/2026,#N/A,8,0,0,0,N/A,0,0,0,N/A,0,0,0,N/A,0,0,0,N/A,0,0,0,0,0,0,0,0,0,1,100,1,Amber,100,New,6,High Dormancy - Review
1910040048,Z V MART,Talha Yusuf,Online Payments,ISD,Lite A,1.15%,Pitch/Own Source,#N/A,#N/A,8/20/2026,#N/A,8,0,0,0,N/A,0,0,0,N/A,0,0,0,N/A,0,0,0,N/A,0,0,0,0,0,0,0,0,0,0,0,0,Zero Transacting,N/A,New,#N/A,#N/A
1350119091,Three elixir,Talha Yusuf,Key Accounts,ISD,Lite A,1.15%,Pitch/Own Source,#N/A,#N/A,8/20/2026,#N/A,8,0,0,0,N/A,0,0,0,N/A,0,0,0,N/A,0,0,0,N/A,0,0,0,0,0,0,0,0,0,0,0,0,Zero Transacting,N/A,New,#N/A,#N/A
1303460016,EDUUP,Talha Yusuf,Travel & Tourism,ISD,Lite A,1.15%,CIMT,#N/A,#N/A,8/21/2026,#N/A,8,0,0,0,N/A,0,0,0,N/A,0,0,0,N/A,0,0,0,N/A,0,0,0,0,0,0,0,0,0,15,"3,340",14,Active,222.6666667,New,#N/A,#N/A
1410614063,Habitrain,Talha Yusuf,Online Payments,ISD,Lite A,10.00%,CIMT,#N/A,#N/A,8/21/2026,#N/A,8,0,0,0,N/A,0,0,0,N/A,0,0,0,N/A,0,0,0,N/A,0,0,0,0,0,0,0,0,0,4,"1,300",3,Active,325,New,#N/A,#N/A
1711885639,Ben Nevis BD,Shahriar Shamim,Online Payments,ISD,Lite A,1.15%,Pitch/Own Source,#N/A,#N/A,8/21/2026,#N/A,8,0,0,0,N/A,0,0,0,N/A,0,0,0,N/A,0,0,0,N/A,0,0,0,0,0,0,0,0,0,3,"1,002",3,Active,334,New,#N/A,#N/A
1814117344,Falcon Trip,Md. Ashraful Islam,Travel & Tourism,ISD,Lite A,1.15%,CIMT,#N/A,#N/A,8/21/2026,#N/A,8,0,0,0,N/A,0,0,0,N/A,0,0,0,N/A,0,0,0,N/A,0,0,0,0,0,0,0,0,0,1,50,1,Amber,50,New,#N/A,#N/A
1825008553,The Safeworks (Ginni Tehari),Md. Meraj Ali Akash,Key Accounts,ISD,MMBO,1.15%,Pitch/Own Source,#N/A,#N/A,8/21/2026,#N/A,8,0,0,0,N/A,0,0,0,N/A,0,0,0,N/A,0,0,0,N/A,0,0,0,0,0,0,0,0,0,3,"1,000",2,Amber,333.3333333,New,#N/A,#N/A
1332561386,Ghorer bazar,Md. Sazzad Hossain Sojan,Key Accounts,ISD,MMBO,1.15%,Merchant Referral,#N/A,#N/A,8/23/2026,#N/A,8,#N/A,,,#N/A,,,,N/A,,,,N/A,,,,N/A,,,,,,,,,,36,"28,930",36,Active,803.6111111,New,#N/A,#N/A
1341736946,Zadwah,Md. Ashraful Islam,Online Payments,ISD,Lite A,1.15%,CIMT,#N/A,#N/A,8/23/2026,#N/A,8,#N/A,,,#N/A,,,,N/A,,,,N/A,,,,N/A,,,,,,,,,,15,"12,597",13,Active,839.8,New,#N/A,#N/A
1606587946,M/S MSA Ventures,Shahriar Shamim,Online Payments,ISD,Lite A,1.15%,Pitch/Own Source,#N/A,#N/A,8/23/2026,#N/A,8,#N/A,,,#N/A,,,,N/A,,,,N/A,,,,N/A,,,,,,,,,,4,"4,502",3,Active,1125.5,New,#N/A,#N/A
1352173420,DK GADGET'S HUB,Talha Yusuf,Online Payments,ISD,Lite A,1.15%,CIMT,#N/A,#N/A,8/23/2026,#N/A,8,#N/A,,,#N/A,,,,N/A,,,,N/A,,,,N/A,,,,,,,,,,14,"5,410",11,Active,386.4285714,New,#N/A,#N/A
1704986972,Toymoy,Md. Meraj Ali Akash,Key Accounts,ISD,MMBO,1.15%,Pitch/Own Source,#N/A,#N/A,8/23/2026,#N/A,8,#N/A,,,#N/A,,,,N/A,,,,N/A,,,,N/A,,,,,,,,,,6,"6,370",6,Active,1061.666667,New,0,Sudden Reactivation - Review
1841978901,Pizeon Luxury Linens,Md. Sazzad Hossain Sojan,Online Payments,ISD,Lite A,1.15%,Pitch/Own Source,#N/A,#N/A,8/23/2026,#N/A,8,#N/A,,,#N/A,,,,N/A,,,,N/A,,,,N/A,,,,,,,,,,3,"1,500",3,Active,500,New,#N/A,#N/A
1341125980,Tarunika,Md. Ashraful Islam,Online Payments,OSD,Lite A,1.15%,Pitch/Own Source,#N/A,#N/A,8/23/2026,#N/A,8,#N/A,,,#N/A,,,,N/A,,,,N/A,,,,N/A,,,,,,,,,,3,"1,320",3,Active,440,New,#N/A,#N/A
1963187530,Shahedin Academy,Md. Ashraful Islam,Online Payments,ISD,M+,2.00%,Whatsapp Group,#N/A,#N/A,8/23/2026,#N/A,8,#N/A,,,#N/A,,,,N/A,,,,N/A,,,,N/A,,,,,,,,,,3,"1,050",3,Active,350,New,#N/A,#N/A
1963187530,Shahedin Academy,Md. Ashraful Islam,Online Payments,ISD,M+,2.00%,Whatsapp Group,#N/A,#N/A,8/23/2026,#N/A,8,#N/A,,,#N/A,,,,N/A,,,,N/A,,,,N/A,,,,,,,,,,3,"1,050",3,Active,350,New,#N/A,#N/A
1335134998,Winpro Tech Limited,Md. Meraj Ali Akash,Key Accounts,ISD,M+,1.50%,Whatsapp Group,#N/A,#N/A,8/23/2026,#N/A,8,#N/A,,,#N/A,,,,N/A,,,,N/A,,,,N/A,,,,,,,,,,365,"1,367,625",335,Active,3746.917808,New,#N/A,#N/A
1806156736,The mehwish store,Talha Yusuf,Online Payments,ISD,Lite A,1.15%,Pitch/Own Source,#N/A,#N/A,8/23/2026,#N/A,8,#N/A,,,#N/A,,,,N/A,,,,N/A,,,,N/A,,,,,,,,,,1,1,1,Amber,1,New,#N/A,#N/A
1944526390,Asahi Bangla Auto,Md. Meraj Ali Akash,Key Accounts,ISD,MMBO,1.15%,Pitch/Own Source,DHAKA,"Shanti Niketon Entry Road, 228/C, Tejgaon I/A, Dhaka-1028",8/25/2026,Service Center,8,20,"114,850",19,"5,743",11,"117,800",10,"10,709",14,"131,951",13,"9,425",11,"106,340",10,"9,667",17,"119,400",16,13,"66,300",13,0,0,0,3,"26,601",3,Active,8867,New,#N/A,#N/A
1581076167,Toymoy,Md. Meraj Ali Akash,Online Payments,ISD,Lite A,1.15%,Pitch/Own Source,#N/A,#N/A,8/25/2026,#N/A,8,#N/A,,,#N/A,,,,N/A,,,,N/A,,,,N/A,,,,,,,,,,6,"3,020",6,Active,503.3333333,New,#N/A,#N/A
1352352866,1688 digital trade,Md. Sazzad Hossain Sojan,Online Payments,ISD,Lite A,1.15%,CIMT,#N/A,#N/A,8/25/2026,#N/A,8,#N/A,,,#N/A,,,,N/A,,,,N/A,,,,N/A,,,,,,,,,,4,"1,985",4,Active,496.25,New,#N/A,#N/A
1886779539,Pampered Parlour,Md. Sazzad Hossain Sojan,Online Payments,ISD,Lite A,1.15%,Pitch/Own Source,#N/A,#N/A,8/25/2026,#N/A,8,#N/A,,,#N/A,,,,N/A,,,,N/A,,,,N/A,,,,,,,,,,4,"1,502",3,Active,375.5,New,#N/A,#N/A
1748389082,Tashrif,Md. Meraj Ali Akash,Online Payments,ISD,Lite A,1.15%,Pitch/Own Source,#N/A,#N/A,8/25/2026,#N/A,8,#N/A,,,#N/A,,,,N/A,,,,N/A,,,,N/A,,,,,,,,,,9,"3,115",6,Active,346.1111111,New,#N/A,#N/A
1805020039,Vittorio Lusso,Shahriar Shamim,Online Payments,ISD,Lite A,1.15%,Pitch/Own Source,#N/A,#N/A,8/25/2026,#N/A,8,#N/A,,,#N/A,,,,N/A,,,,N/A,,,,N/A,,,,,,,,,,3,"1,002",3,Active,334,New,#N/A,#N/A
1805563550,Beein,Shahriar Shamim,Key Accounts,OSD,MMBO,1.15%,Pitch/Own Source,#N/A,#N/A,8/25/2026,#N/A,8,#N/A,,,#N/A,,,,N/A,,,,N/A,,,,N/A,,,,,,,,,,3,"1,002",3,Active,334,New,#N/A,#N/A
1712812345,Beein,Shahriar Shamim,Key Accounts,OSD,MMBO,1.15%,Pitch/Own Source,#N/A,#N/A,8/25/2026,#N/A,8,#N/A,,,#N/A,,,,N/A,,,,N/A,,,,N/A,,,,,,,,,,3,"1,002",3,Active,334,New,#N/A,#N/A
1794645340,A J Pharma and Departmental store,Md. Sazzad Hossain Sojan,Key Accounts,ISD,Lite A,1.15%,Pitch/Own Source,#N/A,#N/A,8/25/2026,#N/A,8,#N/A,,,#N/A,,,,N/A,,,,N/A,,,,N/A,,,,,,,,,,3,"1,000",3,Active,333.3333333,New,#N/A,#N/A
1805563551,Beein,Shahriar Shamim,Key Accounts,OSD,MMBO,1.15%,Pitch/Own Source,#N/A,#N/A,8/25/2026,#N/A,8,#N/A,,,#N/A,,,,N/A,,,,N/A,,,,N/A,,,,,,,,,,3,"1,002",3,Active,334,New,#N/A,#N/A
1805563552,Beein,Shahriar Shamim,Key Accounts,OSD,MMBO,1.15%,Pitch/Own Source,#N/A,#N/A,8/25/2026,#N/A,8,#N/A,,,#N/A,,,,N/A,,,,N/A,,,,N/A,,,,,,,,,,3,"1,002",3,Active,334,New,#N/A,#N/A
1805563553,Beein,Shahriar Shamim,Key Accounts,OSD,MMBO,1.15%,Pitch/Own Source,#N/A,#N/A,8/25/2026,#N/A,8,#N/A,,,#N/A,,,,N/A,,,,N/A,,,,N/A,,,,,,,,,,3,"1,002",3,Active,334,New,#N/A,#N/A
1805563596,Beein,Shahriar Shamim,Key Accounts,OSD,MMBO,1.15%,Pitch/Own Source,#N/A,#N/A,8/25/2026,#N/A,8,#N/A,,,#N/A,,,,N/A,,,,N/A,,,,N/A,,,,,,,,,,3,"1,002",3,Active,334,New,#N/A,#N/A
1805563597,Beein,Shahriar Shamim,Key Accounts,OSD,MMBO,1.15%,Pitch/Own Source,#N/A,#N/A,8/25/2026,#N/A,8,#N/A,,,#N/A,,,,N/A,,,,N/A,,,,N/A,,,,,,,,,,3,"1,002",3,Active,334,New,#N/A,#N/A
1805563598,Beein,Shahriar Shamim,Key Accounts,OSD,MMBO,1.15%,Pitch/Own Source,#N/A,#N/A,8/25/2026,#N/A,8,#N/A,,,#N/A,,,,N/A,,,,N/A,,,,N/A,,,,,,,,,,3,"1,002",3,Active,334,New,#N/A,#N/A
1805563599,Beein,Shahriar Shamim,Key Accounts,OSD,MMBO,1.15%,Pitch/Own Source,#N/A,#N/A,8/25/2026,#N/A,8,#N/A,,,#N/A,,,,N/A,,,,N/A,,,,N/A,,,,,,,,,,3,"1,002",3,Active,334,New,#N/A,#N/A
1805563600,Beein,Shahriar Shamim,Key Accounts,OSD,MMBO,1.15%,Pitch/Own Source,#N/A,#N/A,8/25/2026,#N/A,8,#N/A,,,#N/A,,,,N/A,,,,N/A,,,,N/A,,,,,,,,,,3,"1,002",3,Active,334,New,#N/A,#N/A
1875006070,RAVARI,Talha Yusuf,Online Payments,ISD,Lite A,1.15%,Whatsapp Group,#N/A,#N/A,8/25/2026,#N/A,8,#N/A,,,#N/A,,,,N/A,,,,N/A,,,,N/A,,,,,,,,,,1,10,1,Amber,10,New,#N/A,#N/A
1335199652,IMPERIAL PRIVATE HEALTH CARE (BD) LTD.,Talha Yusuf,Key Accounts,ISD,Lite A,1.15%,Pitch/Own Source,#N/A,#N/A,8/25/2026,#N/A,8,#N/A,,,#N/A,,,,N/A,,,,N/A,,,,N/A,,,,,,,,,,0,0,0,Zero Transacting,N/A,New,6,High Dormancy - Review
1410074056,Theoutfit,Talha Yusuf,Online Payments,ISD,Lite A,1.15%,CIMT,#N/A,#N/A,8/25/2026,#N/A,8,#N/A,,,#N/A,,,,N/A,,,,N/A,,,,N/A,,,,,,,,,,0,0,0,Zero Transacting,N/A,New,6,High Dormancy - Review
1324717308,Shopnonibash Assets Ltd,Fahim Kazi,Key Accounts,ISD,Lite A,1.15%,Pitch/Own Source,#N/A,#N/A,8/25/2026,#N/A,8,#N/A,,,#N/A,,,,N/A,,,,N/A,,,,N/A,,,,,,,,,,0,0,0,Zero Transacting,N/A,New,6,High Dormancy - Review
1896065943,KAHF Bangladesh Limited,Md. Meraj Ali Akash,Online Payments,ISD,M+,2.00%,Merchant Referral,#N/A,#N/A,8/27/2026,#N/A,8,#N/A,,,#N/A,,,,N/A,,,,N/A,,,,N/A,,,,,,,,,,3,"3,600",3,Active,1200,New,6,High Dormancy - Review
1841994167,Unico mart,Md. Sazzad Hossain Sojan,Online Payments,OSD,Lite A,1.15%,CIMT,#N/A,#N/A,8/27/2026,#N/A,8,#N/A,,,#N/A,,,,N/A,,,,N/A,,,,N/A,,,,,,,,,,3,"3,250",3,Active,1083.333333,New,6,High Dormancy - Review
1958094515,CAMPUS UAC,Md. Sazzad Hossain Sojan,Education Payments,ISD,Lite A,1.15%,Pitch/Own Source,#N/A,#N/A,8/27/2026,#N/A,8,#N/A,,,#N/A,,,,N/A,,,,N/A,,,,N/A,,,,,,,,,,0,0,0,Zero Transacting,N/A,New,6,High Dormancy - Review
1325274461,Herblife Nutrition Limited,Md. Meraj Ali Akash,Key Accounts,ISD,MMBO,1.15%,Merchant Referral,#N/A,#N/A,8/27/2026,#N/A,8,#N/A,,,#N/A,,,,N/A,,,,N/A,,,,N/A,,,,,,,,,,0,0,0,Zero Transacting,N/A,New,7,High Dormancy - Review
1351942725,fibonacci bookshop,Md. Sazzad Hossain Sojan,Online Payments,ISD,Lite A,1.15%,Pitch/Own Source,,,8/30/2026,,8,,,,N/A,,,,N/A,,,,N/A,,,,N/A,,,,,,,,,,2,443,2,Amber,221.5,New,7,High Dormancy - Review
1713356137,M/S Sajid Traders,Md. Sazzad Hossain Sojan,Travel & Tourism,ISD,Lite A,1.15%,Merchant Referral,,,8/30/2026,,8,,,,N/A,,,,N/A,,,,N/A,,,,N/A,,,,,,,,,,3,"1,000",3,Active,333.3333333,New,7,High Dormancy - Review
1319723340,M/S Ujan,Md. Sazzad Hossain Sojan,Key Accounts,ISD,Lite A,1.15%,Pitch/Own Source,,,8/30/2026,,8,,,,N/A,,,,N/A,,,,N/A,,,,N/A,,,,,,,,,,3,"1,005",3,Active,335,New,6,High Dormancy - Review
1577351203,M/S Ujan,Md. Sazzad Hossain Sojan,Online Payments,ISD,Lite A,1.15%,Pitch/Own Source,,,8/30/2026,,8,,,,N/A,,,,N/A,,,,N/A,,,,N/A,,,,,,,,,,3,"1,005",3,Active,335,New,7,High Dormancy - Review
1718947248,Ideal Dakhil Madrasah,Shahriar Shamim,Education Payments,OSD,Lite A,1.15%,Pitch/Own Source,,,8/31/2026,,8,,,,N/A,,,,N/A,,,,N/A,,,,N/A,,,,,,,,,,1,500,1,Amber,500,New,7,High Dormancy - Review
1875006070,RAVARI,Talha Yusuf,Online Payments,ISD,Lite A,1.15%,Whatsapp Group,,,8/31/2026,,8,,,,N/A,,,,N/A,,,,N/A,,,,N/A,,,,,,,,,,1,10,1,Amber,10,New,7,High Dormancy - Review
1354841920,Cosmetics Point,Md. Ashraful Islam,Online Payments,ISD,Lite A,1.15%,CIMT,,,8/31/2026,,8,,,,N/A,,,,N/A,,,,N/A,,,,N/A,,,,,,,,,,0,0,0,Zero Transacting,N/A,New,7,High Dormancy - Review
1886232643,Beanie,Md. Ashraful Islam,Online Payments,OSD,Lite A,1.15%,Pitch/Own Source,,,8/31/2026,,8,,,,N/A,,,,N/A,,,,N/A,,,,N/A,,,,,,,,,,0,0,0,Zero Transacting,N/A,New,7,High Dormancy - Review
1700713781,B.J.BED CO LTD (ALLORA),Md. Sazzad Hossain Sojan,Online Payments,ISD,Lite A,1.15%,Pitch/Own Source,,,8/31/2026,,8,,,,N/A,,,,N/A,,,,N/A,,,,N/A,,,,,,,,,,0,0,0,Zero Transacting,N/A,New,7,High Dormancy - Review
1703939221,pustok ptokashon,Md. Sazzad Hossain Sojan,Online Payments,ISD,Lite A,1.29%,Pitch/Own Source,DHAKA,"606/1, Kafrul Dhaka Cantonment, Dhaka 1206",30/06/2026,E-Commerce,6,0,0,0,N/A,0,0,0,N/A,0,0,0,N/A,0,0,0,N/A,0,0,0,0,0,0,4,216,3,39,"14,439",37,Active,370.2307692,6584.72%,7,High Dormancy - Review
,,,,,,,,,,,,,,,,,,,,,,,,,,,,,,,,,,,,,,,,,,,,,
,,,,,,,,,,,,,,,,,,,,,,,,,,,,,,,,,,,,,,,,,,,,,
,,,,,,,,,,,,,,,,,,,,,,,,,,,,,,,,,,,,,,,,,,,,,
,,,,,,z,,,,,,,,,,,,,,,,,,,,,,,,,,,,,,,,,,,,,,,